# Optimized Wet Cloth Model for JohAR Mobile AR
# Vertices: 2958, Faces: 4200
v -0.09578 0.11279 0.09887
v -0.11062 0.12404 0.06039
v -0.09541 0.10207 0.06963
v -0.10966 0.12588 0.05246
v -0.11194 0.13704 0.05807
v -0.11313 0.13858 0.06855
v -0.10375 0.11171 0.06969
v -0.09488 0.12426 0.07324
v -0.10232 0.13913 0.07254
v -0.11540 0.15540 0.07011
v -0.10820 0.15494 0.08233
v -0.10991 0.13608 0.08331
v -0.09824 0.15389 0.09253
v -0.07068 0.16642 0.12310
v -0.11648 0.18751 0.06487
v -0.11723 0.17974 0.09062
v -0.12354 0.16790 0.08531
v -0.10300 0.17425 0.09775
v -0.09127 0.18583 0.09867
v -0.08655 0.16771 0.10713
v -0.10058 0.13371 0.09749
v -0.09222 0.14592 0.10691
v -0.07888 0.18421 0.10846
v -0.06450 0.18379 0.11885
v -0.08177 0.16405 0.11701
v -0.06166 0.18026 0.13390
v -0.06479 0.19849 0.13665
v -0.13919 0.16750 0.06173
v -0.13153 0.16971 0.08132
v -0.10370 0.11468 0.07826
v -0.12905 0.13592 0.06572
v -0.10238 0.11984 0.09124
v -0.10093 0.07659 0.03471
v -0.10075 0.07577 0.03534
v -0.10070 0.07533 0.03568
v -0.10347 0.07525 0.03571
v -0.10333 0.07467 0.03617
v -0.10057 0.07471 0.03617
v -0.09982 0.07538 0.03644
v -0.09985 0.07366 0.03740
v -0.09933 0.07269 0.03860
v -0.09993 0.07347 0.03741
v -0.09918 0.07230 0.03895
v -0.10333 0.07394 0.03673
v -0.10406 0.07453 0.03828
v -0.10369 0.07300 0.03745
v -0.10504 0.07281 0.03854
v -0.10664 0.07360 0.03999
v -0.10763 0.07317 0.04095
v -0.09893 0.07166 0.03957
v -0.09861 0.07089 0.04040
v -0.09807 0.07032 0.04138
v -0.09717 0.06980 0.04261
v -0.10996 0.07282 0.04119
v -0.10826 0.07288 0.04117
v -0.10905 0.07356 0.04241
v -0.11027 0.07313 0.04187
v -0.11444 0.07371 0.04387
v -0.10831 0.07357 0.04197
v -0.11221 0.07287 0.04204
v -0.10583 0.07578 0.04637
v -0.11390 0.07410 0.04778
v -0.11490 0.07337 0.04710
v -0.11553 0.07302 0.04727
v -0.11727 0.07305 0.04658
v -0.11385 0.07401 0.04815
v -0.11359 0.07456 0.04954
v -0.11356 0.07511 0.05069
v -0.11680 0.07345 0.04890
v -0.11780 0.07353 0.04884
v -0.11677 0.07401 0.04982
v -0.11657 0.07416 0.05023
v -0.09627 0.06925 0.04369
v -0.09561 0.06884 0.04454
v -0.09523 0.06850 0.04529
v -0.09511 0.06808 0.04587
v -0.09880 0.08331 0.05265
v -0.09387 0.08301 0.06457
v -0.11497 0.07512 0.05138
v -0.11417 0.07518 0.05131
v -0.11574 0.07452 0.05076
v -0.10578 0.08958 0.06931
v -0.13962 0.14610 0.01238
v -0.12507 0.13226 0.02743
v -0.09812 0.07856 0.03722
v -0.19374 0.16432 -0.03418
v -0.19359 0.16523 -0.03479
v -0.19373 0.16360 -0.03365
v -0.19355 0.16282 -0.03305
v -0.19309 0.16199 -0.03240
v -0.19260 0.16145 -0.03199
v -0.19207 0.16102 -0.03164
v -0.19169 0.16075 -0.03131
v -0.19171 0.16074 -0.03101
v -0.19202 0.16043 -0.03069
v -0.19223 0.16004 -0.03044
v -0.19246 0.15894 -0.02989
v -0.19255 0.15876 -0.02968
v -0.19243 0.15834 -0.02920
v -0.19619 0.16353 -0.03011
v -0.19212 0.15798 -0.02880
v -0.19128 0.15724 -0.02865
v -0.19100 0.15692 -0.02839
v -0.19099 0.15647 -0.02807
v -0.19122 0.15580 -0.02758
v -0.19150 0.15496 -0.02695
v -0.19177 0.15396 -0.02618
v -0.19219 0.15274 -0.02520
v -0.19277 0.15130 -0.02401
v -0.19330 0.14979 -0.02279
v -0.19917 0.15960 -0.02347
v -0.19409 0.14672 -0.02032
v -0.19371 0.14830 -0.02158
v -0.19484 0.14352 -0.01790
v -0.19442 0.14511 -0.01914
v -0.19535 0.14199 -0.01648
v -0.19578 0.14047 -0.01524
v -0.19616 0.13905 -0.01438
v -0.19661 0.13781 -0.01362
v -0.19705 0.13681 -0.01291
v -0.19740 0.13601 -0.01215
v -0.20000 0.14484 -0.00700
v -0.17400 0.14733 -0.00631
v -0.15693 0.15233 -0.00245
v -0.19768 0.13538 -0.01125
v -0.19772 0.13473 -0.01039
v -0.19752 0.13388 -0.00968
v -0.19687 0.13262 -0.00909
v -0.19559 0.13105 -0.00824
v -0.19416 0.12964 -0.00731
v -0.19291 0.12856 -0.00653
v -0.18129 0.12452 0.00544
v -0.19096 0.12699 -0.00533
v -0.19186 0.12771 -0.00589
v -0.19012 0.12633 -0.00482
v -0.18922 0.12564 -0.00428
v -0.18820 0.12481 -0.00362
v -0.18560 0.12286 -0.00197
v -0.18456 0.12210 -0.00108
v -0.18460 0.12238 -0.00098
v -0.18711 0.12395 -0.00291
v -0.18612 0.12320 -0.00229
v -0.18507 0.13837 0.00573
v -0.19268 0.13608 -0.00442
v -0.18102 0.13676 -0.00188
v -0.17138 0.16531 0.00460
v -0.09714 0.07954 0.04256
v -0.15217 0.15895 0.00207
v -0.15408 0.14708 0.01133
v -0.18439 0.12086 -0.00052
v -0.18440 0.12000 0.00014
v -0.18382 0.11832 0.00145
v -0.18361 0.11752 0.00206
v -0.18374 0.11717 0.00234
v -0.18399 0.11731 0.00300
v -0.18416 0.11683 0.00305
v -0.18411 0.11656 0.00280
v -0.18478 0.11631 0.00299
v -0.18522 0.11579 0.00338
v -0.18592 0.11487 0.00479
v -0.17888 0.10720 0.01010
v -0.18728 0.11217 0.01399
v -0.18110 0.10911 0.00925
v -0.17860 0.10581 0.01117
v -0.17388 0.14055 0.01730
v -0.15992 0.15547 0.01685
v -0.15873 0.16429 0.01767
v -0.16813 0.16734 0.01853
v -0.15094 0.14619 0.02540
v -0.14391 0.15158 0.03287
v -0.15549 0.13813 0.03840
v -0.18135 0.12599 0.03187
v -0.15704 0.12613 0.03691
v -0.14897 0.12398 0.03047
v -0.14461 0.12791 0.04050
v -0.14047 0.13728 0.03705
v -0.13172 0.13250 0.04596
v -0.13655 0.12221 0.04101
v -0.16777 0.12005 0.03793
v -0.15712 0.11369 0.03561
v -0.16314 0.10489 0.05101
v -0.16284 0.12451 0.05258
v -0.17192 0.11451 0.04306
v -0.18711 0.11609 0.00674
v -0.18577 0.11323 0.00536
v -0.18590 0.11452 0.00436
v -0.18557 0.11195 0.00635
v -0.18526 0.11073 0.00729
v -0.18446 0.10978 0.00804
v -0.18311 0.10910 0.00858
v -0.17838 0.10470 0.01204
v -0.17703 0.10265 0.01363
v -0.17563 0.10063 0.01522
v -0.17464 0.09839 0.01696
v -0.17410 0.09627 0.01860
v -0.17399 0.09597 0.01884
v -0.17416 0.09450 0.01997
v -0.17460 0.09358 0.02068
v -0.17457 0.09290 0.02120
v -0.17709 0.09883 0.02015
v -0.18303 0.10210 0.02713
v -0.17432 0.09234 0.02163
v -0.17455 0.09054 0.02303
v -0.17524 0.08926 0.02400
v -0.17596 0.08802 0.02495
v -0.17608 0.08658 0.02607
v -0.17623 0.08512 0.02719
v -0.17644 0.08443 0.02772
v -0.17673 0.08392 0.02903
v -0.17686 0.08284 0.02895
v -0.17722 0.08221 0.02942
v -0.17771 0.08162 0.02988
v -0.17798 0.08103 0.03033
v -0.17817 0.08108 0.03120
v -0.17799 0.08027 0.03138
v -0.17807 0.08079 0.03143
v -0.17799 0.08466 0.03549
v -0.18494 0.09091 0.03488
v -0.19007 0.10480 0.02657
v -0.17949 0.11485 0.04302
v -0.18017 0.09450 0.04775
v -0.15358 0.07615 0.03440
v -0.15274 0.07580 0.03468
v -0.15184 0.07503 0.03529
v -0.15108 0.07412 0.03600
v -0.15053 0.07334 0.03661
v -0.15013 0.07264 0.03716
v -0.12789 0.08144 0.03354
v -0.12460 0.07626 0.03542
v -0.12453 0.07516 0.03552
v -0.12499 0.07538 0.03535
v -0.10262 0.07846 0.03324
v -0.10319 0.07867 0.03307
v -0.10397 0.07856 0.03315
v -0.10451 0.07828 0.03362
v -0.10446 0.07749 0.03397
v -0.10441 0.07804 0.03355
v -0.10204 0.07808 0.03354
v -0.10169 0.07757 0.03394
v -0.10166 0.08012 0.03318
v -0.10167 0.07739 0.03408
v -0.10158 0.07731 0.03420
v -0.10138 0.07710 0.03443
v -0.10427 0.07621 0.03496
v -0.10578 0.07830 0.03665
v -0.12450 0.07480 0.03580
v -0.11909 0.07402 0.03958
v -0.11807 0.07389 0.03977
v -0.12202 0.07317 0.03931
v -0.11946 0.07390 0.03946
v -0.12076 0.07341 0.03933
v -0.12062 0.07312 0.03949
v -0.11537 0.07396 0.04026
v -0.11411 0.07337 0.04056
v -0.11373 0.07376 0.04061
v -0.11307 0.07315 0.04186
v -0.11598 0.07382 0.04017
v -0.11689 0.07354 0.04000
v -0.12030 0.07607 0.03960
v -0.11904 0.07337 0.04741
v -0.10979 0.09169 0.03995
v -0.12987 0.10187 0.04085
v -0.11270 0.08204 0.05723
v -0.13502 0.07812 0.03960
v -0.12594 0.07442 0.03608
v -0.12731 0.07479 0.03706
v -0.12636 0.07341 0.03756
v -0.13166 0.07233 0.04006
v -0.13314 0.07208 0.04085
v -0.13550 0.07238 0.04170
v -0.14994 0.07190 0.03774
v -0.14749 0.07095 0.04196
v -0.14684 0.07577 0.04208
v -0.14687 0.07125 0.04254
v -0.14036 0.07457 0.04206
v -0.13657 0.07168 0.04288
v -0.13644 0.07154 0.04290
v -0.13782 0.07163 0.04352
v -0.13802 0.07160 0.04366
v -0.13858 0.07149 0.04382
v -0.13915 0.07144 0.04389
v -0.13981 0.07151 0.04406
v -0.14067 0.07159 0.04424
v -0.14396 0.07113 0.04357
v -0.14287 0.07113 0.04386
v -0.14601 0.07122 0.04307
v -0.14504 0.07114 0.04335
v -0.14174 0.07134 0.04417
v -0.15312 0.07911 0.03667
v -0.12593 0.07441 0.03608
v -0.12634 0.07253 0.03908
v -0.12762 0.07290 0.03874
v -0.12541 0.07223 0.03921
v -0.12360 0.07290 0.03879
v -0.12970 0.07206 0.03965
v -0.14229 0.07315 0.05106
v -0.11881 0.07283 0.04506
v -0.13438 0.08361 0.05377
v -0.12470 0.07583 0.05496
v -0.14383 0.11768 0.04046
v -0.13285 0.11560 0.04515
v -0.12020 0.10829 0.03781
v -0.12122 0.11674 0.04263
v -0.12043 0.11350 0.05234
v -0.13341 0.10671 0.04158
v -0.12435 0.12398 0.05224
v -0.14002 0.09474 0.04616
v -0.13575 0.11323 0.05695
v -0.14794 0.11696 0.05361
v -0.11051 0.10040 0.05181
v -0.10740 0.10771 0.05411
v -0.11498 0.09943 0.04463
v -0.12937 0.10651 0.05801
v -0.13611 0.10293 0.05882
v -0.16067 0.07757 0.03321
v -0.16212 0.07763 0.03315
v -0.16337 0.07727 0.03343
v -0.16433 0.07649 0.03406
v -0.16497 0.07550 0.03495
v -0.17812 0.07928 0.03168
v -0.17800 0.08001 0.03112
v -0.17844 0.07843 0.03233
v -0.17849 0.07770 0.03289
v -0.17842 0.07737 0.03315
v -0.17840 0.07697 0.03391
v -0.17837 0.07638 0.03391
v -0.17851 0.07562 0.03450
v -0.17820 0.07397 0.03578
v -0.17925 0.07824 0.03641
v -0.17810 0.07342 0.03621
v -0.17817 0.07395 0.03626
v -0.17842 0.07263 0.03681
v -0.16028 0.07962 0.03833
v -0.15942 0.07720 0.03352
v -0.15835 0.07672 0.03390
v -0.15678 0.07608 0.03441
v -0.15748 0.07631 0.03423
v -0.15419 0.07617 0.03437
v -0.15470 0.07609 0.03443
v -0.15531 0.07598 0.03451
v -0.15605 0.07594 0.03453
v -0.16539 0.07421 0.03626
v -0.16551 0.07279 0.03792
v -0.16590 0.07098 0.03875
v -0.16616 0.06959 0.03950
v -0.17194 0.06629 0.04179
v -0.17295 0.06642 0.04168
v -0.17390 0.06643 0.04166
v -0.16656 0.06829 0.04038
v -0.16734 0.06725 0.04113
v -0.16842 0.06655 0.04164
v -0.16959 0.06620 0.04189
v -0.17075 0.06616 0.04190
v -0.17851 0.07156 0.03764
v -0.17873 0.07163 0.03866
v -0.17845 0.07090 0.03903
v -0.17838 0.07087 0.03891
v -0.17797 0.06941 0.03952
v -0.17795 0.06920 0.03960
v -0.18161 0.07839 0.04316
v -0.17792 0.06853 0.04002
v -0.17780 0.06778 0.04057
v -0.17749 0.06721 0.04101
v -0.17695 0.06683 0.04131
v -0.17804 0.06812 0.04164
v -0.17506 0.06649 0.04160
v -0.17613 0.06661 0.04149
v -0.18483 0.06941 0.05239
v -0.14988 0.07099 0.03847
v -0.14974 0.07022 0.03914
v -0.14938 0.06981 0.03969
v -0.14883 0.06973 0.04027
v -0.14832 0.06998 0.04080
v -0.14794 0.07046 0.04137
v -0.16814 0.06729 0.04446
v -0.16911 0.07465 0.05912
v -0.18779 0.07470 0.05620
v -0.15782 0.08499 0.05976
v -0.16852 0.09276 0.05529
v -0.17105 0.08514 0.05792
v -0.13677 0.08747 0.05958
v -0.16526 0.16213 0.03230
v -0.15387 0.15956 0.04526
v -0.15770 0.13721 0.05237
v -0.14602 0.13016 0.05938
v -0.15522 0.14402 0.05783
v -0.13480 0.12161 0.05975
v -0.09141 0.06596 0.04863
v -0.09244 0.06624 0.04825
v -0.08972 0.06477 0.04917
v -0.08948 0.06410 0.04960
v -0.08842 0.06394 0.05109
v -0.09052 0.06529 0.04885
v -0.08951 0.06430 0.04942
v -0.08829 0.06413 0.05113
v -0.08776 0.06190 0.05419
v -0.08797 0.06334 0.05297
v -0.08713 0.06157 0.05519
v -0.08652 0.06126 0.05593
v -0.08184 0.06484 0.05414
v -0.08602 0.06083 0.05703
v -0.08624 0.06050 0.05764
v -0.08601 0.06028 0.05857
v -0.08559 0.05971 0.05899
v -0.08576 0.06006 0.05963
v -0.08475 0.05901 0.06155
v -0.08561 0.06019 0.06076
v -0.08486 0.05975 0.06261
v -0.08172 0.05793 0.06393
v -0.08307 0.05877 0.06431
v -0.08038 0.05746 0.06457
v -0.09347 0.06451 0.06473
v -0.08213 0.06142 0.07350
v -0.07905 0.05667 0.06645
v -0.07836 0.05594 0.06765
v -0.07866 0.05669 0.06755
v -0.07784 0.05583 0.06877
v -0.07648 0.05502 0.07005
v -0.07615 0.05552 0.07035
v -0.07484 0.05541 0.07097
v -0.09769 0.08378 0.07332
v -0.09878 0.08429 0.08765
v -0.08368 0.07434 0.08004
v -0.09630 0.07397 0.07439
v -0.08473 0.06837 0.09260
v -0.07138 0.05448 0.06795
v -0.07317 0.05432 0.06972
v -0.07250 0.05424 0.06935
v -0.07393 0.05425 0.06982
v -0.07406 0.05477 0.07036
v -0.06924 0.06031 0.10026
v -0.10331 0.09656 0.08424
v -0.08058 0.09062 0.09376
v -0.08775 0.07546 0.09336
v -0.07625 0.08590 0.10858
v -0.08536 0.09391 0.10199
v -0.07197 0.07397 0.10873
v -0.02583 0.02572 0.07599
v -0.02693 0.02555 0.07532
v -0.02523 0.02442 0.07616
v -0.02507 0.02525 0.07608
v -0.02567 0.02385 0.07646
v -0.02502 0.03330 0.08701
v -0.02785 0.02546 0.07517
v -0.02881 0.02552 0.07507
v -0.02986 0.02591 0.07474
v -0.02636 0.02324 0.07688
v -0.02770 0.02230 0.07755
v -0.02930 0.02146 0.07818
v -0.03022 0.02094 0.07857
v -0.03208 0.02199 0.08140
v -0.03085 0.02048 0.07892
v -0.03212 0.02007 0.07980
v -0.03318 0.01919 0.08037
v -0.03360 0.01889 0.08058
v -0.03424 0.01861 0.08192
v -0.03458 0.01839 0.08277
v -0.03456 0.01809 0.08439
v -0.03396 0.01761 0.08618
v -0.03398 0.01646 0.08815
v -0.02909 0.01320 0.08997
v -0.02757 0.01189 0.09017
v -0.01694 0.00983 0.08732
v -0.02066 0.01077 0.08655
v -0.01822 0.01052 0.08677
v -0.02191 0.01029 0.08701
v -0.02370 0.01025 0.08826
v -0.02466 0.01015 0.08884
v -0.02576 0.01031 0.08954
v -0.02646 0.01158 0.08991
v -0.02284 0.01013 0.08758
v -0.03197 0.01463 0.08970
v -0.03362 0.01535 0.08941
v -0.02821 0.01218 0.09021
v -0.02973 0.01379 0.08980
v -0.03703 0.03162 0.09833
v -0.01240 0.00860 0.08941
v -0.00963 0.00761 0.08944
v -0.01024 0.00765 0.08909
v -0.01085 0.00786 0.08892
v -0.00947 0.00719 0.08945
v -0.00935 0.00691 0.08967
v -0.00914 0.00668 0.08985
v -0.01594 0.00922 0.08781
v -0.01526 0.00880 0.08814
v -0.01502 0.00867 0.08824
v -0.01430 0.00881 0.08862
v -0.01424 0.00867 0.08860
v -0.01238 0.00839 0.08922
v -0.01720 0.01132 0.08896
v -0.02714 0.02416 0.09988
v -0.08564 0.07231 0.06346
v -0.07826 0.07196 0.05280
v -0.08740 0.06870 0.04995
v -0.06291 0.05802 0.04952
v -0.06309 0.05807 0.04948
v -0.06392 0.05914 0.05002
v -0.06403 0.05815 0.04941
v -0.06490 0.05814 0.04940
v -0.06515 0.06155 0.05004
v -0.06582 0.05715 0.05016
v -0.06597 0.05640 0.05074
v -0.06634 0.05687 0.05218
v -0.06692 0.05790 0.05333
v -0.05703 0.05817 0.04948
v -0.05934 0.05824 0.05016
v -0.06061 0.05786 0.04968
v -0.06158 0.05803 0.04953
v -0.05809 0.05781 0.04975
v -0.05854 0.05787 0.04969
v -0.05989 0.05755 0.04993
v -0.06004 0.05758 0.04990
v -0.05651 0.05795 0.04966
v -0.05601 0.05752 0.04999
v -0.05525 0.05654 0.05076
v -0.05954 0.06285 0.05032
v -0.06659 0.05739 0.05719
v -0.06702 0.05624 0.05975
v -0.06765 0.05531 0.06076
v -0.06819 0.05413 0.06194
v -0.06966 0.05498 0.06415
v -0.06770 0.06263 0.06395
v -0.05484 0.05538 0.05166
v -0.05472 0.05437 0.05244
v -0.05470 0.05407 0.05267
v -0.05602 0.05637 0.05366
v -0.05435 0.05149 0.05467
v -0.05338 0.04925 0.05642
v -0.05293 0.04807 0.05734
v -0.05310 0.04663 0.05845
v -0.06914 0.05378 0.06373
v -0.07049 0.05452 0.06576
v -0.07138 0.05402 0.06724
v -0.05351 0.04648 0.06028
v -0.05370 0.04625 0.06242
v -0.05231 0.04214 0.06326
v -0.05211 0.04188 0.06280
v -0.05315 0.04429 0.06393
v -0.05154 0.04121 0.06322
v -0.05139 0.04083 0.06317
v -0.05094 0.03957 0.06393
v -0.05047 0.03834 0.06488
v -0.04995 0.03724 0.06574
v -0.05176 0.04135 0.06728
v -0.06304 0.06979 0.06193
v -0.07078 0.05502 0.06700
v -0.01777 0.04624 0.07892
v -0.03731 0.05102 0.08286
v -0.04934 0.03619 0.06656
v -0.04864 0.03517 0.06735
v -0.04774 0.03426 0.06807
v -0.04614 0.03372 0.06851
v -0.04284 0.03255 0.06945
v -0.04364 0.03282 0.06923
v -0.04472 0.03323 0.06890
v -0.04162 0.03241 0.06957
v -0.04064 0.03241 0.06980
v -0.03961 0.03233 0.07015
v -0.03798 0.03181 0.07008
v -0.03873 0.03208 0.06998
v -0.03743 0.03143 0.07038
v -0.03628 0.03072 0.07095
v -0.03687 0.03105 0.07068
v -0.03574 0.03061 0.07114
v -0.03543 0.03044 0.07140
v -0.03503 0.02995 0.07161
v -0.03453 0.02952 0.07191
v -0.03394 0.02913 0.07220
v -0.03164 0.02759 0.07342
v -0.03447 0.02976 0.07511
v -0.03295 0.02810 0.07301
v -0.03357 0.02860 0.07262
v -0.03069 0.02675 0.07408
v -0.02603 0.01624 0.08912
v -0.03729 0.04398 0.07346
v -0.04813 0.03312 0.07955
v -0.05704 0.06313 0.08005
v -0.07038 0.06357 0.08741
v -0.06991 0.05679 0.07572
v -0.06293 0.06676 0.08407
v -0.04533 0.04642 0.09175
v -0.04363 0.06372 0.07986
v -0.02381 0.05358 0.09132
v -0.03291 0.05337 0.09807
v -0.01766 0.05684 0.09858
v -0.04734 0.05172 0.10087
v -0.03792 0.05769 0.10466
v -0.08828 0.09745 0.08502
v -0.08797 0.10953 0.08451
v -0.04972 0.06516 0.11426
v -0.05884 0.06332 0.11120
v -0.01167 0.06596 0.12103
v -0.02253 0.06837 0.12641
v -0.03557 0.15755 0.12734
v -0.05264 0.15733 0.11527
v -0.05012 0.18610 0.12956
v -0.05172 0.14353 0.11359
v -0.07659 0.13774 0.11618
v -0.08690 0.14477 0.11367
v -0.08635 0.13282 0.11188
v -0.03242 0.14437 0.12881
v -0.06256 0.16363 0.12641
v -0.02526 0.14125 0.11671
v -0.01228 0.13776 0.12265
v -0.03960 0.12164 0.13017
v -0.03073 0.10664 0.12831
v -0.01182 0.05993 0.08662
v -0.02918 0.12438 0.09847
v -0.03178 0.13849 0.09966
v -0.04168 0.11426 0.10573
v -0.08313 0.12421 0.11066
v -0.05567 0.12499 0.10849
v -0.05000 0.13418 0.11399
v -0.06609 0.10690 0.10386
v -0.07082 0.12097 0.10879
v -0.03636 0.10031 0.10877
v -0.02117 0.08685 0.10449
v -0.01838 0.11996 0.10679
v -0.00868 0.10572 0.11103
v -0.01922 0.10375 0.11162
v -0.01302 0.12466 0.11794
v -0.02169 0.06653 0.09972
v -0.03190 0.07829 0.13115
v -0.02161 0.06020 0.11482
v -0.04535 0.07392 0.11936
v -0.04164 0.10424 0.12998
v -0.04501 0.11470 0.12433
v -0.03873 0.09095 0.13122
v -0.04942 0.08935 0.12126
v -0.05238 0.09923 0.11673
v -0.10703 0.22736 0.04276
v -0.11489 0.22754 0.04670
v -0.11506 0.22014 0.05387
v -0.10383 0.16549 -0.02859
v -0.10226 0.16058 -0.02652
v -0.10289 0.16127 -0.02397
v -0.10223 0.15927 -0.02285
v -0.10135 0.15671 -0.02079
v -0.10004 0.15105 -0.02097
v -0.10006 0.15345 -0.02098
v -0.10060 0.14953 -0.01981
v -0.10087 0.14708 -0.01975
v -0.10088 0.14700 -0.01969
v -0.10023 0.14718 -0.01814
v -0.10425 0.16785 -0.01529
v -0.10029 0.17981 -0.00879
v -0.09949 0.16326 0.00446
v -0.11023 0.17998 0.00204
v -0.09202 0.18552 -0.00542
v -0.08953 0.17404 0.01685
v -0.11853 0.15339 -0.02484
v -0.11944 0.15344 -0.02489
v -0.12028 0.15347 -0.02477
v -0.11646 0.15302 -0.02453
v -0.11463 0.15294 -0.02445
v -0.11378 0.15269 -0.02424
v -0.11560 0.15303 -0.02453
v -0.11781 0.15332 -0.02478
v -0.11516 0.15232 -0.01884
v -0.11180 0.15236 -0.02396
v -0.11250 0.15249 -0.02407
v -0.11113 0.15202 -0.02369
v -0.11044 0.15169 -0.02343
v -0.10757 0.15114 -0.02297
v -0.10808 0.15140 -0.02318
v -0.10676 0.15087 -0.02275
v -0.11002 0.15162 -0.02337
v -0.10828 0.15145 -0.02322
v -0.10910 0.15156 -0.02332
v -0.11350 0.15263 -0.02419
v -0.10751 0.15099 -0.02123
v -0.12131 0.15358 -0.02502
v -0.12208 0.15382 -0.02522
v -0.12037 0.15350 -0.02495
v -0.12315 0.15200 -0.01038
v -0.10601 0.15058 -0.02252
v -0.10556 0.15013 -0.02217
v -0.10506 0.14970 -0.02183
v -0.10467 0.14922 -0.02145
v -0.10470 0.14820 -0.02022
v -0.10512 0.14634 -0.01803
v -0.10447 0.14863 -0.02099
v -0.10431 0.14803 -0.02053
v -0.10435 0.14801 -0.02050
v -0.10356 0.14773 -0.02029
v -0.10310 0.14729 -0.01994
v -0.10196 0.14651 -0.01932
v -0.10230 0.14660 -0.01940
v -0.10275 0.14678 -0.01954
v -0.10133 0.14649 -0.01930
v -0.09695 0.14661 -0.00675
v -0.11159 0.14508 -0.01055
v -0.10747 0.15826 -0.00505
v -0.12212 0.15514 -0.00141
v -0.11459 0.13489 0.01558
v -0.10673 0.14377 0.00952
v -0.10830 0.13634 0.01842
v -0.10723 0.16596 0.00702
v -0.11918 0.16053 0.01799
v -0.09916 0.17319 0.02862
v -0.10217 0.19411 0.01498
v -0.11699 0.18666 0.02499
v -0.11612 0.16818 0.02154
v -0.18106 0.16714 -0.03624
v -0.18374 0.16856 -0.03042
v -0.18442 0.16770 -0.03671
v -0.18836 0.16799 -0.03699
v -0.18692 0.16782 -0.03684
v -0.18575 0.16775 -0.03677
v -0.18216 0.16745 -0.03649
v -0.18319 0.16762 -0.03663
v -0.19009 0.16819 -0.03716
v -0.19074 0.16815 -0.03714
v -0.18927 0.16812 -0.03710
v -0.19149 0.16790 -0.03694
v -0.17496 0.16848 -0.03720
v -0.17604 0.16755 -0.03649
v -0.17689 0.16670 -0.03584
v -0.17973 0.16663 -0.03583
v -0.17756 0.16623 -0.03549
v -0.17846 0.16624 -0.03551
v -0.18275 0.16561 -0.02686
v -0.17068 0.18075 -0.02294
v -0.10714 0.20040 0.07237
v -0.16089 0.20035 -0.04528
v -0.14559 0.19102 -0.05267
v -0.14526 0.18943 -0.05301
v -0.14636 0.18864 -0.05242
v -0.14750 0.18791 -0.05187
v -0.15000 0.18671 -0.05097
v -0.15054 0.18574 -0.05023
v -0.15071 0.18547 -0.05002
v -0.15103 0.18489 -0.04939
v -0.15132 0.18410 -0.04898
v -0.15183 0.18390 -0.04835
v -0.15245 0.18358 -0.04812
v -0.15880 0.18256 -0.04788
v -0.15698 0.18300 -0.04819
v -0.15736 0.18293 -0.04814
v -0.15657 0.18304 -0.04822
v -0.15616 0.18327 -0.04805
v -0.15794 0.18259 -0.04789
v -0.15832 0.18252 -0.04784
v -0.15160 0.18712 -0.04983
v -0.15417 0.18332 -0.04840
v -0.15280 0.18325 -0.04834
v -0.15572 0.18307 -0.04823
v -0.15401 0.20776 -0.03822
v -0.16485 0.18587 -0.04355
v -0.16791 0.18026 -0.04621
v -0.16726 0.18017 -0.04563
v -0.16832 0.18016 -0.04614
v -0.16867 0.17964 -0.04574
v -0.16726 0.17991 -0.04569
v -0.16884 0.17882 -0.04511
v -0.17103 0.18355 -0.04451
v -0.15922 0.18253 -0.04786
v -0.16024 0.18218 -0.04760
v -0.16171 0.18185 -0.04736
v -0.16089 0.18192 -0.04741
v -0.16120 0.18189 -0.04739
v -0.15691 0.18457 -0.04655
v -0.16326 0.18120 -0.04664
v -0.16245 0.18143 -0.04704
v -0.16321 0.18102 -0.04674
v -0.16363 0.18101 -0.04673
v -0.16431 0.18076 -0.04655
v -0.16539 0.18040 -0.04584
v -0.16616 0.18012 -0.04546
v -0.16907 0.17798 -0.04447
v -0.16941 0.17724 -0.04390
v -0.16976 0.17653 -0.04329
v -0.17012 0.17565 -0.04254
v -0.17012 0.17410 -0.04148
v -0.17015 0.17505 -0.04218
v -0.17021 0.17320 -0.04079
v -0.17044 0.17244 -0.04020
v -0.17211 0.17702 -0.04133
v -0.17336 0.18800 -0.03612
v -0.17786 0.19118 -0.00569
v -0.12209 0.17661 -0.04283
v -0.12224 0.17663 -0.04284
v -0.12116 0.17645 -0.04269
v -0.12295 0.17643 -0.04270
v -0.12332 0.17596 -0.04234
v -0.12377 0.17532 -0.04185
v -0.12442 0.17505 -0.04165
v -0.11962 0.17664 -0.04282
v -0.12036 0.17648 -0.04271
v -0.15312 0.17294 -0.03285
v -0.12626 0.17411 -0.04094
v -0.12692 0.17385 -0.04075
v -0.12740 0.17337 -0.04039
v -0.13435 0.17553 -0.03521
v -0.13290 0.17319 -0.03523
v -0.13143 0.17189 -0.03527
v -0.13371 0.17196 -0.03381
v -0.13488 0.17272 -0.03358
v -0.13552 0.17195 -0.03302
v -0.13749 0.17207 -0.03295
v -0.13721 0.17067 -0.03270
v -0.13813 0.16947 -0.03272
v -0.14076 0.16844 -0.03296
v -0.14016 0.16706 -0.03287
v -0.14487 0.16885 -0.03230
v -0.17081 0.17156 -0.03953
v -0.17142 0.17043 -0.03866
v -0.17238 0.16948 -0.03794
v -0.17369 0.16898 -0.03757
v -0.15080 0.15894 -0.02504
v -0.15141 0.19148 -0.02484
v -0.12783 0.17284 -0.03998
v -0.12834 0.17240 -0.03965
v -0.12880 0.17190 -0.03927
v -0.12885 0.17166 -0.03908
v -0.12866 0.17106 -0.03862
v -0.13000 0.17352 -0.03855
v -0.12967 0.17082 -0.03714
v -0.12840 0.17086 -0.03846
v -0.12842 0.17041 -0.03811
v -0.12828 0.16989 -0.03771
v -0.12863 0.17017 -0.03693
v -0.13004 0.17129 -0.03682
v -0.13057 0.17145 -0.03589
v -0.13875 0.16602 -0.03287
v -0.14122 0.16602 -0.03241
v -0.13979 0.16374 -0.03137
v -0.14067 0.16315 -0.03079
v -0.14051 0.16144 -0.03038
v -0.12754 0.15830 -0.02595
v -0.13063 0.15795 -0.02615
v -0.12913 0.15771 -0.02545
v -0.13408 0.15682 -0.02676
v -0.13211 0.15701 -0.02589
v -0.13459 0.15685 -0.02772
v -0.13651 0.15655 -0.02751
v -0.13218 0.15549 -0.02339
v -0.13556 0.15637 -0.02735
v -0.13595 0.15638 -0.02737
v -0.13509 0.15641 -0.02738
v -0.12474 0.15666 -0.02657
v -0.12551 0.15709 -0.02609
v -0.12406 0.15554 -0.02657
v -0.12545 0.15540 -0.02417
v -0.12384 0.15496 -0.02613
v -0.12340 0.15451 -0.02577
v -0.12261 0.15408 -0.02542
v -0.12099 0.15362 -0.02331
v -0.14631 0.16214 -0.02879
v -0.14169 0.16043 -0.02973
v -0.14329 0.15918 -0.02963
v -0.14351 0.15912 -0.02958
v -0.14383 0.15890 -0.02941
v -0.14065 0.15996 -0.03005
v -0.14126 0.15966 -0.02978
v -0.14199 0.15940 -0.02978
v -0.14278 0.15929 -0.02970
v -0.14152 0.15780 -0.02853
v -0.14066 0.15788 -0.02844
v -0.14359 0.15833 -0.02897
v -0.14284 0.15804 -0.02874
v -0.14192 0.15784 -0.02857
v -0.14254 0.15796 -0.02867
v -0.13981 0.15784 -0.02854
v -0.13803 0.15713 -0.02797
v -0.14333 0.15811 -0.02232
v -0.14663 0.15442 -0.00681
v -0.13289 0.15469 -0.00763
v -0.15261 0.17254 -0.00998
v -0.17104 0.19009 -0.01804
v -0.15704 0.18309 -0.01666
v -0.16033 0.18294 -0.01404
v -0.15390 0.18369 -0.00699
v -0.16169 0.19848 0.00524
v -0.14752 0.19551 -0.00719
v -0.12562 0.18106 0.01013
v -0.14485 0.16104 0.00152
v -0.11229 0.19836 0.01362
v -0.10427 0.20473 0.02135
v -0.11738 0.21802 0.02964
v -0.10915 0.21547 0.03321
v -0.15506 0.20224 0.00099
v -0.13646 0.20055 0.00196
v -0.11784 0.19809 0.01807
v -0.12001 0.21041 0.01996
v -0.15048 0.19691 0.01983
v -0.14115 0.19069 0.02882
v -0.15247 0.17703 0.02365
v -0.12731 0.21652 0.02736
v -0.13894 0.21015 0.01611
v -0.13105 0.21173 0.03449
v -0.10586 0.20701 0.03358
v -0.12977 0.19434 0.04014
v -0.00982 0.23919 -0.08979
v -0.01043 0.23844 -0.08922
v -0.01010 0.23743 -0.08844
v -0.01061 0.23647 -0.08770
v -0.01161 0.23557 -0.08702
v -0.01190 0.23540 -0.08689
v -0.01245 0.23500 -0.08659
v -0.01281 0.23386 -0.08571
v -0.01330 0.23335 -0.08532
v -0.01428 0.23248 -0.08466
v -0.01517 0.23197 -0.08428
v -0.01666 0.23062 -0.08325
v -0.01735 0.23019 -0.08259
v -0.01747 0.22991 -0.08254
v -0.01810 0.22896 -0.08199
v -0.01828 0.22850 -0.08164
v -0.01857 0.22749 -0.08086
v -0.01873 0.22666 -0.08022
v -0.01919 0.22573 -0.07904
v -0.01889 0.22604 -0.07963
v -0.01931 0.22437 -0.07846
v -0.01918 0.22511 -0.07891
v -0.01935 0.22370 -0.07783
v -0.01941 0.22356 -0.07746
v -0.01947 0.22318 -0.07710
v -0.01977 0.22296 -0.07680
v -0.02021 0.22289 -0.07657
v -0.02133 0.22301 -0.07743
v -0.02176 0.22311 -0.07751
v -0.02218 0.22270 -0.07691
v -0.02108 0.22245 -0.07700
v -0.02205 0.22241 -0.07698
v -0.02027 0.22261 -0.07637
v -0.02054 0.22227 -0.07594
v -0.02093 0.22148 -0.07553
v -0.02206 0.22039 -0.07542
v -0.02122 0.22342 -0.07626
v -0.02148 0.22079 -0.07555
v -0.02197 0.23280 -0.07594
v -0.02729 0.23958 -0.05896
v -0.02243 0.21997 -0.07498
v -0.02255 0.21967 -0.07449
v -0.02267 0.21908 -0.07397
v -0.02302 0.21847 -0.07360
v -0.02368 0.21810 -0.07358
v -0.02432 0.21778 -0.07343
v -0.02475 0.21721 -0.07300
v -0.02500 0.21631 -0.07231
v -0.02416 0.21936 -0.07266
v -0.02514 0.21551 -0.07169
v -0.02534 0.21469 -0.07106
v -0.02563 0.21385 -0.07041
v -0.03338 0.22341 -0.06619
v -0.02612 0.21272 -0.06954
v -0.02663 0.21153 -0.06862
v -0.02682 0.21086 -0.06810
v -0.02691 0.20987 -0.06729
v -0.02678 0.20910 -0.06650
v -0.03627 0.20482 -0.06356
v -0.03727 0.20487 -0.06362
v -0.03055 0.20802 -0.06191
v -0.02629 0.20802 -0.06492
v -0.02537 0.20664 -0.06458
v -0.02507 0.20549 -0.06391
v -0.02533 0.20501 -0.06345
v -0.02888 0.20377 -0.06266
v -0.02937 0.20391 -0.06277
v -0.02830 0.20358 -0.06251
v -0.03251 0.20404 -0.06292
v -0.03327 0.20422 -0.06306
v -0.03496 0.20464 -0.06341
v -0.03549 0.20475 -0.06350
v -0.03418 0.20445 -0.06326
v -0.02984 0.20399 -0.06284
v -0.03055 0.20401 -0.06287
v -0.03171 0.20399 -0.06287
v -0.04394 0.22159 -0.05199
v -0.02751 0.23770 -0.05040
v -0.05378 0.21319 -0.06390
v -0.07146 0.21188 -0.06354
v -0.08819 0.21002 -0.06436
v -0.09395 0.20566 -0.06492
v -0.09289 0.20553 -0.06481
v -0.09208 0.20550 -0.06478
v -0.09016 0.20516 -0.06449
v -0.08929 0.20502 -0.06437
v -0.08899 0.20495 -0.06432
v -0.09101 0.20527 -0.06458
v -0.08787 0.22187 -0.05819
v -0.07938 0.20500 -0.06423
v -0.07820 0.20464 -0.06394
v -0.06733 0.20527 -0.06430
v -0.06670 0.20530 -0.06431
v -0.06873 0.20519 -0.06425
v -0.07083 0.20527 -0.06434
v -0.07042 0.20530 -0.06435
v -0.07118 0.20516 -0.06425
v -0.07233 0.20497 -0.06412
v -0.07366 0.20446 -0.06374
v -0.07461 0.20455 -0.06382
v -0.07553 0.20460 -0.06388
v -0.07634 0.20451 -0.06382
v -0.07720 0.20450 -0.06382
v -0.07306 0.20452 -0.06379
v -0.06038 0.20303 -0.05648
v -0.08206 0.20539 -0.06457
v -0.08309 0.20524 -0.06447
v -0.08437 0.20538 -0.06459
v -0.08493 0.20534 -0.06457
v -0.08555 0.20504 -0.06434
v -0.08641 0.20502 -0.06434
v -0.08100 0.20526 -0.06445
v -0.08699 0.20495 -0.06429
v -0.08804 0.20486 -0.06424
v -0.04761 0.20996 -0.06767
v -0.04910 0.20994 -0.06768
v -0.04999 0.20978 -0.06756
v -0.05055 0.20935 -0.06724
v -0.05088 0.20871 -0.06675
v -0.05128 0.20811 -0.06629
v -0.05197 0.20785 -0.06610
v -0.05281 0.20775 -0.06603
v -0.05358 0.20769 -0.06599
v -0.04564 0.20932 -0.06716
v -0.04663 0.20978 -0.06753
v -0.04477 0.20867 -0.06665
v -0.04426 0.20802 -0.06614
v -0.04374 0.20719 -0.06548
v -0.04325 0.20660 -0.06502
v -0.03872 0.21220 -0.05888
v -0.05691 0.20755 -0.06593
v -0.05405 0.21197 -0.06537
v -0.05964 0.20817 -0.06515
v -0.05797 0.20747 -0.06588
v -0.05920 0.20729 -0.06576
v -0.05993 0.20710 -0.06562
v -0.05455 0.20757 -0.06590
v -0.05517 0.20749 -0.06586
v -0.05596 0.20751 -0.06588
v -0.05421 0.20761 -0.06594
v -0.06056 0.20692 -0.06548
v -0.06128 0.20682 -0.06530
v -0.06155 0.20686 -0.06511
v -0.06183 0.20672 -0.06500
v -0.06215 0.20634 -0.06496
v -0.06271 0.20604 -0.06478
v -0.06318 0.20761 -0.06431
v -0.06358 0.20579 -0.06461
v -0.06327 0.20586 -0.06467
v -0.06477 0.20563 -0.06454
v -0.06521 0.20566 -0.06441
v -0.06593 0.20543 -0.06440
v -0.04148 0.20605 -0.06458
v -0.04192 0.20619 -0.06469
v -0.04093 0.20579 -0.06437
v -0.03984 0.20545 -0.06409
v -0.04039 0.20560 -0.06422
v -0.04260 0.20631 -0.06479
v -0.03891 0.20518 -0.06388
v -0.03811 0.20497 -0.06370
v -0.05169 0.20850 -0.04518
v -0.03416 0.21334 -0.03842
v -0.04445 0.20158 -0.05222
v -0.07654 0.21474 -0.05638
v -0.07056 0.21396 -0.04370
v -0.06576 0.20065 -0.03751
v -0.05108 0.22598 -0.04080
v -0.04750 0.21307 -0.04086
v -0.05020 0.22144 -0.02335
v -0.05583 0.22864 -0.03688
v -0.05464 0.22344 -0.01711
v -0.06579 0.20784 -0.02458
v -0.06210 0.20739 -0.00715
v -0.04380 0.22978 -0.02205
v -0.06727 0.21912 0.00396
v -0.07407 0.18802 -0.02408
v -0.06316 0.17423 -0.02066
v -0.07626 0.20834 0.00372
v -0.06883 0.20272 0.00358
v -0.07347 0.22682 0.02255
v -0.08743 0.21171 0.01613
v -0.07376 0.20598 0.02169
v -0.00775 0.24090 -0.09108
v -0.00786 0.24118 -0.09131
v -0.00780 0.24044 -0.09073
v -0.00878 0.24004 -0.09043
v -0.00937 0.23981 -0.09003
v -0.00808 0.24025 -0.09059
v -0.02618 0.20435 -0.06302
v -0.02720 0.20372 -0.06259
v -0.02789 0.20354 -0.06247
v -0.01920 0.21947 -0.03669
v -0.02586 0.23120 -0.03273
v -0.03142 0.21521 -0.01847
v -0.05687 0.19822 -0.03414
v -0.07469 0.18928 -0.03328
v -0.05960 0.19097 -0.02234
v -0.03483 0.21850 -0.02877
v -0.04764 0.20582 -0.02878
v -0.05261 0.21407 -0.00428
v -0.05875 0.22306 -0.00303
v -0.06897 0.20110 0.01270
v -0.10320 0.21004 -0.06434
v -0.10594 0.20634 -0.06560
v -0.10672 0.20622 -0.06551
v -0.10719 0.20647 -0.06527
v -0.10809 0.20613 -0.06546
v -0.10837 0.20609 -0.06543
v -0.10761 0.20645 -0.06524
v -0.10859 0.20759 -0.06471
v -0.11655 0.20737 -0.06341
v -0.10931 0.20565 -0.06510
v -0.11002 0.20545 -0.06496
v -0.11043 0.20541 -0.06493
v -0.11144 0.20505 -0.06467
v -0.11423 0.20471 -0.06444
v -0.11347 0.20486 -0.06454
v -0.11445 0.20492 -0.06422
v -0.11509 0.20469 -0.06444
v -0.11587 0.20458 -0.06436
v -0.11551 0.20468 -0.06443
v -0.11656 0.20435 -0.06419
v -0.11696 0.20430 -0.06416
v -0.11619 0.20444 -0.06426
v -0.11826 0.20429 -0.06416
v -0.11864 0.20422 -0.06411
v -0.11975 0.20371 -0.06374
v -0.10843 0.21844 -0.06156
v -0.13199 0.21399 -0.05900
v -0.12061 0.20547 -0.06265
v -0.12025 0.20353 -0.06360
v -0.12146 0.20295 -0.06272
v -0.12135 0.20274 -0.06301
v -0.12186 0.20231 -0.06268
v -0.12336 0.20096 -0.06165
v -0.12444 0.20519 -0.06152
v -0.12484 0.19959 -0.06062
v -0.12547 0.19929 -0.06039
v -0.12700 0.19902 -0.06020
v -0.12631 0.19944 -0.06013
v -0.12619 0.19910 -0.06025
v -0.12856 0.19879 -0.06004
v -0.12984 0.19823 -0.05962
v -0.13868 0.19478 -0.05707
v -0.13931 0.19488 -0.05715
v -0.14065 0.19438 -0.05679
v -0.13106 0.19759 -0.05915
v -0.13221 0.19687 -0.05861
v -0.13342 0.19622 -0.05812
v -0.13500 0.19601 -0.05797
v -0.13636 0.19554 -0.05763
v -0.13768 0.19503 -0.05725
v -0.14704 0.21267 -0.04781
v -0.12006 0.21483 -0.04425
v -0.09841 0.20702 -0.06497
v -0.09679 0.20589 -0.06513
v -0.09805 0.20591 -0.06517
v -0.10026 0.20604 -0.06484
v -0.09958 0.20579 -0.06509
v -0.10018 0.20575 -0.06507
v -0.10056 0.20568 -0.06502
v -0.09885 0.20573 -0.06504
v -0.09905 0.20573 -0.06504
v -0.10510 0.20638 -0.06562
v -0.10423 0.20639 -0.06561
v -0.10390 0.20627 -0.06552
v -0.10322 0.20594 -0.06525
v -0.10315 0.20625 -0.06496
v -0.10282 0.20575 -0.06511
v -0.10288 0.20605 -0.06488
v -0.10161 0.20568 -0.06504
v -0.09629 0.20582 -0.06507
v -0.09446 0.20576 -0.06501
v -0.11570 0.20677 -0.04779
v -0.10487 0.19430 -0.03688
v -0.10795 0.18222 -0.04454
v -0.13419 0.20340 -0.03844
v -0.08487 0.21200 -0.04639
v -0.09363 0.19598 -0.03886
v -0.10659 0.17929 -0.04471
v -0.10746 0.17952 -0.04489
v -0.10602 0.17925 -0.04467
v -0.11086 0.17992 -0.04498
v -0.10973 0.17970 -0.04506
v -0.11077 0.17969 -0.04507
v -0.11245 0.17959 -0.04501
v -0.11310 0.17932 -0.04481
v -0.11378 0.17910 -0.04465
v -0.10812 0.17967 -0.04502
v -0.10909 0.17978 -0.04511
v -0.10173 0.17832 -0.04390
v -0.10279 0.17853 -0.04407
v -0.10475 0.17916 -0.04458
v -0.10353 0.17884 -0.04432
v -0.10089 0.17869 -0.04310
v -0.10036 0.17791 -0.04321
v -0.09958 0.17678 -0.04268
v -0.11450 0.17891 -0.04451
v -0.11515 0.17863 -0.04430
v -0.11565 0.17819 -0.04397
v -0.09908 0.17566 -0.04181
v -0.09929 0.17437 -0.04082
v -0.09884 0.21140 -0.03973
v -0.08934 0.20697 -0.02943
v -0.07436 0.19739 -0.02017
v -0.07735 0.19747 -0.02721
v -0.08422 0.19398 -0.01291
v -0.07652 0.21147 -0.01572
v -0.10361 0.19892 -0.02637
v -0.09530 0.19871 -0.00894
v -0.06954 0.21976 -0.00549
v -0.08130 0.20867 -0.00839
v -0.08842 0.20178 -0.00496
v -0.09489 0.22000 0.00750
v -0.10074 0.22040 0.01373
v -0.10012 0.23108 0.05098
v -0.01130 0.24877 -0.04681
v -0.03273 0.23976 -0.01815
v -0.04062 0.24051 0.03212
v -0.04971 0.23361 0.03777
v -0.05592 0.22838 0.04799
v -0.06162 0.23926 0.04419
v -0.01936 0.23612 0.04020
v -0.00235 0.22963 0.04420
v -0.02631 0.21547 0.04851
v -0.01824 0.24129 0.05407
v -0.02612 0.23520 0.04578
v -0.03726 0.22681 0.04588
v -0.03622 0.22636 0.05526
v -0.03766 0.23128 0.06217
v -0.02966 0.23950 0.06780
v -0.05190 0.23546 0.05321
v -0.05937 0.24992 0.05945
v -0.04031 0.24101 0.06353
v -0.04412 0.24268 0.06880
v -0.01422 0.22526 0.03903
v -0.02657 0.20693 0.05700
v -0.00995 0.22887 0.07387
v -0.02776 0.22377 0.05567
v -0.02203 0.22186 0.06046
v -0.09059 0.23143 0.03034
v -0.07018 0.21971 0.03657
v -0.02519 0.22595 -0.02345
v -0.01256 0.22236 -0.02413
v -0.02911 0.23881 -0.02549
v -0.01328 0.24140 -0.01589
v -0.01408 0.22577 0.00430
v -0.01971 0.23540 0.02566
v -0.04418 0.22725 -0.01008
v -0.02974 0.22591 0.00138
v -0.02548 0.23116 0.00635
v -0.04314 0.22779 0.00632
v -0.04015 0.23131 0.02262
v -0.05549 0.21768 0.01758
v -0.05752 0.21637 0.03996
v -0.05274 0.23942 0.02622
v -0.07949 0.23083 0.03380
v -0.05858 0.22298 0.01385
v -0.02959 0.21323 0.02343
v -0.02741 0.22620 0.01747
v -0.02482 0.22284 0.02806
v -0.01861 0.23555 0.01577
v -0.03728 0.22680 0.02807
v -0.04134 0.21741 0.01950
v -0.06904 0.24095 0.03695
v -0.07061 0.23688 0.04704
v -0.08363 0.22526 0.04686
v -0.08553 0.24103 0.04842
v -0.07190 0.23109 0.05922
v -0.08420 0.23118 0.05763
v -0.10052 0.23417 0.06062
v -0.10513 0.21661 0.06495
v -0.06847 0.22354 0.05185
v -0.07433 0.24523 0.06034
v -0.08576 0.23719 0.06640
v -0.03592 0.25948 0.13593
v -0.05022 0.25723 0.13622
v -0.03181 0.25432 0.07980
v -0.00975 0.21170 0.08217
v -0.01497 0.20425 0.07010
v -0.01138 0.23837 0.07750
v -0.02759 0.23781 0.07743
v -0.04411 0.22509 0.07182
v -0.02365 0.20806 0.08429
v -0.02498 0.22995 0.08822
v -0.04234 0.20838 0.09242
v -0.01641 0.19181 0.09696
v -0.02537 0.21445 0.09116
v -0.02020 0.26007 0.07790
v -0.05281 0.25399 0.07884
v -0.04151 0.24446 0.08375
v -0.05103 0.25218 0.09726
v -0.04516 0.25519 0.11360
v -0.03273 0.26458 0.10337
v -0.01725 0.25652 0.08194
v -0.03668 0.23949 0.10028
v -0.04101 0.24083 0.10812
v -0.02453 0.26154 0.10495
v -0.03933 0.25248 0.12597
v -0.03743 0.24037 0.12328
v -0.03014 0.26360 0.12194
v -0.01655 0.16614 0.08768
v -0.03291 0.15768 0.09328
v -0.01851 0.16245 0.10881
v -0.01601 0.17556 0.10223
v -0.02890 0.18688 0.11103
v -0.02330 0.18060 0.10859
v -0.02635 0.17448 0.12501
v -0.03456 0.18412 0.12973
v -0.02394 0.16394 0.11663
v -0.01308 0.19344 0.08648
v -0.00730 0.18685 0.09012
v -0.02723 0.15841 0.08771
v -0.06059 0.24126 0.07644
v -0.09327 0.22686 0.07502
v -0.07547 0.23807 0.07873
v -0.06356 0.22681 0.07757
v -0.04649 0.23628 0.08957
v -0.06442 0.24331 0.08327
v -0.08581 0.22071 0.08336
v -0.07875 0.20517 0.09400
v -0.08907 0.20686 0.08432
v -0.10572 0.19152 0.09297
v -0.06253 0.22096 0.09083
v -0.06331 0.23098 0.11052
v -0.06841 0.20142 0.10315
v -0.04146 0.20171 0.09753
v -0.03008 0.19720 0.10547
v -0.02705 0.20002 0.12181
v -0.06224 0.24849 0.10014
v -0.06879 0.21722 0.12297
v -0.02735 0.21628 0.11702
v -0.04709 0.20374 0.13620
v -0.06351 0.21699 0.13383
v -0.06022 0.25296 0.12044
v -0.05397 0.23260 0.12971
v -0.05198 0.25029 0.11221
v -0.04694 0.24330 0.12177
v -0.04149 0.22425 0.13737
v -0.03500 0.22489 0.13511
v -0.05670 0.21468 0.13905
v 0.07051 0.29968 -0.13553
v 0.06847 0.29955 -0.13546
v 0.06809 0.29949 -0.13542
v 0.06761 0.29927 -0.13525
v 0.06934 0.29956 -0.13546
v 0.06717 0.29901 -0.13506
v 0.06651 0.29875 -0.13487
v 0.06604 0.29854 -0.13425
v 0.05224 0.29909 -0.13531
v 0.05308 0.29889 -0.13514
v 0.05577 0.29823 -0.13196
v 0.05430 0.29868 -0.13496
v 0.05525 0.29851 -0.13482
v 0.05580 0.29842 -0.13474
v 0.05623 0.29830 -0.13465
v 0.05640 0.29824 -0.13449
v 0.05655 0.29814 -0.13427
v 0.06615 0.29866 -0.13481
v 0.06594 0.29838 -0.13459
v 0.06548 0.29789 -0.13421
v 0.06458 0.29741 -0.13375
v 0.06296 0.29706 -0.13360
v 0.06479 0.29746 -0.13369
v 0.06243 0.29699 -0.13356
v 0.06197 0.29689 -0.13348
v 0.06634 0.29688 -0.13125
v 0.06162 0.29675 -0.13338
v 0.06124 0.29654 -0.13323
v 0.05699 0.29768 -0.13410
v 0.05781 0.29691 -0.13355
v 0.05849 0.29643 -0.13318
v 0.06065 0.29630 -0.13304
v 0.06004 0.29613 -0.13292
v 0.05904 0.29619 -0.13298
v 0.05955 0.29611 -0.13291
v 0.11392 0.30492 -0.13905
v 0.11347 0.30507 -0.13825
v 0.11414 0.30434 -0.13860
v 0.11421 0.30368 -0.13809
v 0.11310 0.30492 -0.13769
v 0.11258 0.30526 -0.13765
v 0.11231 0.30509 -0.13735
v 0.11191 0.30409 -0.13654
v 0.11232 0.30390 -0.13646
v 0.11456 0.30318 -0.13770
v 0.11479 0.30261 -0.13726
v 0.11490 0.30212 -0.13595
v 0.11489 0.30173 -0.13657
v 0.11486 0.30127 -0.13622
v 0.11398 0.30360 -0.13605
v 0.11465 0.30350 -0.12954
v 0.11164 0.30362 -0.13614
v 0.11104 0.30311 -0.13555
v 0.11070 0.30346 -0.13604
v 0.11069 0.30193 -0.13404
v 0.10987 0.30237 -0.13518
v 0.10949 0.30169 -0.13425
v 0.11005 0.30154 -0.13366
v 0.10946 0.30130 -0.13322
v 0.10966 0.30096 -0.13237
v 0.10825 0.30065 -0.13274
v 0.11481 0.30078 -0.13584
v 0.11425 0.29956 -0.13491
v 0.11416 0.29882 -0.13434
v 0.11322 0.29745 -0.13328
v 0.11282 0.29678 -0.13278
v 0.11262 0.29608 -0.13223
v 0.11226 0.29483 -0.13127
v 0.08089 0.29910 -0.13450
v 0.08044 0.29909 -0.13456
v 0.08130 0.29928 -0.13424
v 0.08197 0.29951 -0.13436
v 0.08199 0.29975 -0.13407
v 0.08203 0.29999 -0.13380
v 0.08293 0.30285 -0.13062
v 0.08314 0.29991 -0.13368
v 0.08423 0.30049 -0.13267
v 0.08509 0.29996 -0.13268
v 0.08564 0.29959 -0.13252
v 0.08614 0.29916 -0.13218
v 0.10806 0.29969 -0.13233
v 0.10724 0.29821 -0.13196
v 0.10744 0.29907 -0.13249
v 0.10764 0.30018 -0.13270
v 0.10800 0.30282 -0.12770
v 0.08640 0.29861 -0.13175
v 0.08669 0.29757 -0.13186
v 0.08697 0.29705 -0.13150
v 0.08721 0.30161 -0.13059
v 0.08732 0.29653 -0.13113
v 0.08785 0.29620 -0.13078
v 0.08874 0.29579 -0.13046
v 0.09005 0.29470 -0.12964
v 0.09460 0.29116 -0.12670
v 0.09088 0.29318 -0.12934
v 0.09090 0.29363 -0.12877
v 0.09130 0.29267 -0.12895
v 0.09168 0.29211 -0.12853
v 0.09259 0.29200 -0.12842
v 0.09247 0.29279 -0.12792
v 0.09308 0.29153 -0.12806
v 0.09376 0.29125 -0.12781
v 0.09421 0.29079 -0.12746
v 0.07268 0.29976 -0.13557
v 0.07536 0.29971 -0.13550
v 0.07386 0.29975 -0.13555
v 0.07653 0.29964 -0.13543
v 0.07885 0.29909 -0.13497
v 0.07947 0.29899 -0.13489
v 0.07761 0.30102 -0.13282
v 0.09712 0.30535 -0.12373
v 0.09357 0.27879 -0.11032
v 0.07482 0.28283 -0.11531
v 0.10660 0.29800 -0.13179
v 0.10559 0.29594 -0.13029
v 0.10501 0.29543 -0.13027
v 0.10541 0.29492 -0.12994
v 0.10714 0.29531 -0.12802
v 0.10674 0.29756 -0.13080
v 0.10642 0.29726 -0.13088
v 0.10622 0.29645 -0.13026
v 0.11214 0.29430 -0.13087
v 0.10511 0.29471 -0.12988
v 0.10500 0.29435 -0.12954
v 0.10420 0.29416 -0.12961
v 0.10344 0.29359 -0.12951
v 0.10464 0.29274 -0.12781
v 0.10329 0.29291 -0.12898
v 0.10304 0.29198 -0.12826
v 0.10257 0.29158 -0.12834
v 0.10197 0.29114 -0.12825
v 0.10164 0.29082 -0.12831
v 0.10160 0.29039 -0.12797
v 0.10176 0.29039 -0.12756
v 0.11156 0.29366 -0.13038
v 0.11147 0.29326 -0.13007
v 0.11124 0.29279 -0.12971
v 0.11076 0.29202 -0.12912
v 0.11021 0.29163 -0.12883
v 0.10930 0.29010 -0.12766
v 0.10788 0.28813 -0.12616
v 0.10766 0.28762 -0.12576
v 0.10761 0.28690 -0.12520
v 0.10746 0.28561 -0.12421
v 0.10738 0.28572 -0.12232
v 0.09559 0.29043 -0.12661
v 0.09702 0.28987 -0.12586
v 0.10178 0.28951 -0.12730
v 0.10216 0.28902 -0.12691
v 0.09810 0.28687 -0.12530
v 0.09521 0.28949 -0.12736
v 0.10247 0.28850 -0.12650
v 0.10238 0.28805 -0.12616
v 0.10225 0.28752 -0.12575
v 0.10221 0.28698 -0.12533
v 0.10232 0.28637 -0.12486
v 0.10266 0.28963 -0.12344
v 0.10111 0.28559 -0.12250
v 0.09880 0.28586 -0.12451
v 0.09980 0.28501 -0.12384
v 0.10213 0.28558 -0.12425
v 0.10166 0.28510 -0.12389
v 0.10110 0.28472 -0.12360
v 0.10033 0.28478 -0.12365
v 0.10354 0.29145 -0.11597
v 0.10747 0.28496 -0.12371
v 0.10708 0.28439 -0.12327
v 0.10702 0.28482 -0.12281
v 0.10697 0.28399 -0.12297
v 0.10461 0.28399 -0.11617
v 0.10667 0.28330 -0.12244
v 0.10634 0.28333 -0.12177
v 0.10665 0.28355 -0.12217
v 0.10621 0.28280 -0.12206
v 0.10534 0.28175 -0.12125
v 0.10478 0.28156 -0.11907
v 0.10334 0.27903 -0.11822
v 0.10330 0.27888 -0.11831
v 0.10216 0.27681 -0.11727
v 0.10180 0.27633 -0.11698
v 0.10101 0.27531 -0.11626
v 0.11041 0.29721 -0.12229
v 0.08890 0.27827 -0.10939
v 0.10005 0.27404 -0.11529
v 0.09921 0.27294 -0.11440
v 0.09854 0.27217 -0.11380
v 0.09784 0.27154 -0.11338
v 0.09713 0.27098 -0.11300
v 0.09493 0.26936 -0.11159
v 0.09651 0.27048 -0.11264
v 0.09596 0.27006 -0.11228
v 0.09544 0.26971 -0.11193
v 0.09440 0.26884 -0.11128
v 0.09385 0.26835 -0.11098
v 0.09333 0.26791 -0.11068
v 0.09286 0.26743 -0.11033
v 0.09245 0.26689 -0.10993
v 0.08017 0.26491 -0.10840
v 0.08194 0.26426 -0.10800
v 0.08106 0.26464 -0.10824
v 0.08291 0.26382 -0.10767
v 0.08490 0.26322 -0.10719
v 0.08390 0.26349 -0.10740
v 0.05958 0.29043 -0.10488
v 0.08999 0.28243 -0.10068
v 0.07624 0.30370 -0.09497
v 0.07164 0.29655 -0.10031
v 0.09692 0.29307 -0.09782
v 0.08240 0.30799 -0.08451
v 0.11042 0.30759 -0.08175
v 0.11389 0.30563 -0.06721
v 0.08419 0.30663 -0.06435
v 0.09203 0.26625 -0.10942
v 0.09154 0.26557 -0.10887
v 0.09100 0.26491 -0.10829
v 0.09052 0.26436 -0.10769
v 0.09016 0.26399 -0.10710
v 0.08974 0.26375 -0.10669
v 0.08906 0.26351 -0.10657
v 0.08965 0.26739 -0.10654
v 0.08700 0.26311 -0.10694
v 0.08595 0.26311 -0.10707
v 0.08808 0.26325 -0.10672
v 0.09255 0.26552 -0.08987
v 0.10760 0.29840 -0.07402
v 0.09835 0.27970 -0.09340
v 0.10325 0.29076 -0.08874
v 0.09240 0.27918 -0.08240
v 0.07751 0.28478 -0.06497
v 0.09647 0.29817 -0.05842
v 0.08283 0.25665 -0.10214
v 0.08165 0.25680 -0.10227
v 0.07693 0.25905 -0.10403
v 0.07732 0.25867 -0.10375
v 0.07775 0.25823 -0.10341
v 0.07903 0.25746 -0.10281
v 0.07835 0.25781 -0.10309
v 0.07980 0.25718 -0.10259
v 0.08066 0.25696 -0.10241
v 0.08421 0.25641 -0.10194
v 0.08663 0.25581 -0.10145
v 0.08547 0.25614 -0.10171
v 0.08766 0.25538 -0.10110
v 0.08848 0.25480 -0.10064
v 0.08920 0.25419 -0.10016
v 0.08973 0.25362 -0.09971
v 0.09002 0.25310 -0.09931
v 0.08994 0.25246 -0.09882
v 0.08968 0.25175 -0.09826
v 0.08922 0.25096 -0.09766
v 0.04526 0.29921 -0.13548
v 0.04733 0.29929 -0.13552
v 0.04255 0.29924 -0.13554
v 0.04092 0.29923 -0.13555
v 0.03995 0.29911 -0.13547
v 0.03917 0.29875 -0.13520
v 0.04449 0.30304 -0.12863
v 0.03842 0.29807 -0.13469
v 0.03778 0.29727 -0.13408
v 0.03703 0.29641 -0.13343
v 0.03654 0.29573 -0.13290
v 0.03635 0.29501 -0.13235
v 0.03635 0.29415 -0.13168
v 0.03669 0.29315 -0.13091
v 0.05055 0.29930 -0.13549
v 0.04921 0.29937 -0.13556
v 0.05152 0.29921 -0.13540
v 0.04918 0.29317 -0.12999
v 0.04972 0.29368 -0.13116
v 0.05059 0.29368 -0.13114
v 0.05112 0.29311 -0.13070
v 0.05148 0.29191 -0.12977
v 0.04942 0.29299 -0.13063
v 0.04945 0.29291 -0.13057
v 0.05001 0.29252 -0.13026
v 0.05034 0.29235 -0.13012
v 0.05058 0.29213 -0.12995
v 0.05070 0.29185 -0.12973
v 0.05044 0.29194 -0.12940
v 0.05037 0.29133 -0.12934
v 0.05021 0.29147 -0.12898
v 0.05119 0.29088 -0.12897
v 0.05064 0.29078 -0.12891
v 0.03649 0.29206 -0.12961
v 0.03551 0.29039 -0.12686
v 0.03612 0.28851 -0.12487
v 0.04061 0.29040 -0.11756
v 0.03910 0.28683 -0.12445
v 0.04058 0.28535 -0.12278
v 0.03670 0.30735 -0.11739
v 0.04171 0.29884 -0.12813
v 0.03430 0.30163 -0.10888
v 0.04885 0.29230 -0.11881
v 0.02841 0.29598 -0.12644
v 0.02061 0.29621 -0.10781
v 0.04278 0.30461 -0.10513
v 0.02846 0.30237 -0.10065
v 0.01295 0.29266 -0.08742
v 0.01561 0.28653 -0.11184
v 0.05166 0.28773 -0.12444
v 0.05960 0.29481 -0.13041
v 0.05504 0.27870 -0.11591
v 0.04306 0.28233 -0.12247
v 0.04278 0.28311 -0.12266
v 0.04183 0.28434 -0.12260
v 0.04334 0.28132 -0.12169
v 0.04370 0.28061 -0.12097
v 0.04365 0.28037 -0.12036
v 0.04386 0.27999 -0.11995
v 0.04400 0.27962 -0.11985
v 0.04372 0.27926 -0.11969
v 0.04241 0.27871 -0.11968
v 0.04334 0.27896 -0.11975
v 0.04109 0.27844 -0.11949
v 0.05231 0.28169 -0.10640
v 0.03933 0.27796 -0.11903
v 0.03961 0.27813 -0.11904
v 0.03904 0.27758 -0.11882
v 0.04039 0.27983 -0.11776
v 0.03016 0.27813 -0.11893
v 0.03129 0.27732 -0.11829
v 0.02914 0.27839 -0.11916
v 0.02915 0.27838 -0.11867
v 0.02885 0.27777 -0.11912
v 0.02995 0.27819 -0.11853
v 0.03197 0.27680 -0.11822
v 0.03352 0.27601 -0.11770
v 0.03270 0.27638 -0.11797
v 0.03470 0.27563 -0.11740
v 0.04015 0.27821 -0.11927
v 0.03851 0.27680 -0.11825
v 0.03808 0.27621 -0.11780
v 0.03737 0.27573 -0.11744
v 0.03550 0.27547 -0.11727
v 0.03631 0.27543 -0.11722
v 0.02856 0.27653 -0.11817
v 0.02872 0.27479 -0.11682
v 0.02865 0.27363 -0.11592
v 0.02912 0.27249 -0.11504
v 0.03017 0.27167 -0.11439
v 0.03194 0.27122 -0.11402
v 0.03334 0.27058 -0.11351
v 0.03449 0.26981 -0.11290
v 0.02860 0.27783 -0.10864
v 0.03540 0.26890 -0.11219
v 0.03546 0.26824 -0.11168
v 0.03530 0.26800 -0.11149
v 0.03371 0.26702 -0.11076
v 0.03202 0.26668 -0.11051
v 0.03103 0.26603 -0.11003
v 0.02946 0.26503 -0.10927
v 0.02918 0.26494 -0.10875
v 0.02872 0.26434 -0.10875
v 0.02806 0.26304 -0.10775
v 0.02744 0.26221 -0.10712
v 0.03513 0.27118 -0.10524
v 0.02560 0.26833 -0.09503
v 0.06327 0.26792 -0.10583
v 0.07095 0.26542 -0.10699
v 0.07694 0.26465 -0.10838
v 0.07608 0.26452 -0.10830
v 0.07534 0.26435 -0.10818
v 0.07480 0.26411 -0.10800
v 0.07448 0.26380 -0.10776
v 0.07437 0.26340 -0.10746
v 0.07671 0.26205 -0.10120
v 0.07914 0.26493 -0.10845
v 0.07800 0.26477 -0.10842
v 0.07437 0.26293 -0.10709
v 0.07444 0.26244 -0.10671
v 0.07455 0.26195 -0.10634
v 0.07472 0.26146 -0.10595
v 0.07499 0.26090 -0.10552
v 0.07273 0.26227 -0.10375
v 0.07534 0.26032 -0.10507
v 0.07583 0.25981 -0.10466
v 0.07643 0.25939 -0.10431
v 0.05424 0.30518 -0.10284
v 0.03795 0.31059 -0.10141
v 0.02966 0.29809 -0.07375
v 0.07995 0.28655 -0.07827
v 0.02679 0.26193 -0.10691
v 0.02656 0.26169 -0.10673
v 0.02619 0.26031 -0.10566
v 0.02581 0.25945 -0.10500
v 0.02578 0.25829 -0.10411
v 0.02658 0.26424 -0.10458
v 0.02561 0.25751 -0.10351
v 0.02294 0.26194 -0.09868
v 0.02552 0.25665 -0.10285
v 0.02558 0.25634 -0.10213
v 0.02182 0.27154 -0.08969
v 0.00964 0.28778 -0.07782
v 0.05498 0.30338 -0.06490
v 0.04862 0.30686 -0.07597
v 0.07311 0.29918 -0.05483
v 0.03322 0.29082 -0.06127
v 0.05565 0.29633 -0.05424
v 0.04806 0.28744 -0.04549
v 0.05819 0.27291 -0.04872
v 0.16155 0.21533 -0.06925
v 0.16180 0.21399 -0.06821
v 0.16199 0.21243 -0.06700
v 0.16220 0.21084 -0.06577
v 0.16249 0.20925 -0.06454
v 0.16283 0.20751 -0.06319
v 0.16314 0.20578 -0.06185
v 0.16345 0.20411 -0.06055
v 0.16392 0.20234 -0.05918
v 0.15752 0.23158 -0.03883
v 0.10415 0.26994 -0.08308
v 0.12282 0.25242 -0.08602
v 0.10253 0.24390 -0.08290
v 0.11955 0.23798 -0.08682
v 0.11721 0.23864 -0.08620
v 0.11145 0.24146 -0.08451
v 0.10761 0.24299 -0.08374
v 0.11447 0.23991 -0.08534
v 0.11690 0.25981 -0.08504
v 0.12336 0.26071 -0.07726
v 0.13140 0.25769 -0.07220
v 0.12063 0.27051 -0.07044
v 0.11536 0.26791 -0.07787
v 0.10989 0.27374 -0.07167
v 0.12119 0.26257 -0.05965
v 0.12083 0.28023 -0.05638
v 0.13721 0.23210 -0.08250
v 0.13542 0.23270 -0.08299
v 0.13792 0.23195 -0.08238
v 0.13954 0.23143 -0.08195
v 0.14098 0.23081 -0.08146
v 0.14228 0.23011 -0.08091
v 0.14029 0.23113 -0.08172
v 0.14286 0.22973 -0.08060
v 0.14329 0.22927 -0.08024
v 0.14367 0.22878 -0.07986
v 0.14243 0.23204 -0.07913
v 0.13732 0.25061 -0.07119
v 0.14637 0.24368 -0.07126
v 0.12470 0.23749 -0.08603
v 0.12948 0.23668 -0.08479
v 0.12749 0.23611 -0.08572
v 0.12657 0.23667 -0.08574
v 0.12652 0.24512 -0.08586
v 0.12102 0.23770 -0.08687
v 0.12148 0.23760 -0.08684
v 0.12465 0.23730 -0.08607
v 0.13038 0.23520 -0.08498
v 0.13002 0.23537 -0.08512
v 0.12816 0.23588 -0.08553
v 0.12927 0.23567 -0.08536
v 0.12912 0.23565 -0.08535
v 0.13126 0.23465 -0.08454
v 0.13174 0.23421 -0.08420
v 0.13344 0.23415 -0.08329
v 0.13229 0.23381 -0.08388
v 0.13255 0.23365 -0.08376
v 0.13487 0.23310 -0.08331
v 0.13362 0.23342 -0.08357
v 0.15670 0.23037 -0.07183
v 0.14932 0.22555 -0.07729
v 0.14929 0.22576 -0.07699
v 0.14549 0.22767 -0.07898
v 0.14440 0.22812 -0.07934
v 0.14612 0.22731 -0.07869
v 0.14852 0.22581 -0.07751
v 0.14961 0.22560 -0.07684
v 0.14979 0.22533 -0.07665
v 0.15012 0.22459 -0.07654
v 0.15041 0.22436 -0.07636
v 0.15095 0.22427 -0.07629
v 0.15334 0.22474 -0.07485
v 0.15594 0.22283 -0.07511
v 0.15399 0.22318 -0.07541
v 0.15312 0.22326 -0.07548
v 0.15168 0.22404 -0.07609
v 0.15362 0.22319 -0.07542
v 0.15346 0.22341 -0.07514
v 0.15900 0.22203 -0.07446
v 0.16028 0.22163 -0.07379
v 0.16083 0.22076 -0.07309
v 0.16041 0.22138 -0.07376
v 0.16088 0.22052 -0.07299
v 0.16093 0.22009 -0.07279
v 0.16092 0.21960 -0.07249
v 0.16123 0.22346 -0.07126
v 0.15700 0.22270 -0.07500
v 0.16090 0.21902 -0.07208
v 0.16094 0.21829 -0.07153
v 0.16107 0.21742 -0.07086
v 0.16744 0.21917 -0.05514
v 0.16128 0.21643 -0.07010
v 0.15931 0.23370 -0.06052
v 0.13942 0.21674 -0.04911
v 0.13639 0.26037 -0.06390
v 0.14433 0.25100 -0.05329
v 0.12373 0.25479 -0.05368
v 0.15080 0.22482 -0.03506
v 0.12861 0.24693 -0.05247
v 0.11512 0.29565 -0.05656
v 0.11009 0.26851 -0.05967
v 0.12476 0.27038 -0.04785
v 0.11379 0.27711 -0.04585
v 0.09978 0.27103 -0.04695
v 0.08629 0.24695 -0.09450
v 0.08597 0.24598 -0.09380
v 0.08569 0.24506 -0.09310
v 0.08548 0.24435 -0.09248
v 0.08536 0.24393 -0.09206
v 0.08530 0.24365 -0.09181
v 0.08528 0.24334 -0.09163
v 0.08532 0.24295 -0.09140
v 0.08536 0.24252 -0.09108
v 0.08483 0.25357 -0.08689
v 0.08544 0.24189 -0.09062
v 0.08555 0.24106 -0.08998
v 0.09360 0.24346 -0.08208
v 0.09087 0.24232 -0.08226
v 0.09739 0.24403 -0.08225
v 0.08568 0.23988 -0.08899
v 0.08592 0.23855 -0.08771
v 0.08639 0.23771 -0.08643
v 0.08713 0.23784 -0.08525
v 0.08820 0.23883 -0.08410
v 0.08948 0.24047 -0.08302
v 0.08990 0.26852 -0.06081
v 0.12371 0.22951 -0.05832
v 0.12133 0.21278 -0.05299
v 0.12467 0.24098 -0.04271
v 0.12653 0.25606 -0.03664
v 0.09897 0.28833 -0.05421
v 0.07876 0.26623 -0.04389
v 0.11736 0.25231 -0.02670
v 0.12085 0.24387 -0.02611
v 0.13674 0.21171 -0.03757
v 0.00571 0.22946 0.05460
v 0.02452 0.21302 0.04476
v 0.03668 0.20653 0.04921
v 0.01971 0.21906 0.06445
v 0.03810 0.20188 0.07185
v 0.02364 0.20374 0.05681
v 0.01625 0.20923 0.06221
v 0.03556 0.20198 0.06385
v 0.02172 0.20236 0.06828
v 0.01746 0.21124 0.07245
v 0.00779 0.20163 0.08388
v 0.05190 0.19064 0.02643
v 0.04615 0.19484 0.03891
v 0.06203 0.18606 0.02666
v 0.03458 0.18560 0.03261
v 0.05578 0.20322 0.04317
v 0.03834 0.18572 0.04359
v 0.01923 0.19273 0.04661
v 0.03484 0.19154 0.05615
v 0.02683 0.18340 0.06452
v 0.04420 0.22178 0.01361
v 0.05172 0.21906 0.01507
v 0.02194 0.21514 -0.02700
v -0.00698 0.21240 -0.01765
v 0.00566 0.20341 -0.00650
v 0.02702 0.21550 -0.01398
v -0.00124 0.23765 -0.01487
v 0.01605 0.21740 -0.01799
v 0.02078 0.22377 -0.00673
v 0.02205 0.22402 0.00169
v 0.01152 0.22837 0.00141
v 0.00219 0.22715 -0.00405
v 0.00495 0.22540 0.01724
v 0.02633 0.23036 0.01739
v 0.01224 0.23617 0.02429
v -0.00839 0.22106 0.01270
v 0.00048 0.23254 0.03259
v 0.00500 0.22320 0.03888
v 0.02213 0.21219 0.00744
v 0.04030 0.21756 -0.00089
v 0.03366 0.21961 0.01302
v 0.00692 0.21265 0.00575
v 0.03428 0.20518 0.01964
v 0.05971 0.20311 0.00629
v 0.04455 0.19842 0.02477
v 0.06114 0.19265 0.01561
v 0.02176 0.20077 0.02216
v 0.02005 0.17839 0.02694
v 0.01596 0.19051 0.02920
v 0.02296 0.22124 0.01791
v 0.02600 0.23271 0.02434
v 0.02075 0.22616 0.03385
v 0.01706 0.21137 0.01749
v 0.00917 0.22024 0.02536
v 0.01892 0.20493 0.02266
v 0.00870 0.22471 0.04391
v 0.03009 0.20275 0.04106
v 0.02316 0.21216 0.02893
v 0.01722 0.20469 0.03836
v 0.02617 0.21332 0.03822
v 0.02490 0.19451 0.05719
v 0.02688 0.20194 0.05891
v 0.00337 0.20131 0.09435
v -0.01599 0.18870 0.09893
v -0.00609 0.23443 -0.03708
v 0.01542 0.24389 -0.03644
v 0.02021 0.23295 -0.03437
v 0.11568 0.20001 -0.03101
v 0.10861 0.22092 -0.03395
v 0.11554 0.23051 -0.01697
v 0.09979 0.20632 -0.02845
v 0.06216 0.26681 -0.02789
v 0.09331 0.25231 -0.03903
v 0.07747 0.25745 -0.02903
v 0.04884 0.26377 -0.03878
v 0.01546 0.25978 -0.05154
v 0.03563 0.24168 -0.01723
v 0.01590 0.24792 -0.02925
v 0.03727 0.26228 -0.02835
v 0.04979 0.25127 -0.02351
v 0.05148 0.25670 -0.01631
v 0.03775 0.23920 -0.00642
v 0.07656 0.23942 -0.01053
v 0.10544 0.22380 -0.00559
v 0.06023 0.24525 -0.01972
v 0.05793 0.22363 0.00333
v 0.09638 0.20709 0.00228
v 0.08169 0.23015 0.00453
v 0.06779 0.22513 0.01141
v 0.00916 0.25088 -0.09859
v 0.00848 0.25127 -0.09798
v 0.00882 0.25518 -0.09520
v 0.01925 0.25054 -0.09820
v 0.01796 0.24999 -0.09779
v 0.01749 0.24950 -0.09742
v 0.01639 0.24977 -0.09764
v 0.01338 0.25605 -0.09617
v 0.01267 0.25032 -0.09811
v 0.01351 0.25042 -0.09818
v 0.01322 0.25041 -0.09818
v 0.01229 0.25043 -0.09820
v 0.01287 0.25031 -0.09810
v 0.01105 0.25091 -0.09859
v 0.01002 0.25108 -0.09874
v 0.01168 0.25049 -0.09825
v 0.01536 0.24995 -0.09780
v 0.00778 0.25062 -0.09840
v 0.00813 0.25090 -0.09816
v 0.00739 0.25056 -0.09837
v 0.00705 0.25065 -0.09800
v 0.00698 0.25052 -0.09834
v 0.00602 0.25026 -0.09815
v 0.00469 0.25038 -0.09826
v 0.00357 0.24988 -0.09789
v 0.00290 0.24964 -0.09771
v 0.00251 0.24906 -0.09727
v 0.00222 0.24888 -0.09713
v 0.00188 0.24876 -0.09704
v 0.00106 0.24817 -0.09660
v 0.00064 0.24789 -0.09638
v 0.00005 0.24755 -0.09613
v -0.00091 0.24713 -0.09581
v -0.00211 0.24672 -0.09552
v 0.00340 0.24910 -0.09085
v -0.00520 0.24623 -0.09517
v -0.00561 0.24567 -0.09474
v -0.00504 0.24845 -0.09196
v -0.00340 0.24617 -0.09511
v -0.00471 0.24630 -0.09523
v -0.00381 0.24606 -0.09503
v -0.00596 0.24498 -0.09422
v -0.00624 0.24459 -0.09392
v -0.00664 0.24376 -0.09328
v -0.00689 0.24368 -0.09282
v -0.00827 0.24644 -0.08850
v 0.00591 0.26258 -0.07922
v 0.01115 0.25578 -0.08356
v 0.02455 0.25211 -0.09935
v 0.02399 0.25116 -0.09863
v 0.02273 0.25057 -0.09818
v 0.02098 0.25057 -0.09820
v 0.03069 0.26665 -0.06365
v 0.03072 0.26352 -0.06810
v 0.02664 0.27002 -0.07940
v 0.00648 0.25767 -0.06553
v 0.00047 0.25401 -0.04753
v 0.03992 0.27466 -0.03690
v 0.01041 0.28436 -0.06515
v 0.01461 0.28052 -0.05459
v 0.02134 0.27020 -0.04320
v 0.01155 0.27068 -0.05338
v 0.12276 0.19889 -0.03631
v 0.12412 0.19518 -0.02170
v 0.13211 0.20798 -0.02547
v 0.10958 0.20118 -0.02042
v 0.09660 0.18461 -0.01783
v 0.10541 0.20129 -0.00434
v 0.09154 0.20463 0.00477
v 0.03761 0.06274 0.09649
v -0.00234 0.05668 0.09131
v 0.00243 0.06341 0.10189
v 0.05154 0.05877 0.10632
v 0.04036 0.05773 0.11147
v 0.02144 0.02928 0.10917
v 0.00572 0.04521 0.09914
v -0.00570 0.00538 0.09090
v -0.00287 0.00494 0.09127
v -0.00175 0.00467 0.09164
v -0.00108 0.00458 0.09213
v -0.00052 0.00432 0.09231
v 0.00024 0.00379 0.09233
v 0.00151 0.00316 0.09273
v -0.00453 0.00529 0.09098
v -0.00624 0.00674 0.09161
v 0.00255 0.00276 0.09302
v 0.00428 0.00238 0.09334
v 0.00359 0.00251 0.09323
v 0.00550 0.00165 0.09391
v 0.00502 0.00200 0.09364
v 0.00469 0.00225 0.09344
v 0.00610 0.00132 0.09418
v 0.00671 0.00111 0.09435
v 0.00023 0.02872 0.10598
v 0.05559 0.00473 0.09216
v 0.05398 0.00450 0.09232
v 0.04934 0.00592 0.09143
v 0.04941 0.00605 0.09160
v 0.05062 0.00576 0.09142
v 0.05041 0.00571 0.09139
v 0.05099 0.00578 0.09156
v 0.05149 0.00528 0.09175
v 0.04712 0.00411 0.09253
v 0.04468 0.00474 0.09802
v 0.05260 0.00464 0.09221
v 0.03934 0.00539 0.10196
v 0.02667 0.00046 0.09516
v 0.02577 0.00033 0.09520
v 0.02247 0.00044 0.09506
v 0.02336 0.00015 0.09530
v 0.02508 0.00020 0.09528
v 0.02462 0.00006 0.09538
v 0.02414 0.00003 0.09540
v 0.04133 0.00264 0.09359
v 0.03997 0.00218 0.09394
v 0.03901 0.00175 0.09425
v 0.03659 0.00163 0.09458
v 0.03625 0.00138 0.09450
v 0.03530 0.00094 0.09483
v 0.03698 0.00155 0.09438
v 0.03800 0.00139 0.09452
v 0.04568 0.00449 0.09270
v 0.04502 0.00432 0.09280
v 0.04620 0.00412 0.09251
v 0.04575 0.00418 0.09246
v 0.04467 0.00411 0.09296
v 0.04410 0.00352 0.09295
v 0.04271 0.00309 0.09326
v 0.04216 0.00297 0.09335
v 0.03169 0.00034 0.09537
v 0.03068 0.00019 0.09550
v 0.03005 0.00039 0.09565
v 0.02937 0.00024 0.09546
v 0.03039 0.00031 0.09568
v 0.03436 0.00079 0.09494
v 0.03303 0.00070 0.09518
v 0.03304 0.00060 0.09516
v 0.03216 0.00052 0.09541
v 0.02852 0.00010 0.09540
v 0.02720 0.00045 0.09534
v 0.02768 0.00022 0.09535
v 0.02992 0.00237 0.09825
v 0.02288 0.00366 0.10361
v 0.03599 0.01768 0.10248
v -0.00079 0.01882 0.10143
v 0.07102 0.00895 0.08909
v 0.06934 0.00818 0.08966
v 0.06737 0.00748 0.09017
v 0.06590 0.00690 0.09061
v 0.06270 0.00593 0.09132
v 0.06054 0.00545 0.09166
v 0.06441 0.00639 0.09098
v 0.05843 0.00842 0.09750
v 0.05938 0.00525 0.09180
v 0.05834 0.00512 0.09188
v 0.05694 0.00495 0.09200
v 0.03471 0.02619 0.10901
v 0.04903 0.02719 0.11050
v 0.00797 0.00080 0.09461
v 0.00881 0.00063 0.09475
v 0.01080 0.00017 0.09513
v 0.00966 0.00044 0.09490
v 0.01292 0.00002 0.09528
v 0.01459 0.00000 0.09536
v 0.01568 0.00014 0.09544
v 0.00314 0.01095 0.10170
v 0.02040 0.00017 0.09524
v 0.01916 0.00018 0.09522
v 0.01798 0.00037 0.09529
v 0.01219 0.00243 0.10023
v 0.01695 0.00044 0.09557
v 0.02163 0.00039 0.09509
v 0.00739 0.00094 0.09449
v 0.00451 0.00330 0.09643
v 0.02868 0.08627 0.10370
v 0.01682 0.07886 0.10626
v 0.01743 0.06330 0.10020
v 0.00543 0.07006 0.11302
v -0.00442 0.06228 0.10822
v -0.00448 0.07087 0.11568
v 0.02089 0.10711 0.12694
v 0.12482 0.09128 0.08060
v 0.11021 0.08178 0.08476
v 0.07836 0.05513 0.08064
v 0.05116 0.04947 0.07459
v 0.05179 0.04479 0.07868
v 0.07609 0.04958 0.08762
v 0.05445 0.07598 0.09061
v 0.03436 0.07091 0.09854
v 0.05111 0.05935 0.09109
v 0.06856 0.06825 0.09055
v 0.14124 0.05703 0.05281
v 0.14236 0.06528 0.06760
v 0.14154 0.05569 0.05384
v 0.14193 0.05448 0.05479
v 0.14233 0.05332 0.05568
v 0.14249 0.05209 0.05664
v 0.14253 0.05099 0.05749
v 0.11674 0.04544 0.06711
v 0.12214 0.04193 0.06424
v 0.12145 0.04202 0.06416
v 0.12228 0.04166 0.06445
v 0.12247 0.04072 0.06517
v 0.12264 0.04012 0.06564
v 0.11816 0.04063 0.06610
v 0.11786 0.04019 0.06582
v 0.11723 0.04037 0.06538
v 0.11696 0.04081 0.06553
v 0.11669 0.04043 0.06533
v 0.11755 0.04019 0.06552
v 0.11597 0.04019 0.06551
v 0.11533 0.03990 0.06572
v 0.11991 0.04125 0.06473
v 0.11859 0.04020 0.06553
v 0.11857 0.04044 0.06580
v 0.12304 0.04376 0.06743
v 0.11259 0.04520 0.07214
v 0.11506 0.03947 0.06604
v 0.11449 0.03881 0.06655
v 0.11388 0.03849 0.06679
v 0.11325 0.03821 0.06700
v 0.11256 0.03762 0.06745
v 0.11222 0.03734 0.06766
v 0.11175 0.03685 0.06803
v 0.11127 0.03638 0.06839
v 0.11074 0.03597 0.06870
v 0.11024 0.03551 0.06905
v 0.10978 0.03502 0.06942
v 0.10909 0.03422 0.07003
v 0.10841 0.03351 0.07057
v 0.10787 0.03311 0.07087
v 0.09528 0.06080 0.08146
v 0.14279 0.04913 0.05893
v 0.14322 0.04773 0.06001
v 0.14338 0.04696 0.06061
v 0.14316 0.04620 0.06119
v 0.14270 0.04504 0.06209
v 0.14247 0.04359 0.06320
v 0.14239 0.04237 0.06414
v 0.14230 0.04139 0.06490
v 0.14187 0.04004 0.06594
v 0.14141 0.03914 0.06663
v 0.13025 0.03852 0.06710
v 0.13207 0.03812 0.06756
v 0.13427 0.03766 0.06769
v 0.13245 0.03800 0.06753
v 0.13116 0.03945 0.06802
v 0.13500 0.03747 0.06784
v 0.13618 0.03713 0.06812
v 0.13727 0.03681 0.06838
v 0.14097 0.03863 0.06702
v 0.14047 0.03819 0.06738
v 0.13994 0.03781 0.06774
v 0.13948 0.03749 0.06828
v 0.13907 0.03719 0.06887
v 0.13812 0.03675 0.06861
v 0.13869 0.03697 0.06898
v 0.12286 0.03955 0.06608
v 0.12332 0.03927 0.06631
v 0.12310 0.03933 0.06626
v 0.12373 0.03930 0.06628
v 0.12411 0.03937 0.06624
v 0.12602 0.03935 0.06673
v 0.12564 0.03911 0.06646
v 0.12520 0.03903 0.06652
v 0.12465 0.03911 0.06644
v 0.12800 0.03929 0.06725
v 0.12731 0.03845 0.06699
v 0.12709 0.03843 0.06700
v 0.12675 0.03938 0.06725
v 0.12909 0.03870 0.06682
v 0.12861 0.03872 0.06680
v 0.12980 0.03872 0.06706
v 0.12785 0.03857 0.06690
v 0.12709 0.03695 0.06815
v 0.12600 0.03660 0.06840
v 0.12560 0.03603 0.06884
v 0.12223 0.03850 0.07563
v 0.12787 0.03667 0.06837
v 0.12749 0.03691 0.06818
v 0.12825 0.03618 0.06875
v 0.12835 0.03589 0.06898
v 0.12837 0.03556 0.06924
v 0.12811 0.03513 0.06957
v 0.12669 0.03473 0.06986
v 0.12752 0.03479 0.06982
v 0.12590 0.03539 0.07026
v 0.12211 0.04624 0.07755
v 0.12430 0.03852 0.07315
v 0.13937 0.04428 0.07167
v 0.11481 0.06878 0.08114
v 0.09811 0.07640 0.08523
v 0.12987 0.07746 0.07959
v 0.10640 0.03173 0.07192
v 0.10606 0.03159 0.07226
v 0.10481 0.03034 0.07332
v 0.09886 0.02804 0.07955
v 0.10850 0.03848 0.07023
v 0.09766 0.04805 0.07514
v 0.09944 0.03980 0.09334
v 0.10577 0.03117 0.07246
v 0.10441 0.02990 0.07344
v 0.10351 0.02910 0.07392
v 0.10223 0.02808 0.07469
v 0.10082 0.02687 0.07561
v 0.09915 0.02541 0.07671
v 0.09719 0.02407 0.07773
v 0.09586 0.02317 0.07841
v 0.09464 0.02217 0.07916
v 0.09374 0.02158 0.07961
v 0.09276 0.02103 0.08002
v 0.08719 0.02210 0.09049
v 0.09191 0.02044 0.08047
v 0.09084 0.01961 0.08109
v 0.09008 0.01918 0.08163
v 0.08952 0.01895 0.08206
v 0.08834 0.01811 0.08234
v 0.08636 0.01703 0.08306
v 0.08455 0.01624 0.08363
v 0.08311 0.01565 0.08406
v 0.08170 0.01519 0.08440
v 0.08032 0.01473 0.08473
v 0.07901 0.01420 0.08513
v 0.07804 0.01376 0.08565
v 0.07751 0.01345 0.08612
v 0.07673 0.01261 0.08643
v 0.07532 0.01164 0.08709
v 0.07702 0.01629 0.09225
v 0.07345 0.01045 0.08796
v 0.07226 0.00972 0.08851
v 0.06766 0.02340 0.10618
v 0.08509 0.05349 0.09637
v 0.08465 0.02931 0.08665
v 0.06749 0.05220 0.10780
v 0.06361 0.03690 0.11106
v 0.11441 0.09978 0.08348
v 0.09288 0.08628 0.08431
v 0.09148 0.08519 0.09724
v 0.09620 0.09802 0.11441
v 0.04327 0.09273 0.09497
v 0.03735 0.08780 0.09785
v 0.05137 0.08073 0.10902
v 0.03471 0.07715 0.10163
v 0.07446 0.08155 0.08535
v 0.07001 0.08566 0.09185
v 0.07010 0.08141 0.10887
v 0.05662 0.08042 0.10994
v 0.03586 0.09489 0.12274
v 0.01215 0.09393 0.09707
v -0.00183 0.07417 0.11183
v 0.00064 0.09332 0.10792
v 0.02270 0.08831 0.11541
v 0.07216 0.13637 0.08824
v 0.07014 0.14722 0.07834
v 0.07428 0.15427 0.08827
v 0.07681 0.15300 0.09271
v 0.06970 0.13933 0.09545
v 0.03200 0.14800 0.09626
v 0.01181 0.15661 0.09397
v 0.02484 0.12431 0.10335
v 0.04776 0.12885 0.10573
v 0.03009 0.11132 0.11115
v 0.03867 0.10596 0.12448
v 0.09880 0.13402 0.08497
v 0.09898 0.10612 0.11232
v 0.11764 0.11121 0.10468
v 0.06331 0.12404 0.10568
v 0.06390 0.10914 0.11714
v 0.06050 0.11381 0.10790
v 0.08120 0.11078 0.10867
v 0.05817 0.09798 0.12241
v 0.00676 0.16392 0.10791
v 0.00212 0.11892 0.12534
v 0.03659 0.18903 0.08990
v 0.02645 0.19759 0.10559
v 0.02717 0.18535 0.08114
v 0.03307 0.16690 0.10278
v 0.00317 0.17254 0.09357
v 0.00799 0.18108 0.10896
v 0.01368 0.19032 0.10914
v 0.03354 0.18547 0.10881
v -0.00145 0.17070 0.10728
v 0.06495 0.17665 0.09411
v 0.05687 0.15606 0.09098
v 0.05538 0.16538 0.10109
v 0.03765 0.17331 0.10908
v 0.08264 0.14954 0.09989
v 0.04342 0.16753 0.09214
v 0.04560 0.15955 0.10667
v 0.00779 0.15859 0.10774
v -0.00179 0.13451 0.09271
v 0.00714 0.12209 0.11933
v 0.00601 0.10436 0.11030
v 0.00419 0.10916 0.12383
v 0.01498 0.11449 0.11210
v -0.00069 0.09942 0.11266
v 0.16595 0.19526 -0.05368
v 0.17910 0.18142 -0.02845
v 0.16613 0.19355 -0.05236
v 0.16626 0.19193 -0.05110
v 0.16636 0.19029 -0.04981
v 0.16649 0.18859 -0.04844
v 0.16664 0.18707 -0.04714
v 0.17146 0.19688 -0.04847
v 0.16682 0.18563 -0.04574
v 0.16721 0.18430 -0.04412
v 0.16801 0.18310 -0.04220
v 0.16894 0.18135 -0.04015
v 0.16960 0.17860 -0.03824
v 0.17682 0.20422 -0.02946
v 0.16505 0.20166 -0.01640
v 0.16986 0.17520 -0.03651
v 0.16999 0.17231 -0.03496
v 0.17023 0.17027 -0.03345
v 0.17031 0.16833 -0.03228
v 0.17038 0.16653 -0.03118
v 0.17056 0.16488 -0.02993
v 0.17085 0.16328 -0.02839
v 0.17113 0.16196 -0.02664
v 0.17134 0.16091 -0.02455
v 0.17133 0.15964 -0.02224
v 0.17093 0.15816 -0.02024
v 0.18541 0.18047 -0.00884
v 0.17751 0.18937 -0.00771
v 0.18451 0.16206 -0.01187
v 0.17448 0.18123 -0.00198
v 0.07955 0.15172 0.02889
v 0.06110 0.18399 0.03574
v 0.06159 0.17514 0.04055
v 0.05680 0.17024 0.04894
v 0.07274 0.16220 0.04597
v 0.04692 0.17663 0.04870
v 0.05832 0.20023 0.05970
v 0.04966 0.18274 0.05347
v 0.03958 0.18097 0.06022
v 0.03980 0.19033 0.06815
v 0.06075 0.18391 0.05419
v 0.05718 0.18876 0.06306
v 0.07603 0.15752 0.03991
v 0.08752 0.15330 0.04508
v 0.09404 0.14799 0.04910
v 0.07082 0.14351 0.05701
v 0.08067 0.16337 0.05440
v 0.06927 0.15337 0.05313
v 0.06796 0.15576 0.06496
v 0.09544 0.15431 0.05812
v 0.06354 0.16931 0.04973
v 0.07636 0.14804 0.06944
v 0.04333 0.20747 0.08168
v 0.05457 0.20851 0.07377
v 0.06899 0.18712 0.06670
v 0.03429 0.20664 0.08763
v 0.07472 0.16864 0.08359
v 0.14528 0.19148 -0.02341
v 0.15563 0.18519 -0.01879
v 0.12910 0.19884 -0.01429
v 0.12098 0.18130 0.00093
v 0.12986 0.19160 -0.00667
v 0.13667 0.17671 -0.00571
v 0.09964 0.17289 -0.01027
v 0.09469 0.16003 -0.00202
v 0.08494 0.15649 0.01151
v 0.09057 0.16703 0.02574
v 0.16964 0.15671 -0.01913
v 0.16721 0.15529 -0.01908
v 0.16460 0.15381 -0.01920
v 0.16217 0.15219 -0.01924
v 0.16027 0.15079 -0.01887
v 0.15896 0.14975 -0.01831
v 0.15787 0.14868 -0.01704
v 0.15822 0.14911 -0.01768
v 0.15799 0.14818 -0.01654
v 0.15831 0.14742 -0.01618
v 0.15682 0.17345 -0.00917
v 0.15994 0.14556 -0.01532
v 0.16047 0.14521 -0.01502
v 0.16093 0.14497 -0.01472
v 0.16139 0.14474 -0.01439
v 0.16259 0.14691 -0.01329
v 0.15879 0.14664 -0.01589
v 0.15935 0.14605 -0.01561
v 0.14846 0.16379 -0.00001
v 0.12164 0.16821 0.01003
v 0.13465 0.16124 0.00346
v 0.14747 0.15702 0.01407
v 0.11269 0.15999 0.01800
v 0.11446 0.15074 0.02843
v 0.09815 0.14486 0.02058
v 0.09700 0.14995 0.01193
v 0.09499 0.14741 0.02712
v 0.09417 0.14862 0.03900
v 0.12431 0.15120 0.01914
v 0.09202 0.13441 0.03022
v 0.09983 0.14025 0.04040
v 0.07279 0.18137 0.01851
v 0.07019 0.18128 0.03999
v 0.08014 0.17515 0.02333
v 0.07183 0.16750 0.03275
v 0.06572 0.20167 0.06381
v 0.09621 0.15772 0.03061
v 0.09397 0.16097 0.04230
v 0.10139 0.14571 0.04208
v 0.19145 0.14284 -0.01287
v 0.19202 0.14175 -0.01203
v 0.19260 0.14068 -0.01119
v 0.19301 0.13962 -0.01036
v 0.19704 0.13682 -0.00053
v 0.19349 0.13839 -0.00941
v 0.19381 0.13717 -0.00847
v 0.19374 0.13671 -0.00811
v 0.19296 0.13555 -0.00722
v 0.19157 0.13512 -0.00691
v 0.18996 0.13495 -0.00679
v 0.19495 0.12949 -0.00251
v 0.19423 0.12985 -0.00280
v 0.19587 0.12860 -0.00181
v 0.19561 0.12821 -0.00152
v 0.19739 0.13603 0.00971
v 0.20000 0.12609 0.01069
v 0.19951 0.12475 0.00212
v 0.19968 0.12414 0.00258
v 0.18586 0.15093 -0.01919
v 0.18537 0.15086 -0.01914
v 0.18605 0.15947 -0.01519
v 0.18779 0.15057 -0.01889
v 0.18715 0.15083 -0.01910
v 0.18847 0.14955 -0.01809
v 0.18432 0.15003 -0.01851
v 0.18919 0.14855 -0.01731
v 0.18977 0.14747 -0.01647
v 0.18305 0.14735 -0.01646
v 0.18272 0.14651 -0.01581
v 0.18218 0.14422 -0.01405
v 0.19024 0.14634 -0.01559
v 0.19065 0.14518 -0.01469
v 0.19099 0.14397 -0.01375
v 0.18325 0.17336 0.00516
v 0.09923 0.14070 0.06716
v 0.09224 0.14163 0.07161
v 0.08311 0.15555 0.05986
v 0.09577 0.14737 0.07031
v 0.09211 0.15579 0.07792
v 0.08958 0.14915 0.07755
v 0.09335 0.16552 0.08609
v 0.18500 0.13735 -0.00730
v 0.18340 0.13875 -0.00945
v 0.18783 0.13539 -0.00716
v 0.17686 0.13512 -0.00709
v 0.17841 0.13415 -0.00632
v 0.17928 0.13364 -0.00591
v 0.18099 0.13316 -0.00552
v 0.18445 0.13307 -0.00062
v 0.18171 0.13285 -0.00527
v 0.18221 0.13242 -0.00494
v 0.18005 0.13335 -0.00568
v 0.18289 0.13175 -0.00441
v 0.18333 0.13094 -0.00378
v 0.18431 0.13008 -0.00310
v 0.18554 0.12935 -0.00252
v 0.18617 0.12965 -0.00140
v 0.18594 0.12887 -0.00215
v 0.18598 0.12934 -0.00159
v 0.19126 0.13030 -0.00319
v 0.19041 0.13022 -0.00314
v 0.19367 0.13019 -0.00307
v 0.19209 0.13032 -0.00319
v 0.18912 0.12967 -0.00273
v 0.18765 0.12934 -0.00249
v 0.19516 0.12665 -0.00032
v 0.19508 0.12542 0.00063
v 0.19570 0.12436 0.00146
v 0.19890 0.12429 0.00155
v 0.19742 0.12397 0.00178
v 0.17779 0.13796 0.00868
v 0.17770 0.12967 0.02161
v 0.17248 0.11816 0.04001
v 0.17420 0.11192 0.01080
v 0.17108 0.11145 0.01113
v 0.16954 0.11120 0.01130
v 0.16795 0.11100 0.01144
v 0.16660 0.11051 0.01180
v 0.16609 0.11008 0.01213
v 0.16586 0.10931 0.01272
v 0.16572 0.10850 0.01334
v 0.16577 0.10784 0.01385
v 0.16551 0.10701 0.01449
v 0.19965 0.12230 0.00310
v 0.19960 0.12346 0.00220
v 0.19982 0.12101 0.00409
v 0.19951 0.12075 0.00518
v 0.19920 0.11976 0.00505
v 0.19838 0.11864 0.00591
v 0.19790 0.11816 0.00627
v 0.19654 0.11717 0.00702
v 0.19227 0.11547 0.00828
v 0.19087 0.11505 0.00859
v 0.18928 0.11485 0.00873
v 0.18765 0.11470 0.00882
v 0.18445 0.11422 0.00915
v 0.18296 0.11401 0.00929
v 0.18152 0.11364 0.00956
v 0.18015 0.11318 0.00990
v 0.17739 0.11229 0.01055
v 0.17583 0.11206 0.01071
v 0.18229 0.11909 0.01988
v 0.16502 0.10612 0.01517
v 0.16460 0.10454 0.01638
v 0.15991 0.10230 0.02437
v 0.16392 0.10340 0.01726
v 0.16321 0.10202 0.01832
v 0.16276 0.10176 0.01922
v 0.17256 0.11820 0.02466
v 0.18356 0.14377 0.02909
v 0.17805 0.14885 0.03565
v 0.17831 0.13780 0.02971
v 0.15595 0.13456 0.03352
v 0.13369 0.12922 0.03661
v 0.15969 0.14489 0.04418
v 0.17754 0.13607 0.04345
v 0.15625 0.11524 0.06692
v 0.16247 0.12703 0.04642
v 0.16113 0.14443 0.05788
v 0.16057 0.11178 0.02299
v 0.15558 0.11583 0.03061
v 0.14050 0.10908 0.02813
v 0.16190 0.10043 0.01953
v 0.16183 0.10023 0.01969
v 0.16185 0.09945 0.02029
v 0.16165 0.09872 0.02085
v 0.16118 0.09816 0.02127
v 0.16038 0.09703 0.02214
v 0.15968 0.09576 0.02311
v 0.15851 0.09402 0.02444
v 0.15780 0.09278 0.02539
v 0.15739 0.09222 0.02581
v 0.15694 0.09171 0.02620
v 0.15652 0.09117 0.02662
v 0.15177 0.09297 0.03382
v 0.15624 0.09045 0.02717
v 0.15616 0.09003 0.02749
v 0.15589 0.09024 0.02822
v 0.15595 0.08976 0.02770
v 0.15508 0.08871 0.02850
v 0.15474 0.08806 0.02900
v 0.15399 0.08687 0.02991
v 0.15338 0.08550 0.03096
v 0.15292 0.08465 0.03161
v 0.15252 0.08340 0.03257
v 0.15215 0.08279 0.03304
v 0.15162 0.08253 0.03365
v 0.15101 0.08189 0.03437
v 0.15077 0.08145 0.03432
v 0.15137 0.08236 0.03433
v 0.15143 0.08244 0.03433
v 0.15033 0.08078 0.03459
v 0.14998 0.08018 0.03511
v 0.14966 0.07949 0.03559
v 0.14894 0.08447 0.03680
v 0.14928 0.07889 0.03601
v 0.14882 0.07838 0.03640
v 0.14837 0.07783 0.03682
v 0.14789 0.07718 0.03732
v 0.14722 0.07625 0.03803
v 0.14661 0.07531 0.03875
v 0.14602 0.07429 0.03953
v 0.14594 0.10919 0.04767
v 0.13819 0.08618 0.03898
v 0.11466 0.11642 0.05810
v 0.13104 0.12732 0.04806
v 0.10846 0.12939 0.05576
v 0.14797 0.11378 0.06399
v 0.14551 0.10053 0.05797
v 0.13271 0.10423 0.06478
v 0.13720 0.09616 0.06836
v 0.14551 0.07330 0.04029
v 0.14507 0.07276 0.04070
v 0.14444 0.07221 0.04112
v 0.14050 0.07479 0.04409
v 0.14399 0.07169 0.04151
v 0.14348 0.07091 0.04211
v 0.14269 0.06970 0.04304
v 0.14208 0.06882 0.04371
v 0.14151 0.06791 0.04440
v 0.14080 0.06669 0.04534
v 0.14026 0.06571 0.04608
v 0.13918 0.06900 0.04882
v 0.13979 0.06488 0.04673
v 0.13926 0.06374 0.04760
v 0.13887 0.06239 0.04863
v 0.13958 0.08046 0.06985
v 0.14150 0.08859 0.06682
v 0.16341 0.14827 0.05189
v 0.13794 0.13871 0.07111
v 0.14502 0.15290 0.04853
v 0.13586 0.15316 0.07010
v 0.14873 0.13346 0.07218
v 0.11717 0.13102 0.07269
v 0.12648 0.12780 0.06877
v 0.12917 0.13221 0.07960
v 0.11809 0.13208 0.08273
v 0.16110 0.13045 0.06357
v 0.16932 0.12339 0.05868
v 0.15744 0.11896 0.07434
v 0.12416 0.11132 0.07479
v 0.14053 0.11584 0.07477
v 0.15043 0.12167 0.07878
v 0.13541 0.12549 0.08686
v 0.14400 0.11536 0.08737
v 0.14645 0.14610 0.06763
v 0.12642 0.13984 0.08805
v 0.13203 0.14534 0.08256
v 0.12253 0.15492 0.08288
v 0.12730 0.12693 0.09124
v 0.10971 0.12676 0.06255
v 0.10375 0.13544 0.06742
v 0.10125 0.12509 0.07201
v 0.11190 0.11894 0.06959
v 0.10991 0.13676 0.09057
v 0.10403 0.15441 0.09212
v 0.09138 0.16094 0.09486
v 0.10357 0.16114 0.08960
v 0.16332 0.14306 -0.01315
v 0.16367 0.14264 -0.01292
v 0.16405 0.14219 -0.01266
v 0.16564 0.14117 -0.01190
v 0.16507 0.14149 -0.01215
v 0.16451 0.14179 -0.01239
v 0.16628 0.14077 -0.01158
v 0.18207 0.14340 -0.01342
v 0.17673 0.15500 -0.01375
v 0.18227 0.14074 -0.01137
v 0.18179 0.14103 -0.01048
v 0.17504 0.13623 -0.00797
v 0.17452 0.13657 -0.00824
v 0.17549 0.13577 -0.00761
v 0.17608 0.13540 -0.00731
v 0.18111 0.13509 -0.00164
v 0.19132 0.14425 -0.00955
v 0.17393 0.14241 -0.00507
v 0.17836 0.14903 -0.00676
v 0.16698 0.14032 -0.01123
v 0.16765 0.13992 -0.01091
v 0.16829 0.13955 -0.01062
v 0.16896 0.13918 -0.01032
v 0.16989 0.13883 -0.01004
v 0.17096 0.13848 -0.00976
v 0.17198 0.13815 -0.00949
v 0.17253 0.13796 -0.00934
v 0.17379 0.13729 -0.00868
v 0.17372 0.13725 -0.00853
v 0.16476 0.16060 0.00755
v 0.17334 0.16060 0.01135
v 0.18115 0.16146 0.02578
v 0.18198 0.16412 0.01451
v 0.17882 0.14961 0.02105
v 0.14524 0.14848 0.01388
v 0.13692 0.15165 0.02095
v 0.16048 0.16093 0.02337
v 0.14681 0.13833 0.01926
v 0.12658 0.13761 0.03335
v 0.12699 0.14804 0.03014
v 0.10541 0.13673 0.04183
v 0.10362 0.13830 0.04740
v 0.12259 0.13522 0.04156
v 0.12042 0.14215 0.03945
v 0.10253 0.12788 0.04300
v 0.16780 0.16446 0.03171
v 0.16753 0.16663 0.02521
v 0.14934 0.16999 0.03383
v 0.15366 0.15582 0.05146
v 0.15317 0.16923 0.03928
v 0.16000 0.16531 0.03563
v 0.14342 0.16702 0.05529
v 0.14415 0.16430 0.05656
v 0.12662 0.14393 0.04399
v 0.13462 0.16825 0.05328
v 0.13392 0.15453 0.05569
v 0.12814 0.15263 0.05486
v 0.10435 0.14130 0.05392
v 0.10995 0.15312 0.05488
v 0.11844 0.14733 0.05765
v 0.10791 0.15190 0.07166
v 0.10767 0.15199 0.06073
v 0.12961 0.16611 0.06727
v 0.14055 0.16113 0.06085
v 0.11423 0.15673 0.07285
v 0.10339 0.15585 0.07389
v 0.11945 0.16698 0.06499
v 0.11061 0.16363 0.08514
v 0.11887 0.16721 0.07509
v -0.12142 0.18670 0.05648
v -0.07484 0.15052 0.12094
v -0.09707 0.09519 0.06301
v -0.10640 0.19613 0.07874
v -0.10581 0.19523 0.08567
v -0.08132 0.19372 0.10251
v -0.06753 0.19024 0.12980
v -0.14184 0.17252 0.03819
v -0.10823 0.11999 0.06907
v -0.14146 0.14954 0.07213
v -0.14207 0.13621 0.06531
v -0.14703 0.15069 0.05897
v -0.13250 0.12996 0.05132
v -0.09474 0.06779 0.04645
v -0.09418 0.06742 0.04707
v -0.09252 0.07797 0.04443
v -0.09748 0.10659 0.05891
v -0.19324 0.16635 -0.03555
v -0.19350 0.16590 -0.03492
v -0.17849 0.16450 -0.01292
v -0.17617 0.16379 -0.00733
v -0.15005 0.07241 0.05989
v -0.09345 0.06678 0.04768
v -0.01943 0.01083 0.08652
v -0.01005 0.00934 0.09299
v -0.00875 0.00654 0.08996
v -0.00803 0.00645 0.09050
v -0.00816 0.00621 0.09023
v -0.00793 0.00598 0.09049
v -0.00773 0.00543 0.09102
v -0.00693 0.00526 0.09098
v -0.00773 0.00531 0.09102
v -0.00713 0.02373 0.10509
v -0.01320 0.03190 0.09744
v -0.08288 0.11134 0.10151
v -0.04028 0.05906 0.11703
v -0.04409 0.05554 0.11039
v -0.07575 0.10725 0.10139
v -0.00014 0.11061 0.10837
v -0.06172 0.08332 0.10800
v -0.10980 0.22845 0.05628
v -0.09526 0.18554 -0.01173
v -0.08383 0.20946 0.02715
v -0.11444 0.20112 0.05738
v -0.12939 0.18299 0.04617
v -0.19255 0.16718 -0.03635
v -0.19146 0.17155 -0.02833
v -0.10339 0.22838 0.06473
v -0.14412 0.19052 -0.05384
v -0.14343 0.19142 -0.05453
v -0.14426 0.19032 -0.05369
v -0.14879 0.20078 -0.03998
v -0.12238 0.17850 -0.04160
v -0.13380 0.18267 -0.03318
v -0.11760 0.17777 -0.04335
v -0.11895 0.17689 -0.04301
v -0.10350 0.17321 -0.03288
v -0.10387 0.17025 -0.03074
v -0.10491 0.18592 -0.01961
v -0.16827 0.17041 0.00720
v -0.10544 0.21187 0.01113
v -0.10462 0.22401 0.02811
v -0.01359 0.24732 -0.06642
v -0.07821 0.21199 0.02864
v -0.08263 0.21911 0.02540
v -0.00713 0.24406 -0.09248
v -0.00738 0.24255 -0.09236
v -0.00781 0.24194 -0.09189
v -0.01951 0.22516 -0.02843
v -0.04967 0.22227 0.00946
v -0.13336 0.20338 -0.04913
v -0.14380 0.20019 -0.05536
v -0.14167 0.19350 -0.05612
v -0.14219 0.19292 -0.05568
v -0.14256 0.19248 -0.05534
v -0.11456 0.18580 -0.04549
v -0.10195 0.18396 -0.03950
v -0.11621 0.17781 -0.04368
v -0.11685 0.17752 -0.04347
v -0.10097 0.17475 -0.03769
v -0.09222 0.22603 0.01753
v -0.01784 0.24526 -0.05345
v -0.02136 0.24782 0.05833
v -0.01159 0.23348 0.04905
v -0.01710 0.22788 0.07356
v -0.06477 0.21409 0.01956
v -0.00252 0.22171 -0.03047
v -0.00748 0.23690 -0.01705
v -0.04490 0.22267 -0.00287
v -0.06329 0.23117 0.01446
v -0.06539 0.23270 0.06847
v -0.08091 0.23610 0.06536
v -0.02898 0.24099 0.06729
v -0.05136 0.24084 0.07826
v -0.03152 0.22722 0.06913
v -0.01961 0.23594 0.06504
v -0.01409 0.13553 0.09583
v -0.08916 0.23777 0.07012
v -0.06242 0.22785 0.06569
v -0.09987 0.20565 0.07674
v -0.06120 0.20108 0.11084
v 0.09397 0.27807 -0.06411
v 0.08379 0.24857 -0.08857
v 0.08876 0.25028 -0.09709
v 0.08833 0.24968 -0.09657
v 0.08789 0.24916 -0.09606
v 0.08737 0.24860 -0.09553
v 0.09135 0.25991 -0.09690
v 0.06540 0.28783 -0.05007
v 0.02558 0.25599 -0.10183
v 0.02548 0.25565 -0.10162
v 0.02522 0.25493 -0.10152
v 0.02519 0.25453 -0.10121
v 0.02521 0.25384 -0.10068
v 0.02494 0.25317 -0.10016
v 0.16454 0.20048 -0.05774
v 0.16517 0.19864 -0.05631
v 0.16364 0.21634 -0.02676
v 0.13651 0.24052 -0.07980
v 0.14942 0.23747 -0.07048
v 0.08679 0.24785 -0.09503
v 0.11274 0.23758 -0.01482
v 0.10388 0.23580 -0.01274
v 0.04729 0.18499 0.04228
v 0.04084 0.17828 0.05077
v 0.02300 0.17472 0.06067
v 0.06787 0.21290 0.01072
v -0.01445 0.22072 -0.03476
v 0.00143 0.21555 0.01400
v -0.00471 0.21685 0.03563
v 0.06013 0.21074 0.05845
v 0.03011 0.19660 0.06907
v 0.01874 0.20013 0.10345
v 0.02658 0.20803 0.08478
v 0.07050 0.18724 0.00275
v 0.06673 0.20104 0.04283
v -0.00723 0.24544 -0.04339
v 0.12604 0.21393 -0.04260
v 0.12375 0.22567 -0.03898
v 0.04055 0.23267 -0.00644
v 0.09218 0.24288 -0.02885
v 0.01913 0.26208 -0.09365
v -0.00679 0.24342 -0.09302
v -0.00719 0.24289 -0.09262
v -0.01273 0.24146 -0.08398
v 0.02464 0.25273 -0.09983
v 0.00719 0.21509 -0.03473
v 0.02389 0.21629 -0.01924
v 0.09300 0.17062 0.00601
v 0.09140 0.18766 0.00456
v -0.00653 0.00532 0.09094
v -0.00169 0.04921 0.09000
v 0.04858 0.00550 0.09147
v 0.04808 0.00505 0.09181
v 0.04938 0.00615 0.09323
v 0.04792 0.00474 0.09205
v 0.04781 0.00433 0.09237
v 0.13987 0.05994 0.05054
v 0.14081 0.05832 0.05180
v 0.11105 0.10254 0.09578
v 0.12041 0.10412 0.10090
v 0.09116 0.09861 0.09953
v 0.07978 0.09168 0.11936
v -0.00535 0.07214 0.09697
v -0.00087 0.08484 0.10213
v 0.01708 0.10013 0.11381
v -0.01140 0.09984 0.11106
v 0.10053 0.13308 0.07693
v 0.07100 0.16076 0.09064
v 0.13077 0.11556 0.09602
v 0.12177 0.10317 0.07463
v 0.12082 0.10513 0.09249
v 0.10139 0.14426 0.09390
v 0.09095 0.12372 0.09332
v 0.11769 0.12326 0.09465
v -0.01878 0.16710 0.11089
v 0.02541 0.19845 0.08254
v 0.02644 0.19585 0.08615
v 0.04691 0.18406 0.06922
v 0.04456 0.18579 0.10376
v 0.07625 0.16165 0.10165
v 0.00217 0.12612 0.09957
v -0.00725 0.14156 0.11641
v 0.16565 0.19693 -0.05498
v 0.17213 0.21164 -0.04178
v 0.18878 0.16667 0.00627
v 0.06491 0.17869 0.02843
v 0.06884 0.17504 0.03039
v 0.09053 0.14344 0.05072
v 0.07011 0.15928 0.07899
v 0.07646 0.14569 0.07892
v 0.05557 0.19272 0.07230
v 0.06080 0.18958 0.08825
v 0.11394 0.18945 -0.01208
v 0.09707 0.19015 0.00276
v 0.07400 0.17355 0.00678
v 0.16183 0.14442 -0.01407
v 0.16221 0.14405 -0.01379
v 0.13350 0.15667 0.02870
v 0.11683 0.14297 0.03680
v 0.06663 0.18798 0.03329
v 0.08321 0.14919 0.06109
v 0.08869 0.13580 0.08098
v 0.12778 0.10878 0.08758
v 0.13906 0.06114 0.04960
v 0.16350 0.15366 -0.01415
v 0.16256 0.14364 -0.01359
v 0.16293 0.14333 -0.01338
v 0.10424 0.14041 0.03279
v 0.11056 0.14996 0.04810
vt 0.39973 0.58288
vt 0.84552 0.86675
vt 0.60816 0.97172
vt 0.85645 0.85614
vt 0.84053 0.83413
vt 0.82419 0.81724
vt 0.02193 0.04070
vt 0.46658 0.58740
vt 0.48422 0.55733
vt 0.49949 0.51033
vt 0.46688 0.50112
vt 0.45627 0.54098
vt 0.43478 0.49343
vt 0.67533 0.27004
vt 0.52415 0.39767
vt 0.47890 0.43715
vt 0.49828 0.46424
vt 0.44488 0.44624
vt 0.77482 0.36905
vt 0.39974 0.45541
vt 0.41743 0.53737
vt 0.73057 0.32417
vt 0.81039 0.36689
vt 0.84824 0.36779
vt 0.70298 0.28169
vt 0.64744 0.23362
vt 0.68650 0.22632
vt 0.02474 0.64916
vt 0.52033 0.45679
vt 0.46866 0.61778
vt 0.85412 0.79455
vt 0.42316 0.57264
vt 0.90606 0.68589
vt 0.90571 0.68393
vt 0.90533 0.68297
vt 0.43416 0.92715
vt 0.43327 0.92441
vt 0.90482 0.68152
vt 0.90463 0.68000
vt 0.90473 0.67853
vt 0.90535 0.67674
vt 0.90359 0.67713
vt 0.90362 0.67428
vt 0.43161 0.92265
vt 0.42704 0.92227
vt 0.43090 0.92121
vt 0.42492 0.92071
vt 0.42078 0.92230
vt 0.41797 0.92198
vt 0.90256 0.67156
vt 0.90081 0.66900
vt 0.90126 0.66721
vt 0.90204 0.66132
vt 0.41422 0.92072
vt 0.41594 0.92205
vt 0.41237 0.92306
vt 0.41258 0.92072
vt 0.94989 0.45226
vt 0.41448 0.92335
vt 0.59123 0.76492
vt 0.40312 0.93447
vt 0.39875 0.91423
vt 0.61762 0.72609
vt 0.94443 0.44560
vt 0.94765 0.44340
vt 0.39798 0.91415
vt 0.39513 0.91482
vt 0.39253 0.91506
vt 0.97464 0.01670
vt 0.97307 0.01818
vt 0.97624 0.01835
vt 0.97721 0.01824
vt 0.90158 0.65866
vt 0.90246 0.65590
vt 0.90323 0.65390
vt 0.90131 0.65248
vt 0.38401 0.95218
vt 0.95660 0.40699
vt 0.39006 0.91248
vt 0.39085 0.91384
vt 0.62600 0.55356
vt 0.59716 0.93980
vt 0.52127 0.14827
vt 0.93566 0.96843
vt 0.71783 0.79007
vt 0.76204 0.80213
vt 0.75895 0.79976
vt 0.76384 0.80309
vt 0.76570 0.80384
vt 0.76907 0.80464
vt 0.77074 0.80494
vt 0.77247 0.80521
vt 0.77424 0.80512
vt 0.77432 0.80588
vt 0.77407 0.80666
vt 0.77646 0.80705
vt 0.77739 0.80718
vt 0.77874 0.80759
vt 0.77968 0.80816
vt 0.37558 0.48754
vt 0.46517 0.55956
vt 0.14959 0.31390
vt 0.14927 0.31447
vt 0.14949 0.31507
vt 0.14817 0.31691
vt 0.14557 0.31941
vt 0.14494 0.32188
vt 0.14300 0.32636
vt 0.13992 0.32875
vt 0.13402 0.33464
vt 0.12800 0.30489
vt 0.12730 0.34197
vt 0.13417 0.33640
vt 0.12145 0.35045
vt 0.12731 0.34554
vt 0.11967 0.35172
vt 0.10981 0.35450
vt 0.10923 0.35779
vt 0.10529 0.35909
vt 0.10170 0.35991
vt 0.10068 0.36024
vt 0.09745 0.33938
vt 0.05123 0.30467
vt 0.76141 0.13034
vt 0.09740 0.36123
vt 0.09424 0.35939
vt 0.09294 0.36006
vt 0.09118 0.36378
vt 0.08713 0.36550
vt 0.08061 0.36873
vt 0.07804 0.37013
vt 0.19950 0.40811
vt 0.07379 0.37299
vt 0.07611 0.37129
vt 0.07269 0.37393
vt 0.07035 0.37572
vt 0.06905 0.37678
vt 0.16193 0.40769
vt 0.21245 0.42073
vt 0.21143 0.42107
vt 0.06565 0.38011
vt 0.06185 0.38360
vt 0.04699 0.35392
vt 0.07465 0.35288
vt 0.05160 0.33851
vt 0.72008 0.14645
vt 0.62997 0.83594
vt 0.74925 0.14748
vt 0.78339 0.15431
vt 0.20979 0.42225
vt 0.20826 0.42349
vt 0.20525 0.42665
vt 0.20398 0.42829
vt 0.20331 0.42887
vt 0.20182 0.42854
vt 0.20150 0.42963
vt 0.20168 0.43045
vt 0.20040 0.43120
vt 0.19896 0.43237
vt 0.19509 0.43419
vt 0.18136 0.45858
vt 0.17212 0.43483
vt 0.18318 0.45162
vt 0.17764 0.45959
vt 0.83270 0.14086
vt 0.53803 0.09838
vt 0.48074 0.92037
vt 0.24222 0.53804
vt 0.57460 0.09599
vt 0.58705 0.12112
vt 0.91311 0.07384
vt 0.14475 0.39199
vt 0.37378 0.94933
vt 0.26273 0.81009
vt 0.87597 0.06854
vt 0.89776 0.04387
vt 0.66977 0.32239
vt 0.44056 0.03955
vt 0.06199 0.49619
vt 0.35944 0.97639
vt 0.89089 0.68823
vt 0.89310 0.11665
vt 0.74213 0.66551
vt 0.19093 0.43114
vt 0.19302 0.43770
vt 0.19572 0.43517
vt 0.19030 0.44008
vt 0.18773 0.44200
vt 0.18567 0.44455
vt 0.18433 0.44739
vt 0.17521 0.46174
vt 0.16930 0.46647
vt 0.16354 0.47240
vt 0.15754 0.47748
vt 0.15353 0.48202
vt 0.26704 0.65171
vt 0.38265 0.82430
vt 0.38346 0.82687
vt 0.38421 0.82864
vt 0.28748 0.69110
vt 0.52019 0.61032
vt 0.38525 0.83055
vt 0.38648 0.83499
vt 0.38748 0.83860
vt 0.38826 0.84221
vt 0.38968 0.84585
vt 0.39136 0.84937
vt 0.39222 0.85109
vt 0.39260 0.85415
vt 0.39452 0.85554
vt 0.39512 0.85697
vt 0.39571 0.85879
vt 0.39618 0.86040
vt 0.39569 0.86221
vt 0.39690 0.86360
vt 0.39614 0.86294
vt 0.38427 0.86547
vt 0.61979 0.81299
vt 0.14225 0.44330
vt 0.11208 0.40704
vt 0.87661 0.73011
vt 0.94617 0.01546
vt 0.94830 0.01577
vt 0.95212 0.01511
vt 0.95629 0.01436
vt 0.95861 0.01418
vt 0.96000 0.01377
vt 0.02424 0.36593
vt 0.98035 0.44273
vt 0.98120 0.44445
vt 0.98174 0.44389
vt 0.90601 0.69194
vt 0.90572 0.69375
vt 0.59231 0.85680
vt 0.43435 0.93716
vt 0.43433 0.93554
vt 0.43497 0.93680
vt 0.90589 0.69023
vt 0.90569 0.68904
vt 0.90807 0.69357
vt 0.90578 0.68857
vt 0.90585 0.68823
vt 0.90594 0.68745
vt 0.43445 0.93336
vt 0.42620 0.93500
vt 0.98108 0.44513
vt 0.96753 0.45216
vt 0.96556 0.45306
vt 0.97408 0.45206
vt 0.96929 0.45195
vt 0.97138 0.45237
vt 0.97111 0.45397
vt 0.95768 0.45589
vt 0.95783 0.45820
vt 0.95536 0.45765
vt 0.95181 0.45787
vt 0.95967 0.45443
vt 0.96230 0.45584
vt 0.96830 0.44732
vt 0.95857 0.22913
vt 0.61234 0.91966
vt 0.97829 0.77055
vt 0.37385 0.91931
vt 0.86254 0.66944
vt 0.91619 0.71078
vt 0.84496 0.97931
vt 0.90427 0.75032
vt 0.83267 0.97491
vt 0.82899 0.97516
vt 0.82455 0.97494
vt 0.96161 0.01351
vt 0.91297 0.34030
vt 0.96767 0.02951
vt 0.79734 0.98476
vt 0.81521 0.98629
vt 0.82170 0.97554
vt 0.82016 0.97458
vt 0.81875 0.97663
vt 0.81656 0.97669
vt 0.81498 0.97670
vt 0.81393 0.97683
vt 0.81294 0.97726
vt 0.81094 0.97960
vt 0.80345 0.98082
vt 0.80544 0.97959
vt 0.79981 0.98248
vt 0.80107 0.98162
vt 0.80758 0.97785
vt 0.94753 0.02200
vt 0.92924 0.65918
vt 0.98374 0.45291
vt 0.87845 0.84402
vt 0.98181 0.45369
vt 0.97770 0.45203
vt 0.83663 0.97351
vt 0.94163 0.06231
vt 0.95302 0.44141
vt 0.81747 0.22431
vt 0.97328 0.03905
vt 0.07917 0.56007
vt 0.35394 0.01985
vt 0.96744 0.80585
vt 0.94765 0.80340
vt 0.93313 0.78569
vt 0.80320 0.22326
vt 0.65775 0.48862
vt 0.80198 0.25650
vt 0.53376 0.96870
vt 0.04536 0.55427
vt 0.63237 0.94050
vt 0.00925 0.08446
vt 0.61929 0.94934
vt 0.77960 0.54359
vt 0.49460 0.37904
vt 0.92712 0.01294
vt 0.92275 0.01889
vt 0.91997 0.02269
vt 0.91774 0.02653
vt 0.91676 0.02919
vt 0.39827 0.86547
vt 0.39772 0.86363
vt 0.39892 0.86767
vt 0.39947 0.86952
vt 0.39989 0.87019
vt 0.39971 0.87232
vt 0.40081 0.87321
vt 0.40127 0.87513
vt 0.40299 0.87933
vt 0.39542 0.87628
vt 0.40360 0.88088
vt 0.40238 0.88030
vt 0.40509 0.88312
vt 0.93200 0.03401
vt 0.92966 0.01316
vt 0.93357 0.01234
vt 0.93798 0.01287
vt 0.93684 0.01278
vt 0.94536 0.01517
vt 0.94419 0.01477
vt 0.94201 0.01396
vt 0.94078 0.01315
vt 0.91449 0.03630
vt 0.84535 0.20937
vt 0.77638 0.37969
vt 0.77774 0.37939
vt 0.79711 0.38364
vt 0.79812 0.38420
vt 0.79990 0.38515
vt 0.78209 0.37813
vt 0.78650 0.37756
vt 0.78864 0.37859
vt 0.79148 0.38011
vt 0.79328 0.38122
vt 0.40546 0.88541
vt 0.40603 0.88738
vt 0.40571 0.88743
vt 0.40648 0.88831
vt 0.40777 0.89030
vt 0.40808 0.89146
vt 0.38700 0.88895
vt 0.40844 0.89428
vt 0.40903 0.89628
vt 0.40961 0.89778
vt 0.41068 0.89890
vt 0.40768 0.89687
vt 0.80312 0.38719
vt 0.67407 0.55913
vt 0.38591 0.91907
vt 0.96543 0.01248
vt 0.96706 0.01201
vt 0.96869 0.01185
vt 0.97045 0.01377
vt 0.97187 0.01376
vt 0.97160 0.01610
vt 0.79258 0.37195
vt 0.81625 0.34422
vt 0.37409 0.91683
vt 0.81097 0.31159
vt 0.86237 0.70346
vt 0.83791 0.48150
vt 0.77385 0.27868
vt 0.45506 0.95104
vt 0.07840 0.63992
vt 0.32674 0.92011
vt 0.04147 0.26998
vt 0.19277 0.78244
vt 0.53045 0.98807
vt 0.90564 0.64171
vt 0.90139 0.64201
vt 0.90466 0.63397
vt 0.90318 0.63162
vt 0.90172 0.63016
vt 0.90218 0.63723
vt 0.90103 0.63426
vt 0.90313 0.62810
vt 0.89982 0.62142
vt 0.90010 0.62390
vt 0.90016 0.61895
vt 0.92110 0.48224
vt 0.92277 0.48561
vt 0.71591 0.45085
vt 0.28594 0.71696
vt 0.79676 0.63569
vt 0.79791 0.63439
vt 0.79929 0.63484
vt 0.80378 0.63131
vt 0.80183 0.63425
vt 0.80608 0.63229
vt 0.81052 0.62502
vt 0.81059 0.62806
vt 0.81282 0.62182
vt 0.96495 0.36177
vt 0.83019 0.63066
vt 0.81716 0.61821
vt 0.81983 0.61546
vt 0.81988 0.61720
vt 0.82220 0.61361
vt 0.82551 0.61076
vt 0.82687 0.61036
vt 0.82959 0.60838
vt 0.89751 0.30765
vt 0.92369 0.33535
vt 0.85093 0.65930
vt 0.91767 0.43682
vt 0.88574 0.66317
vt 0.82980 0.59627
vt 0.82953 0.60255
vt 0.82982 0.60065
vt 0.82866 0.60410
vt 0.82938 0.60556
vt 0.81166 0.55172
vt 0.89727 0.34941
vt 0.83284 0.47806
vt 0.88480 0.68125
vt 0.79637 0.48827
vt 0.81717 0.46570
vt 0.79663 0.51736
vt 0.40176 0.40909
vt 0.40121 0.40794
vt 0.53426 0.05984
vt 0.49187 0.17637
vt 0.53243 0.05936
vt 0.30821 0.44934
vt 0.40012 0.40842
vt 0.39919 0.40872
vt 0.39807 0.40845
vt 0.53040 0.05914
vt 0.52608 0.05719
vt 0.52137 0.05562
vt 0.52006 0.05468
vt 0.38901 0.42406
vt 0.51853 0.05384
vt 0.51507 0.05393
vt 0.51152 0.05358
vt 0.51002 0.05406
vt 0.50910 0.05240
vt 0.50525 0.05129
vt 0.50319 0.04866
vt 0.50047 0.04473
vt 0.49479 0.04256
vt 0.49128 0.02753
vt 0.48923 0.02478
vt 0.39414 0.47912
vt 0.39373 0.47026
vt 0.39401 0.47420
vt 0.39366 0.46610
vt 0.41609 0.35140
vt 0.49000 0.01487
vt 0.48870 0.01912
vt 0.49032 0.02170
vt 0.39391 0.46494
vt 0.49218 0.03616
vt 0.49121 0.04023
vt 0.48890 0.02813
vt 0.49242 0.03265
vt 0.34289 0.43144
vt 0.39521 0.49093
vt 0.39406 0.49612
vt 0.39495 0.49467
vt 0.39523 0.49312
vt 0.39455 0.49680
vt 0.39466 0.49757
vt 0.39471 0.49833
vt 0.39431 0.48151
vt 0.39450 0.48318
vt 0.39476 0.48496
vt 0.39389 0.48697
vt 0.39475 0.48511
vt 0.39507 0.48940
vt 0.38873 0.47819
vt 0.35398 0.45503
vt 0.94614 0.37819
vt 0.91646 0.37214
vt 0.91471 0.63522
vt 0.82865 0.53948
vt 0.82838 0.53965
vt 0.82831 0.54281
vt 0.82755 0.54211
vt 0.82684 0.54389
vt 0.83034 0.54783
vt 0.83160 0.38286
vt 0.84011 0.22132
vt 0.84264 0.22026
vt 0.84430 0.21842
vt 0.83584 0.52666
vt 0.83120 0.53229
vt 0.83057 0.53404
vt 0.82979 0.53669
vt 0.83376 0.52844
vt 0.83280 0.52966
vt 0.83120 0.53229
vt 0.83114 0.53252
vt 0.83820 0.52630
vt 0.84085 0.52479
vt 0.84622 0.52188
vt 0.83723 0.53663
vt 0.85273 0.21771
vt 0.85981 0.21882
vt 0.86299 0.22005
vt 0.86698 0.22134
vt 0.85265 0.37649
vt 0.84018 0.57581
vt 0.85263 0.52189
vt 0.85718 0.52143
vt 0.85852 0.52077
vt 0.85793 0.52831
vt 0.87141 0.52047
vt 0.88124 0.51889
vt 0.88467 0.51857
vt 0.88711 0.51827
vt 0.87154 0.22095
vt 0.82793 0.59139
vt 0.82842 0.59541
vt 0.88878 0.52183
vt 0.75880 0.48073
vt 0.36754 0.35063
vt 0.37127 0.35108
vt 0.36399 0.34946
vt 0.37071 0.35291
vt 0.37227 0.35293
vt 0.37333 0.35734
vt 0.37401 0.36032
vt 0.37474 0.36339
vt 0.36582 0.35944
vt 0.85792 0.55640
vt 0.82984 0.59348
vt 0.27010 0.44940
vt 0.28165 0.39632
vt 0.37559 0.36641
vt 0.37666 0.36936
vt 0.37737 0.37212
vt 0.37986 0.37535
vt 0.38437 0.38168
vt 0.38369 0.38075
vt 0.38235 0.37857
vt 0.38710 0.38419
vt 0.38845 0.38513
vt 0.38942 0.38810
vt 0.39256 0.38984
vt 0.39161 0.38842
vt 0.39320 0.39136
vt 0.39426 0.39409
vt 0.39377 0.39287
vt 0.39495 0.39512
vt 0.39474 0.39596
vt 0.39553 0.39716
vt 0.39587 0.39847
vt 0.39656 0.39961
vt 0.39814 0.40446
vt 0.39122 0.40227
vt 0.39696 0.40233
vt 0.39664 0.40116
vt 0.39802 0.40678
vt 0.38279 0.45510
vt 0.28493 0.41055
vt 0.36340 0.39048
vt 0.55484 0.44908
vt 0.87447 0.62303
vt 0.84559 0.60554
vt 0.88114 0.60552
vt 0.32152 0.39726
vt 0.26723 0.37319
vt 0.47970 0.66982
vt 0.76007 0.62057
vt 0.60695 0.76791
vt 0.77637 0.59425
vt 0.75181 0.60006
vt 0.92205 0.37275
vt 0.42828 0.61246
vt 0.75447 0.55383
vt 0.77534 0.55097
vt 0.49459 0.35288
vt 0.52248 0.34797
vt 0.58294 0.29633
vt 0.62819 0.29891
vt 0.61671 0.22766
vt 0.63014 0.32990
vt 0.68585 0.33547
vt 0.70996 0.32427
vt 0.70877 0.34973
vt 0.57272 0.32417
vt 0.65480 0.27168
vt 0.31521 0.49977
vt 0.34701 0.50461
vt 0.58392 0.37735
vt 0.57926 0.28280
vt 0.37498 0.58793
vt 0.53166 0.19850
vt 0.89692 0.95853
vt 0.54770 0.22964
vt 0.70151 0.36782
vt 0.64075 0.37098
vt 0.62597 0.35029
vt 0.66429 0.41154
vt 0.67331 0.37870
vt 0.53305 0.26052
vt 0.49866 0.28993
vt 0.33992 0.45055
vt 0.47057 0.23523
vt 0.49189 0.24557
vt 0.35593 0.47709
vt 0.62818 0.76514
vt 0.64483 0.47426
vt 0.50897 0.37613
vt 0.73410 0.53816
vt 0.68548 0.48515
vt 0.60112 0.39361
vt 0.69238 0.51084
vt 0.72329 0.50427
vt 0.72775 0.48020
vt 0.17157 0.51063
vt 0.25354 0.05202
vt 0.24121 0.03404
vt 0.57212 0.93212
vt 0.58158 0.93909
vt 0.26801 0.94109
vt 0.16881 0.93730
vt 0.17593 0.93552
vt 0.18428 0.92544
vt 0.18090 0.92930
vt 0.18859 0.92452
vt 0.19138 0.91978
vt 0.19158 0.91969
vt 0.19418 0.92149
vt 0.16925 0.96307
vt 0.24039 0.37974
vt 0.98030 0.21668
vt 0.32454 0.76265
vt 0.23837 0.35345
vt 0.18557 0.36093
vt 0.14164 0.90763
vt 0.13964 0.90739
vt 0.13843 0.90659
vt 0.14592 0.90848
vt 0.14955 0.90958
vt 0.15142 0.90984
vt 0.14763 0.90905
vt 0.14314 0.90793
vt 0.14919 0.89768
vt 0.15565 0.91079
vt 0.15411 0.91049
vt 0.15736 0.91071
vt 0.15901 0.91065
vt 0.16558 0.91202
vt 0.16421 0.91196
vt 0.16758 0.91222
vt 0.15994 0.91081
vt 0.16373 0.91192
vt 0.16197 0.91141
vt 0.15200 0.90997
vt 0.16726 0.90753
vt 0.13597 0.90666
vt 0.13421 0.90673
vt 0.13799 0.90682
vt 0.14010 0.86903
vt 0.16945 0.91209
vt 0.17104 0.91218
vt 0.17248 0.91111
vt 0.17376 0.91044
vt 0.17581 0.90806
vt 0.17563 0.90036
vt 0.17505 0.90954
vt 0.17586 0.90819
vt 0.17581 0.90806
vt 0.17786 0.90789
vt 0.17956 0.90722
vt 0.18311 0.90633
vt 0.18230 0.90622
vt 0.18084 0.90664
vt 0.18725 0.91047
vt 0.89706 0.01686
vt 0.16820 0.87881
vt 0.17843 0.84907
vt 0.14031 0.84553
vt 0.96445 0.94337
vt 0.43075 0.12036
vt 0.96376 0.92749
vt 0.99159 0.21013
vt 0.46152 0.16814
vt 0.54744 0.97771
vt 0.42729 0.95583
vt 0.02568 0.27025
vt 0.45376 0.19121
vt 0.72985 0.78565
vt 0.72169 0.79623
vt 0.73566 0.78785
vt 0.74461 0.79304
vt 0.74032 0.79050
vt 0.73831 0.78888
vt 0.73177 0.78618
vt 0.73346 0.78666
vt 0.74780 0.79443
vt 0.74852 0.79471
vt 0.74546 0.79342
vt 0.75033 0.79561
vt 0.72579 0.77047
vt 0.72720 0.77548
vt 0.72789 0.77841
vt 0.72844 0.78378
vt 0.72824 0.78003
vt 0.72825 0.78165
vt 0.71729 0.80353
vt 0.66915 0.78979
vt 0.49478 0.37602
vt 0.68152 0.14479
vt 0.66290 0.10539
vt 0.66349 0.10130
vt 0.66678 0.10161
vt 0.67003 0.10215
vt 0.67642 0.10375
vt 0.67922 0.10298
vt 0.68001 0.10281
vt 0.68196 0.10233
vt 0.68376 0.10148
vt 0.68549 0.10201
vt 0.68684 0.10231
vt 0.69992 0.10736
vt 0.69607 0.10612
vt 0.69684 0.10648
vt 0.69524 0.10576
vt 0.69421 0.10587
vt 0.69882 0.10684
vt 0.69936 0.10684
vt 0.67977 0.10819
vt 0.69076 0.10340
vt 0.68807 0.10190
vt 0.69358 0.10496
vt 0.66534 0.16517
vt 0.70797 0.12556
vt 0.71946 0.11499
vt 0.71803 0.11414
vt 0.72068 0.11579
vt 0.71655 0.42736
vt 0.71894 0.11364
vt 0.71196 0.74058
vt 0.71858 0.22793
vt 0.70094 0.10752
vt 0.70319 0.10914
vt 0.70666 0.11039
vt 0.70478 0.10968
vt 0.70548 0.10993
vt 0.69330 0.10980
vt 0.70980 0.11170
vt 0.70831 0.11049
vt 0.71013 0.11150
vt 0.71077 0.11194
vt 0.71223 0.11223
vt 0.71521 0.11246
vt 0.71664 0.11291
vt 0.71287 0.74238
vt 0.71416 0.74471
vt 0.71415 0.74573
vt 0.71568 0.74855
vt 0.71913 0.75055
vt 0.71641 0.74850
vt 0.72103 0.75267
vt 0.72218 0.75427
vt 0.71155 0.75334
vt 0.72255 0.14497
vt 0.01894 0.43348
vt 0.12959 0.22438
vt 0.12952 0.22408
vt 0.13020 0.22645
vt 0.12943 0.22247
vt 0.12973 0.22087
vt 0.12995 0.21873
vt 0.12986 0.21704
vt 0.13072 0.22993
vt 0.13053 0.22821
vt 0.32138 0.18510
vt 0.12985 0.21203
vt 0.12974 0.21029
vt 0.13022 0.20868
vt 0.11574 0.19195
vt 0.12261 0.19264
vt 0.12680 0.19307
vt 0.12372 0.18800
vt 0.12098 0.18689
vt 0.12162 0.18433
vt 0.11883 0.18127
vt 0.12156 0.17959
vt 0.12233 0.17637
vt 0.12056 0.17063
vt 0.12356 0.16970
vt 0.11395 0.16312
vt 0.72300 0.75659
vt 0.72446 0.76011
vt 0.72536 0.76359
vt 0.72506 0.76722
vt 0.72550 0.93824
vt 0.69615 0.19748
vt 0.13068 0.20615
vt 0.13045 0.20503
vt 0.13061 0.20343
vt 0.13103 0.20271
vt 0.13195 0.20138
vt 0.12422 0.20159
vt 0.13084 0.19733
vt 0.13249 0.20078
vt 0.13309 0.19967
vt 0.13404 0.19853
vt 0.13321 0.19687
vt 0.12971 0.19672
vt 0.12879 0.19456
vt 0.12691 0.17030
vt 0.12405 0.16631
vt 0.12922 0.16447
vt 0.12919 0.16199
vt 0.13215 0.15997
vt 0.15582 0.16981
vt 0.15353 0.16762
vt 0.15548 0.16785
vt 0.14082 0.34966
vt 0.15419 0.16506
vt 0.15152 0.16364
vt 0.09961 0.90692
vt 0.11214 0.89806
vt 0.10233 0.90636
vt 0.10144 0.90626
vt 0.11563 0.72057
vt 0.15923 0.17080
vt 0.15836 0.17028
vt 0.16111 0.17004
vt 0.14912 0.41257
vt 0.16219 0.16916
vt 0.15283 0.41478
vt 0.13290 0.90694
vt 0.13734 0.90250
vt 0.12280 0.15109
vt 0.13243 0.15623
vt 0.13263 0.15197
vt 0.13244 0.15163
vt 0.13190 0.15100
vt 0.13477 0.15680
vt 0.13422 0.15548
vt 0.13344 0.15414
vt 0.13295 0.15311
vt 0.08717 0.90615
vt 0.08925 0.90631
vt 0.13285 0.15004
vt 0.10891 0.52724
vt 0.08627 0.90608
vt 0.08481 0.90606
vt 0.09099 0.90723
vt 0.09609 0.90825
vt 0.08473 0.89078
vt 0.08220 0.85394
vt 0.11653 0.85742
vt 0.76223 0.90591
vt 0.03958 0.94998
vt 0.74088 0.65506
vt 0.63987 0.81127
vt 0.01755 0.37865
vt 0.03961 0.47565
vt 0.78157 0.85458
vt 0.04769 0.30356
vt 0.49210 0.89293
vt 0.42770 0.92959
vt 0.43374 0.31408
vt 0.24401 0.09467
vt 0.22798 0.28507
vt 0.78183 0.82610
vt 0.01367 0.34395
vt 0.43350 0.91115
vt 0.23464 0.12087
vt 0.11936 0.07891
vt 0.10363 0.05079
vt 0.07599 0.07791
vt 0.22075 0.09864
vt 0.19050 0.12571
vt 0.20394 0.08232
vt 0.51613 0.02298
vt 0.91086 0.47507
vt 0.46982 0.14492
vt 0.46773 0.14420
vt 0.46551 0.14358
vt 0.46310 0.14285
vt 0.46017 0.14151
vt 0.45943 0.14118
vt 0.45798 0.14069
vt 0.45498 0.14009
vt 0.45337 0.13954
vt 0.45024 0.13862
vt 0.44793 0.13764
vt 0.44396 0.13581
vt 0.44211 0.13546
vt 0.44054 0.13532
vt 0.43901 0.13509
vt 0.43792 0.13467
vt 0.43463 0.13368
vt 0.43264 0.13362
vt 0.42982 0.13201
vt 0.43079 0.13369
vt 0.42667 0.13330
vt 0.42826 0.13290
vt 0.42422 0.13368
vt 0.42434 0.13308
vt 0.42333 0.13321
vt 0.42272 0.13314
vt 0.77709 0.23649
vt 0.95590 0.28886
vt 0.95587 0.28883
vt 0.95563 0.28890
vt 0.95524 0.28923
vt 0.95556 0.28887
vt 0.95358 0.28866
vt 0.95435 0.28789
vt 0.95256 0.28508
vt 0.95191 0.28226
vt 0.77806 0.23609
vt 0.95194 0.28363
vt 0.43716 0.11437
vt 0.65242 0.88113
vt 0.95110 0.28057
vt 0.95125 0.27935
vt 0.94994 0.27830
vt 0.93989 0.29238
vt 0.91118 0.34090
vt 0.90972 0.34035
vt 0.90781 0.33995
vt 0.90454 0.33934
vt 0.95173 0.27421
vt 0.90263 0.33912
vt 0.89998 0.33882
vt 0.89789 0.33861
vt 0.64823 0.92168
vt 0.89326 0.33795
vt 0.88909 0.33706
vt 0.88842 0.33707
vt 0.88453 0.33712
vt 0.88383 0.33708
vt 0.85607 0.33000
vt 0.85370 0.32994
vt 0.87036 0.32646
vt 0.87710 0.33724
vt 0.87686 0.34149
vt 0.87502 0.34209
vt 0.87482 0.34171
vt 0.86796 0.33726
vt 0.86752 0.33664
vt 0.86867 0.33848
vt 0.86300 0.33366
vt 0.86163 0.33298
vt 0.85827 0.33082
vt 0.85784 0.33052
vt 0.85995 0.33195
vt 0.86679 0.33598
vt 0.86634 0.33544
vt 0.86365 0.33398
vt 0.87687 0.27303
vt 0.63523 0.87177
vt 0.02942 0.98344
vt 0.39834 0.67296
vt 0.43775 0.66230
vt 0.45015 0.65234
vt 0.44794 0.65268
vt 0.44640 0.65224
vt 0.44165 0.65256
vt 0.43937 0.65212
vt 0.43867 0.65203
vt 0.44370 0.65228
vt 0.43625 0.69324
vt 0.41690 0.65353
vt 0.41416 0.65321
vt 0.38963 0.65688
vt 0.38821 0.65714
vt 0.39284 0.65624
vt 0.39728 0.65562
vt 0.39655 0.65589
vt 0.39793 0.65529
vt 0.40078 0.65468
vt 0.40407 0.65343
vt 0.40626 0.65348
vt 0.40828 0.65351
vt 0.41003 0.65326
vt 0.41193 0.65309
vt 0.40267 0.65373
vt 0.36254 0.70961
vt 0.42289 0.65350
vt 0.42513 0.65318
vt 0.42808 0.65295
vt 0.42941 0.65300
vt 0.43098 0.65265
vt 0.43292 0.65249
vt 0.42062 0.65346
vt 0.43422 0.65225
vt 0.43639 0.65204
vt 0.03473 0.96442
vt 0.03607 0.96859
vt 0.03616 0.97001
vt 0.03723 0.97095
vt 0.03872 0.97241
vt 0.03926 0.97472
vt 0.04029 0.97625
vt 0.04071 0.97835
vt 0.04116 0.97998
vt 0.03333 0.96109
vt 0.03403 0.96323
vt 0.51507 0.57725
vt 0.83839 0.32333
vt 0.83983 0.32578
vt 0.84104 0.32590
vt 0.85975 0.30999
vt 0.04355 0.98761
vt 0.03232 0.98235
vt 0.04416 0.99421
vt 0.04404 0.98956
vt 0.04503 0.99221
vt 0.04550 0.99402
vt 0.04132 0.98185
vt 0.04257 0.98339
vt 0.04300 0.98504
vt 0.04143 0.98179
vt 0.04632 0.99506
vt 0.04816 0.99730
vt 0.04674 0.99771
vt 0.17918 0.86366
vt 0.37755 0.66008
vt 0.37892 0.65956
vt 0.38106 0.66398
vt 0.38151 0.65899
vt 0.38061 0.65900
vt 0.38234 0.65812
vt 0.38524 0.65766
vt 0.38648 0.65759
vt 0.84475 0.32718
vt 0.84445 0.32680
vt 0.84630 0.32747
vt 0.84799 0.32816
vt 0.84736 0.32792
vt 0.84252 0.32651
vt 0.85084 0.32917
vt 0.85236 0.32964
vt 0.01782 0.92052
vt 0.57579 0.89346
vt 0.14973 0.85928
vt 0.40839 0.70548
vt 0.02570 0.87476
vt 0.05302 0.89903
vt 0.86112 0.81213
vt 0.85168 0.24919
vt 0.87031 0.85653
vt 0.86940 0.82002
vt 0.58815 0.80291
vt 0.92572 0.56063
vt 0.93991 0.94521
vt 0.56465 0.79250
vt 0.61309 0.21336
vt 0.93889 0.90805
vt 0.11538 0.92837
vt 0.67254 0.96445
vt 0.00627 0.26997
vt 0.58013 0.18093
vt 0.05046 0.91786
vt 0.01507 0.89437
vt 0.47545 0.14788
vt 0.47617 0.14777
vt 0.47442 0.14745
vt 0.47258 0.14611
vt 0.47143 0.14510
vt 0.47377 0.14703
vt 0.87214 0.34132
vt 0.86994 0.33986
vt 0.86870 0.33864
vt 0.39514 0.98417
vt 0.59624 0.85152
vt 0.97526 0.69113
vt 0.05314 0.92322
vt 0.66875 0.90217
vt 0.49637 0.93267
vt 0.72280 0.86001
vt 0.90839 0.77875
vt 0.95023 0.96841
vt 0.92135 0.54188
vt 0.02669 0.86824
vt 0.47306 0.66085
vt 0.47762 0.65121
vt 0.47906 0.65090
vt 0.47968 0.65118
vt 0.48170 0.64990
vt 0.48242 0.65004
vt 0.48077 0.65101
vt 0.48474 0.65230
vt 0.58199 0.10796
vt 0.48473 0.64939
vt 0.48629 0.64875
vt 0.48716 0.64858
vt 0.48970 0.64701
vt 0.49485 0.64562
vt 0.49327 0.64556
vt 0.56306 0.20922
vt 0.58161 0.09946
vt 0.58307 0.10019
vt 0.58251 0.09969
vt 0.58465 0.10030
vt 0.58550 0.10050
vt 0.58385 0.10016
vt 0.58861 0.10078
vt 0.58941 0.10063
vt 0.59183 0.10133
vt 0.48621 0.68202
vt 0.60743 0.13656
vt 0.59032 0.10748
vt 0.59300 0.10129
vt 0.59650 0.10138
vt 0.59607 0.10071
vt 0.59802 0.10023
vt 0.60300 0.09904
vt 0.60138 0.11138
vt 0.60757 0.09820
vt 0.60910 0.09811
vt 0.61306 0.09846
vt 0.61129 0.09878
vt 0.61074 0.09827
vt 0.61629 0.09943
vt 0.61953 0.09930
vt 0.64169 0.10080
vt 0.64291 0.10159
vt 0.64607 0.10220
vt 0.62276 0.09906
vt 0.62607 0.09862
vt 0.62945 0.09816
vt 0.63288 0.09914
vt 0.63614 0.09960
vt 0.63948 0.09996
vt 0.64039 0.15583
vt 0.51267 0.72382
vt 0.46044 0.65325
vt 0.45654 0.65264
vt 0.45919 0.65243
vt 0.46423 0.65280
vt 0.46249 0.65197
vt 0.46388 0.65209
vt 0.46486 0.65184
vt 0.46086 0.65227
vt 0.46123 0.65217
vt 0.47557 0.65109
vt 0.47416 0.65102
vt 0.47329 0.65085
vt 0.47166 0.65082
vt 0.47079 0.65215
vt 0.46984 0.65110
vt 0.47009 0.65183
vt 0.46684 0.65073
vt 0.45593 0.65206
vt 0.45141 0.65208
vt 0.49968 0.74257
vt 0.51539 0.89404
vt 0.13121 0.26199
vt 0.05697 0.22124
vt 0.03707 0.84469
vt 0.08739 0.47021
vt 0.13567 0.26163
vt 0.13482 0.25964
vt 0.13612 0.26285
vt 0.13178 0.25236
vt 0.13321 0.25484
vt 0.13209 0.25254
vt 0.13117 0.24846
vt 0.13116 0.24676
vt 0.13099 0.24504
vt 0.13400 0.25829
vt 0.13346 0.25628
vt 0.14096 0.27171
vt 0.13952 0.26984
vt 0.13728 0.26551
vt 0.13860 0.26813
vt 0.14061 0.27433
vt 0.41907 0.68658
vt 0.55952 0.89352
vt 0.13072 0.24331
vt 0.13066 0.24166
vt 0.13102 0.24005
vt 0.56131 0.89560
vt 0.56294 0.89815
vt 0.47974 0.87638
vt 0.11552 0.48247
vt 0.94501 0.59160
vt 0.09514 0.51673
vt 0.27558 0.34787
vt 0.90420 0.58765
vt 0.50186 0.91407
vt 0.25926 0.32376
vt 0.00698 0.62666
vt 0.30282 0.31935
vt 0.27484 0.31252
vt 0.15022 0.67013
vt 0.22377 0.55419
vt 0.15999 0.49059
vt 0.46455 0.04065
vt 0.53023 0.80479
vt 0.39946 0.89698
vt 0.37715 0.88011
vt 0.08093 0.99316
vt 0.34643 0.86650
vt 0.44772 0.87004
vt 0.34433 0.86534
vt 0.82475 0.79275
vt 0.16809 0.74155
vt 0.13992 0.74190
vt 0.31272 0.89037
vt 0.69429 0.18530
vt 0.62293 0.26981
vt 0.16461 0.69590
vt 0.89508 0.05358
vt 0.86640 0.07712
vt 0.86900 0.02796
vt 0.85342 0.03678
vt 0.32971 0.93009
vt 0.80119 0.81190
vt 0.20762 0.77550
vt 0.95717 0.31811
vt 0.94181 0.32703
vt 0.21782 0.50223
vt 0.45582 0.90629
vt 0.53094 0.75845
vt 0.79277 0.92324
vt 0.52367 0.78659
vt 0.48896 0.81152
vt 0.43596 0.90744
vt 0.35269 0.82801
vt 0.56450 0.82198
vt 0.53968 0.85681
vt 0.93035 0.82092
vt 0.94534 0.58030
vt 0.65309 0.14028
vt 0.88362 0.96501
vt 0.44736 0.88088
vt 0.61645 0.13737
vt 0.22961 0.47956
vt 0.62856 0.18579
vt 0.03063 0.42686
vt 0.92938 0.84900
vt 0.02464 0.69402
vt 0.29435 0.78268
vt 0.89391 0.97371
vt 0.95919 0.87051
vt 0.57158 0.13409
vt 0.32505 0.86325
vt 0.20067 0.46218
vt 0.90267 0.13052
vt 0.97871 0.61826
vt 0.73026 0.53440
vt 0.70632 0.49901
vt 0.70414 0.45461
vt 0.22354 0.43125
vt 0.86780 0.11134
vt 0.74384 0.51474
vt 0.55398 0.38936
vt 0.56075 0.35781
vt 0.20458 0.68042
vt 0.22025 0.81560
vt 0.76269 0.79552
vt 0.21763 0.75699
vt 0.35756 0.67907
vt 0.73825 0.20742
vt 0.25000 0.82125
vt 0.48668 0.32164
vt 0.58249 0.39708
vt 0.94122 0.49796
vt 0.40589 0.09134
vt 0.22215 0.70402
vt 0.82300 0.06198
vt 0.19588 0.02647
vt 0.16461 0.05459
vt 0.12881 0.03559
vt 0.51135 0.44597
vt 0.22962 0.71303
vt 0.58527 0.47885
vt 0.59037 0.46068
vt 0.52794 0.45010
vt 0.09285 0.02663
vt 0.59338 0.42790
vt 0.53673 0.41392
vt 0.09537 0.23931
vt 0.22640 0.48302
vt 0.30660 0.55794
vt 0.17605 0.62069
vt 0.91628 0.49925
vt 0.19463 0.63007
vt 0.91703 0.58027
vt 0.58034 0.23729
vt 0.90090 0.60968
vt 0.55883 0.58560
vt 0.69855 0.80608
vt 0.06813 0.23534
vt 0.79948 0.53118
vt 0.73618 0.47297
vt 0.77896 0.50385
vt 0.00948 0.71058
vt 0.77262 0.23685
vt 0.80674 0.51455
vt 0.76333 0.45753
vt 0.78986 0.42085
vt 0.75967 0.42821
vt 0.45838 0.41080
vt 0.81649 0.46530
vt 0.86302 0.47719
vt 0.82085 0.41286
vt 0.66222 0.50556
vt 0.91807 0.46093
vt 0.68189 0.43461
vt 0.15909 0.08178
vt 0.88305 0.43543
vt 0.64964 0.44004
vt 0.68042 0.38064
vt 0.65737 0.34207
vt 0.11437 0.08527
vt 0.61735 0.35412
vt 0.12939 0.05782
vt 0.10344 0.04074
vt 0.63333 0.38945
vt 0.62852 0.39938
vt 0.66149 0.35779
vt 0.19312 0.83910
vt 0.19753 0.84006
vt 0.19812 0.84053
vt 0.19912 0.84146
vt 0.19554 0.83999
vt 0.20014 0.84193
vt 0.20146 0.84291
vt 0.20213 0.84450
vt 0.73532 0.36329
vt 0.73687 0.36236
vt 0.74068 0.35370
vt 0.73981 0.36104
vt 0.74217 0.36071
vt 0.74264 0.36033
vt 0.74346 0.35950
vt 0.74345 0.35932
vt 0.74351 0.35823
vt 0.20217 0.84338
vt 0.20255 0.84401
vt 0.20368 0.84543
vt 0.20592 0.84619
vt 0.20807 0.84699
vt 0.20465 0.84583
vt 0.21002 0.84783
vt 0.21104 0.84858
vt 0.20066 0.84977
vt 0.21195 0.84861
vt 0.21268 0.84876
vt 0.74505 0.35826
vt 0.74809 0.35550
vt 0.48382 0.60299
vt 0.21407 0.84960
vt 0.21545 0.85099
vt 0.21724 0.85140
vt 0.21605 0.85118
vt 0.07679 0.82674
vt 0.07834 0.82652
vt 0.07744 0.82785
vt 0.07781 0.82922
vt 0.07977 0.82644
vt 0.07993 0.82550
vt 0.08065 0.82543
vt 0.08348 0.82556
vt 0.08427 0.82605
vt 0.07762 0.83072
vt 0.07713 0.83235
vt 0.07768 0.83489
vt 0.07659 0.83417
vt 0.07544 0.83704
vt 0.08167 0.82939
vt 0.08942 0.83787
vt 0.08597 0.82455
vt 0.08861 0.82396
vt 0.08746 0.82319
vt 0.09324 0.82384
vt 0.09067 0.82236
vt 0.09347 0.82215
vt 0.09479 0.82311
vt 0.09633 0.82264
vt 0.09807 0.82347
vt 0.09961 0.82098
vt 0.07503 0.83867
vt 0.07372 0.84346
vt 0.07395 0.84619
vt 0.07475 0.85189
vt 0.07516 0.85452
vt 0.07589 0.85686
vt 0.07747 0.86066
vt 0.17269 0.83226
vt 0.17342 0.83283
vt 0.17155 0.83182
vt 0.16994 0.83187
vt 0.16949 0.83235
vt 0.16928 0.83271
vt 0.16403 0.83907
vt 0.16668 0.83192
vt 0.16380 0.83247
vt 0.16209 0.83106
vt 0.16090 0.83025
vt 0.15954 0.82946
vt 0.10151 0.82061
vt 0.10388 0.81886
vt 0.10202 0.81920
vt 0.10019 0.81991
vt 0.10783 0.82996
vt 0.15846 0.82838
vt 0.15808 0.82624
vt 0.15730 0.82497
vt 0.15599 0.83612
vt 0.15628 0.82353
vt 0.15505 0.82243
vt 0.15319 0.82110
vt 0.14982 0.81890
vt 0.13951 0.81028
vt 0.14782 0.81559
vt 0.14670 0.81639
vt 0.14681 0.81458
vt 0.14571 0.81331
vt 0.14410 0.81250
vt 0.14322 0.81351
vt 0.14294 0.81158
vt 0.14168 0.81071
vt 0.14065 0.80979
vt 0.18857 0.83793
vt 0.18330 0.83659
vt 0.18619 0.83730
vt 0.18115 0.83555
vt 0.17655 0.83382
vt 0.17497 0.83360
vt 0.17777 0.84040
vt 0.13023 0.84330
vt 0.13729 0.90990
vt 0.17950 0.90002
vt 0.10448 0.81817
vt 0.10531 0.81486
vt 0.10481 0.81327
vt 0.10610 0.81290
vt 0.10970 0.81552
vt 0.10617 0.81887
vt 0.10529 0.81793
vt 0.10602 0.81643
vt 0.07817 0.86220
vt 0.10613 0.81200
vt 0.10704 0.81130
vt 0.10717 0.80958
vt 0.10790 0.80781
vt 0.11174 0.80904
vt 0.10886 0.80695
vt 0.11078 0.80597
vt 0.11071 0.80483
vt 0.11112 0.80328
vt 0.11108 0.80230
vt 0.11194 0.80188
vt 0.11276 0.80231
vt 0.07900 0.86424
vt 0.07864 0.86576
vt 0.07906 0.86726
vt 0.07995 0.86975
vt 0.08236 0.87065
vt 0.08488 0.87513
vt 0.08805 0.88090
vt 0.08892 0.88226
vt 0.09023 0.88397
vt 0.09249 0.88680
vt 0.09545 0.88599
vt 0.13713 0.80832
vt 0.13425 0.80617
vt 0.11360 0.80102
vt 0.11490 0.80100
vt 0.13103 0.80063
vt 0.13807 0.80694
vt 0.11593 0.80095
vt 0.11640 0.80048
vt 0.11684 0.79982
vt 0.11717 0.79885
vt 0.11731 0.79773
vt 0.12087 0.80432
vt 0.12387 0.79692
vt 0.12905 0.79840
vt 0.12696 0.79617
vt 0.11913 0.79554
vt 0.12191 0.79420
vt 0.12421 0.79410
vt 0.12590 0.79514
vt 0.11728 0.87750
vt 0.09349 0.88822
vt 0.09449 0.88953
vt 0.09584 0.88943
vt 0.09541 0.89107
vt 0.10984 0.89441
vt 0.09656 0.89274
vt 0.09831 0.89326
vt 0.09728 0.89260
vt 0.09775 0.89462
vt 0.09955 0.89746
vt 0.10129 0.90026
vt 0.10315 0.90301
vt 0.10763 0.90782
vt 0.10900 0.90728
vt 0.10918 0.90984
vt 0.11188 0.91315
vt 0.09900 0.86028
vt 0.14645 0.91099
vt 0.11488 0.91645
vt 0.12050 0.92217
vt 0.12151 0.92146
vt 0.12196 0.92341
vt 0.12479 0.92529
vt 0.12991 0.92765
vt 0.12599 0.92625
vt 0.12706 0.92748
vt 0.12840 0.92851
vt 0.13076 0.93087
vt 0.13174 0.93212
vt 0.13288 0.93309
vt 0.13399 0.93409
vt 0.13435 0.93519
vt 0.16387 0.94148
vt 0.16136 0.94367
vt 0.16302 0.94290
vt 0.15842 0.94517
vt 0.15481 0.94634
vt 0.15622 0.94578
vt 0.65252 0.26788
vt 0.90283 0.18844
vt 0.21653 0.68564
vt 0.19824 0.68482
vt 0.44831 0.54553
vt 0.24368 0.69426
vt 0.40217 0.73529
vt 0.41882 0.75979
vt 0.29160 0.68521
vt 0.13520 0.93765
vt 0.13582 0.93918
vt 0.13765 0.94218
vt 0.13891 0.94384
vt 0.14081 0.94486
vt 0.14190 0.94466
vt 0.14319 0.94619
vt 0.14495 0.93933
vt 0.14878 0.94723
vt 0.15117 0.94744
vt 0.14721 0.94737
vt 0.18224 0.12548
vt 0.38475 0.75840
vt 0.93082 0.18828
vt 0.93887 0.16006
vt 0.88455 0.42732
vt 0.60688 0.60125
vt 0.31798 0.70894
vt 0.14969 0.14948
vt 0.14847 0.14928
vt 0.66313 0.18282
vt 0.66277 0.18214
vt 0.31338 0.15962
vt 0.14311 0.14922
vt 0.14108 0.14916
vt 0.14475 0.14917
vt 0.14666 0.14916
vt 0.15392 0.15075
vt 0.15832 0.15172
vt 0.15609 0.15159
vt 0.16133 0.15290
vt 0.16287 0.15393
vt 0.16535 0.15575
vt 0.16671 0.15668
vt 0.16718 0.15722
vt 0.16863 0.15880
vt 0.17031 0.16056
vt 0.17234 0.16279
vt 0.72533 0.36927
vt 0.72847 0.36778
vt 0.72058 0.37326
vt 0.71921 0.37500
vt 0.71828 0.37603
vt 0.71799 0.37699
vt 0.71370 0.35942
vt 0.48477 0.38291
vt 0.02250 0.38949
vt 0.02458 0.38693
vt 0.02573 0.38528
vt 0.02631 0.38354
vt 0.02679 0.38089
vt 0.02684 0.37715
vt 0.73236 0.36503
vt 0.73072 0.36572
vt 0.73434 0.36382
vt 0.73714 0.27780
vt 0.74096 0.28034
vt 0.74263 0.28171
vt 0.74454 0.28240
vt 0.74773 0.28542
vt 0.73910 0.27857
vt 0.73924 0.27815
vt 0.73863 0.27699
vt 0.73845 0.27634
vt 0.73827 0.27584
vt 0.73734 0.27480
vt 0.73653 0.27469
vt 0.73599 0.27357
vt 0.73491 0.27326
vt 0.74984 0.28767
vt 0.74053 0.27740
vt 0.02778 0.37455
vt 0.03431 0.36859
vt 0.04055 0.36108
vt 0.70372 0.27936
vt 0.03190 0.35432
vt 0.03565 0.34865
vt 0.05674 0.42458
vt 0.73493 0.29364
vt 0.69262 0.31183
vt 0.73643 0.32036
vt 0.04723 0.38258
vt 0.09363 0.38999
vt 0.67480 0.31373
vt 0.10608 0.41695
vt 0.14232 0.38126
vt 0.09024 0.36402
vt 0.72358 0.26258
vt 0.21411 0.85604
vt 0.70007 0.24158
vt 0.03301 0.34310
vt 0.03267 0.34346
vt 0.03370 0.34663
vt 0.03475 0.34078
vt 0.03488 0.33864
vt 0.03625 0.33851
vt 0.03695 0.33746
vt 0.03626 0.33660
vt 0.03784 0.33598
vt 0.03986 0.33544
vt 0.03762 0.33536
vt 0.04275 0.33469
vt 0.67546 0.25083
vt 0.04649 0.33280
vt 0.04603 0.33365
vt 0.04676 0.33262
vt 0.04591 0.33856
vt 0.06630 0.31802
vt 0.06651 0.31963
vt 0.06756 0.31801
vt 0.06817 0.31840
vt 0.06834 0.31765
vt 0.06781 0.31862
vt 0.06366 0.32041
vt 0.06259 0.32247
vt 0.06345 0.32147
vt 0.05929 0.32436
vt 0.04490 0.33372
vt 0.04988 0.33088
vt 0.05144 0.32977
vt 0.05297 0.32900
vt 0.05827 0.32600
vt 0.05682 0.32703
vt 0.07022 0.31810
vt 0.07261 0.31881
vt 0.07399 0.31851
vt 0.07539 0.31786
vt 0.07641 0.31659
vt 0.07784 0.31434
vt 0.07880 0.31183
vt 0.07996 0.30915
vt 0.08468 0.33357
vt 0.08142 0.30657
vt 0.08283 0.30530
vt 0.08327 0.30416
vt 0.08796 0.30180
vt 0.09224 0.29890
vt 0.09569 0.29687
vt 0.10039 0.29468
vt 0.10181 0.29492
vt 0.10308 0.29355
vt 0.10714 0.29170
vt 0.10977 0.29065
vt 0.09185 0.31145
vt 0.12422 0.31502
vt 0.67436 0.21553
vt 0.67654 0.19866
vt 0.17127 0.94280
vt 0.17393 0.94278
vt 0.17523 0.94304
vt 0.50954 0.44045
vt 0.67583 0.18888
vt 0.67515 0.18837
vt 0.65414 0.19036
vt 0.16690 0.94248
vt 0.17004 0.94290
vt 0.67395 0.18819
vt 0.67260 0.18791
vt 0.67117 0.18758
vt 0.67034 0.18734
vt 0.66835 0.18639
vt 0.66657 0.19417
vt 0.66676 0.18587
vt 0.66551 0.18502
vt 0.66342 0.18272
vt 0.18885 0.64371
vt 0.09514 0.44454
vt 0.43664 0.38753
vt 0.79709 0.01573
vt 0.11131 0.29036
vt 0.11191 0.29014
vt 0.11583 0.28882
vt 0.11820 0.28827
vt 0.11993 0.28678
vt 0.11306 0.29818
vt 0.12189 0.28608
vt 0.12637 0.30107
vt 0.12359 0.28510
vt 0.12501 0.28497
vt 0.13720 0.32510
vt 0.16276 0.37429
vt 0.27402 0.62373
vt 0.24652 0.61614
vt 0.51849 0.32665
vt 0.43430 0.35695
vt 0.48229 0.33428
vt 0.45599 0.31569
vt 0.47135 0.27866
vt 0.45565 0.67473
vt 0.45629 0.67827
vt 0.45667 0.68199
vt 0.45765 0.68935
vt 0.45792 0.69099
vt 0.45879 0.69610
vt 0.45934 0.70313
vt 0.46030 0.70638
vt 0.46098 0.71076
vt 0.53940 0.66718
vt 0.89810 0.39663
vt 0.98109 0.42303
vt 0.23629 0.16101
vt 0.23344 0.75821
vt 0.23504 0.75235
vt 0.24754 0.74443
vt 0.25322 0.50438
vt 0.24202 0.74611
vt 0.25388 0.10680
vt 0.75293 0.01855
vt 0.24854 0.66999
vt 0.01929 0.60594
vt 0.88905 0.36780
vt 0.86888 0.37988
vt 0.85248 0.33817
vt 0.41282 0.82161
vt 0.21040 0.79220
vt 0.21311 0.78876
vt 0.20882 0.79317
vt 0.20687 0.79643
vt 0.20474 0.79945
vt 0.20239 0.80203
vt 0.20577 0.79796
vt 0.20118 0.80320
vt 0.19989 0.80423
vt 0.19870 0.80532
vt 0.20769 0.80695
vt 0.71415 0.03946
vt 0.31464 0.76093
vt 0.22868 0.76947
vt 0.22551 0.77826
vt 0.22625 0.77283
vt 0.22861 0.76945
vt 0.24818 0.77584
vt 0.23308 0.75860
vt 0.23065 0.76542
vt 0.23050 0.76551
vt 0.22203 0.77823
vt 0.22282 0.77751
vt 0.22549 0.77417
vt 0.22436 0.77648
vt 0.22441 0.77608
vt 0.22018 0.78025
vt 0.21927 0.78108
vt 0.21777 0.78517
vt 0.21790 0.78223
vt 0.21747 0.78275
vt 0.21424 0.78750
vt 0.21601 0.78526
vt 0.99046 0.09269
vt 0.18827 0.81679
vt 0.31526 0.72738
vt 0.19528 0.80914
vt 0.19724 0.80728
vt 0.19421 0.81043
vt 0.18960 0.81538
vt 0.44159 0.63799
vt 0.44226 0.63831
vt 0.44223 0.63938
vt 0.44273 0.63986
vt 0.44352 0.64053
vt 0.44863 0.64326
vt 0.45009 0.64820
vt 0.44763 0.64526
vt 0.44652 0.64370
vt 0.44443 0.64147
vt 0.44714 0.64472
vt 0.44745 0.64411
vt 0.45276 0.65407
vt 0.45393 0.65629
vt 0.45487 0.65804
vt 0.45390 0.65765
vt 0.45485 0.65950
vt 0.45417 0.66155
vt 0.45424 0.66266
vt 0.46192 0.65596
vt 0.45118 0.64997
vt 0.45421 0.66383
vt 0.45433 0.66598
vt 0.45475 0.66887
vt 0.48898 0.68463
vt 0.45509 0.67131
vt 0.49591 0.64439
vt 0.59876 0.65610
vt 0.85216 0.18200
vt 0.83199 0.24397
vt 0.13267 0.77820
vt 0.56084 0.67129
vt 0.87066 0.13490
vt 0.42620 0.79224
vt 0.95763 0.83013
vt 0.09668 0.78051
vt 0.06616 0.78426
vt 0.03552 0.76747
vt 0.17937 0.17300
vt 0.18120 0.17677
vt 0.18261 0.18094
vt 0.18372 0.18345
vt 0.18439 0.18305
vt 0.18543 0.18409
vt 0.18535 0.18452
vt 0.18662 0.18642
vt 0.18811 0.18691
vt 0.19409 0.16066
vt 0.18826 0.18791
vt 0.19027 0.18933
vt 0.21710 0.17162
vt 0.21427 0.17869
vt 0.22453 0.16812
vt 0.19403 0.19230
vt 0.20221 0.19678
vt 0.20556 0.19851
vt 0.20784 0.19514
vt 0.21229 0.19347
vt 0.21555 0.18462
vt 0.82417 0.39883
vt 0.00922 0.12793
vt 0.98635 0.13645
vt 0.30494 0.13977
vt 0.10700 0.74140
vt 0.46602 0.79368
vt 0.51122 0.24977
vt 0.08914 0.71770
vt 0.27105 0.11236
vt 0.74069 0.72329
vt 0.79725 0.72069
vt 0.78129 0.65834
vt 0.36083 0.34613
vt 0.75151 0.71223
vt 0.31708 0.92157
vt 0.74528 0.67245
vt 0.77581 0.98750
vt 0.32737 0.93508
vt 0.04077 0.83405
vt 0.73552 0.72679
vt 0.71556 0.76023
vt 0.86444 0.32746
vt 0.06534 0.17282
vt 0.83904 0.33021
vt 0.03090 0.17987
vt 0.18424 0.19955
vt 0.66695 0.93286
vt 0.71323 0.90891
vt 0.10350 0.12878
vt 0.30312 0.03153
vt 0.25945 0.13544
vt 0.06739 0.12130
vt 0.94159 0.72713
vt 0.67178 0.09829
vt 0.68798 0.06104
vt 0.91090 0.71418
vt 0.76989 0.96983
vt 0.72632 0.08540
vt 0.26141 0.23512
vt 0.25677 0.21631
vt 0.57054 0.03983
vt 0.64248 0.06131
vt 0.42533 0.03324
vt 0.61925 0.04468
vt 0.26473 0.85143
vt 0.32478 0.95156
vt 0.29701 0.84036
vt 0.31218 0.86275
vt 0.94445 0.45228
vt 0.27270 0.17464
vt 0.95303 0.42055
vt 0.97261 0.85750
vt 0.03991 0.07259
vt 0.85867 0.27229
vt 0.47469 0.18709
vt 0.84419 0.30200
vt 0.01248 0.05742
vt 0.13783 0.95130
vt 0.14558 0.97905
vt 0.78798 0.84682
vt 0.74461 0.53690
vt 0.81063 0.89001
vt 0.61433 0.09670
vt 0.55034 0.60836
vt 0.73381 0.86825
vt 0.80513 0.69500
vt 0.72769 0.90221
vt 0.76022 0.86752
vt 0.70504 0.87073
vt 0.77960 0.89846
vt 0.74109 0.92387
vt 0.01921 0.80113
vt 0.15053 0.55221
vt 0.94966 0.49218
vt 0.92309 0.27168
vt 0.33111 0.27136
vt 0.58303 0.28440
vt 0.36934 0.06770
vt 0.32310 0.08086
vt 0.27542 0.07556
vt 0.55346 0.41031
vt 0.46195 0.23305
vt 0.02963 0.71942
vt 0.49416 0.21166
vt 0.43685 0.26266
vt 0.34297 0.32286
vt 0.38069 0.20660
vt 0.35004 0.26218
vt 0.40429 0.26460
vt 0.41539 0.22872
vt 0.42503 0.20835
vt 0.31000 0.21126
vt 0.36601 0.13970
vt 0.81307 0.15997
vt 0.36331 0.18151
vt 0.29957 0.14042
vt 0.80711 0.20487
vt 0.86629 0.19065
vt 0.88257 0.22322
vt 0.53149 0.16438
vt 0.53045 0.16257
vt 0.53973 0.15688
vt 0.55131 0.17632
vt 0.54815 0.17539
vt 0.54654 0.17530
vt 0.54472 0.17379
vt 0.54792 0.15841
vt 0.53829 0.16882
vt 0.54003 0.16961
vt 0.53950 0.16932
vt 0.53730 0.16878
vt 0.53876 0.16912
vt 0.53545 0.16635
vt 0.53339 0.16524
vt 0.53589 0.16823
vt 0.54303 0.17228
vt 0.52830 0.16335
vt 0.52921 0.16280
vt 0.52747 0.16313
vt 0.52660 0.16189
vt 0.52579 0.16262
vt 0.52368 0.16133
vt 0.52023 0.16025
vt 0.51670 0.15949
vt 0.51527 0.15849
vt 0.51338 0.15773
vt 0.51272 0.15712
vt 0.51181 0.15680
vt 0.50907 0.15596
vt 0.50776 0.15547
vt 0.50591 0.15479
vt 0.50310 0.15418
vt 0.49977 0.15339
vt 0.51540 0.14725
vt 0.49138 0.15220
vt 0.48932 0.15185
vt 0.49336 0.14458
vt 0.49603 0.15333
vt 0.49272 0.15248
vt 0.49501 0.15314
vt 0.48689 0.15163
vt 0.48547 0.15161
vt 0.48267 0.15124
vt 0.48233 0.14951
vt 0.48337 0.13603
vt 0.52658 0.10472
vt 0.53809 0.12511
vt 0.13215 0.27996
vt 0.13366 0.27855
vt 0.34614 0.22872
vt 0.55436 0.17777
vt 0.57250 0.05763
vt 0.57378 0.06872
vt 0.15796 0.31868
vt 0.51918 0.07428
vt 0.49314 0.03723
vt 0.42482 0.29263
vt 0.18599 0.37224
vt 0.38489 0.34899
vt 0.38628 0.31281
vt 0.50580 0.15294
vt 0.69148 0.73520
vt 0.68215 0.69881
vt 0.71677 0.70648
vt 0.65091 0.71394
vt 0.90613 0.75691
vt 0.78103 0.19733
vt 0.81084 0.21684
vt 0.15305 0.78748
vt 0.38795 0.59988
vt 0.59469 0.71586
vt 0.16031 0.74649
vt 0.13452 0.75883
vt 0.31624 0.56110
vt 0.28067 0.52001
vt 0.39458 0.50693
vt 0.39479 0.51356
vt 0.39479 0.51637
vt 0.39354 0.51762
vt 0.39393 0.51932
vt 0.39495 0.52030
vt 0.39511 0.52460
vt 0.39454 0.50867
vt 0.39249 0.50433
vt 0.39521 0.52644
vt 0.39572 0.53072
vt 0.39552 0.52954
vt 0.39583 0.53400
vt 0.39579 0.53245
vt 0.39583 0.53168
vt 0.39592 0.53573
vt 0.39601 0.53711
vt 0.32451 0.51517
vt 0.37614 0.65257
vt 0.37835 0.64857
vt 0.38573 0.64010
vt 0.38524 0.64005
vt 0.38548 0.64360
vt 0.38627 0.64213
vt 0.38388 0.64437
vt 0.38263 0.64492
vt 0.38495 0.63374
vt 0.37522 0.62572
vt 0.37969 0.64566
vt 0.36965 0.61159
vt 0.39649 0.58505
vt 0.39647 0.58260
vt 0.39874 0.57516
vt 0.39683 0.57714
vt 0.39667 0.58093
vt 0.39685 0.58013
vt 0.39688 0.57917
vt 0.38886 0.61993
vt 0.38952 0.61677
vt 0.39041 0.61452
vt 0.39254 0.60878
vt 0.39314 0.60815
vt 0.39266 0.60549
vt 0.39212 0.60970
vt 0.39175 0.61208
vt 0.38609 0.63038
vt 0.38659 0.62884
vt 0.38588 0.63197
vt 0.38643 0.63115
vt 0.38637 0.62789
vt 0.38743 0.62644
vt 0.38836 0.62320
vt 0.38857 0.62192
vt 0.39390 0.59753
vt 0.39477 0.59443
vt 0.39408 0.59336
vt 0.39543 0.59139
vt 0.39436 0.59382
vt 0.39293 0.60335
vt 0.39324 0.60092
vt 0.39355 0.60017
vt 0.39297 0.59905
vt 0.39576 0.58951
vt 0.39584 0.58595
vt 0.39627 0.58701
vt 0.38623 0.59183
vt 0.37629 0.57455
vt 0.34409 0.59817
vt 0.35214 0.51646
vt 0.91691 0.85845
vt 0.63901 0.76851
vt 0.36533 0.67722
vt 0.36669 0.67451
vt 0.36938 0.66808
vt 0.37199 0.66170
vt 0.36792 0.67125
vt 0.35750 0.65134
vt 0.37272 0.65981
vt 0.37338 0.65843
vt 0.37488 0.65515
vt 0.31798 0.59485
vt 0.31244 0.62426
vt 0.39619 0.53977
vt 0.39642 0.54211
vt 0.39676 0.54609
vt 0.39657 0.54381
vt 0.39878 0.55257
vt 0.39830 0.55565
vt 0.39746 0.55768
vt 0.36877 0.52836
vt 0.39721 0.56917
vt 0.39728 0.56667
vt 0.39730 0.56364
vt 0.38433 0.55059
vt 0.39612 0.56170
vt 0.39751 0.57272
vt 0.39618 0.53888
vt 0.38794 0.53246
vt 0.35712 0.63322
vt 0.38103 0.60900
vt 0.41513 0.60511
vt 0.51592 0.48967
vt 0.47099 0.37142
vt 0.47467 0.34312
vt 0.40962 0.49869
vt 0.25627 0.57840
vt 0.39707 0.82127
vt 0.45526 0.75400
vt 0.94065 0.91446
vt 0.83514 0.97524
vt 0.26663 0.94978
vt 0.40300 0.69443
vt 0.41047 0.63950
vt 0.18728 0.77333
vt 0.42503 0.72745
vt 0.15212 0.56123
vt 0.18305 0.57757
vt 0.15105 0.56546
vt 0.15031 0.56872
vt 0.14959 0.57192
vt 0.14871 0.57553
vt 0.14817 0.57718
vt 0.22743 0.10310
vt 0.50814 0.06381
vt 0.50704 0.06353
vt 0.50878 0.06391
vt 0.51019 0.06438
vt 0.51148 0.06445
vt 0.50009 0.06101
vt 0.49971 0.06030
vt 0.49829 0.06011
vt 0.34118 0.08351
vt 0.23766 0.09792
vt 0.49902 0.06001
vt 0.23694 0.09675
vt 0.23614 0.09605
vt 0.50427 0.06211
vt 0.50146 0.06036
vt 0.50076 0.06085
vt 0.50269 0.06930
vt 0.35570 0.09637
vt 0.23533 0.09493
vt 0.23507 0.09316
vt 0.23452 0.09194
vt 0.23395 0.09062
vt 0.23445 0.08833
vt 0.23456 0.08694
vt 0.23461 0.08546
vt 0.23388 0.08348
vt 0.23334 0.08173
vt 0.23321 0.08016
vt 0.23344 0.07802
vt 0.23248 0.07536
vt 0.23191 0.07296
vt 0.23144 0.07155
vt 0.44568 0.79089
vt 0.14606 0.58439
vt 0.14520 0.58757
vt 0.14457 0.58913
vt 0.14424 0.59105
vt 0.31295 0.39015
vt 0.56421 0.07977
vt 0.56204 0.07862
vt 0.56083 0.07792
vt 0.55810 0.07598
vt 0.55739 0.07529
vt 0.53063 0.06754
vt 0.53370 0.06758
vt 0.53885 0.06964
vt 0.53636 0.06861
vt 0.52692 0.07227
vt 0.54034 0.07070
vt 0.54439 0.07132
vt 0.54643 0.07174
vt 0.55564 0.07494
vt 0.55412 0.07452
vt 0.55361 0.07391
vt 0.55235 0.07355
vt 0.55116 0.07292
vt 0.55000 0.07177
vt 0.55051 0.07263
vt 0.51287 0.06443
vt 0.51408 0.06455
vt 0.51367 0.06445
vt 0.51492 0.06468
vt 0.51516 0.06498
vt 0.51826 0.06617
vt 0.51805 0.06554
vt 0.51746 0.06519
vt 0.51650 0.06487
vt 0.52224 0.06784
vt 0.52223 0.06607
vt 0.52182 0.06598
vt 0.51960 0.06679
vt 0.52573 0.06750
vt 0.52467 0.06713
vt 0.52737 0.06740
vt 0.52326 0.06662
vt 0.45259 0.05032
vt 0.45412 0.05145
vt 0.45602 0.05245
vt 0.46554 0.06926
vt 0.45156 0.04947
vt 0.45198 0.04981
vt 0.45097 0.04901
vt 0.45029 0.04870
vt 0.44983 0.04862
vt 0.44942 0.04892
vt 0.44886 0.05072
vt 0.44940 0.04991
vt 0.45224 0.05332
vt 0.17966 0.64363
vt 0.46121 0.06115
vt 0.41123 0.26037
vt 0.42591 0.83420
vt 0.40832 0.79286
vt 0.22458 0.59222
vt 0.23165 0.06721
vt 0.23119 0.06574
vt 0.22980 0.06428
vt 0.22875 0.04442
vt 0.22410 0.07917
vt 0.16588 0.09149
vt 0.17633 0.04783
vt 0.23071 0.06454
vt 0.23084 0.06237
vt 0.23100 0.06057
vt 0.23202 0.05651
vt 0.23350 0.05294
vt 0.23552 0.04768
vt 0.23823 0.04065
vt 0.23901 0.03807
vt 0.24054 0.03234
vt 0.65805 0.56237
vt 0.93541 0.91412
vt 0.91573 0.90543
vt 0.93506 0.91273
vt 0.93418 0.90899
vt 0.93365 0.90678
vt 0.93215 0.90620
vt 0.93261 0.90325
vt 0.93088 0.89740
vt 0.92992 0.89265
vt 0.92869 0.88940
vt 0.92781 0.88598
vt 0.92692 0.88248
vt 0.92581 0.87914
vt 0.92436 0.87611
vt 0.92303 0.87564
vt 0.92314 0.87274
vt 0.92181 0.86990
vt 0.90744 0.87673
vt 0.91927 0.86358
vt 0.91815 0.86136
vt 0.32114 0.66550
vt 0.28199 0.97784
vt 0.90090 0.91959
vt 0.17597 0.71400
vt 0.15114 0.68839
vt 0.29852 0.18181
vt 0.38684 0.78242
vt 0.35220 0.77145
vt 0.28368 0.78323
vt 0.36770 0.66623
vt 0.37379 0.65047
vt 0.33100 0.68320
vt 0.39374 0.64047
vt 0.39606 0.74312
vt 0.37675 0.72721
vt 0.32600 0.72264
vt 0.32649 0.69429
vt 0.29003 0.64051
vt 0.42057 0.28612
vt 0.46497 0.33320
vt 0.44478 0.25799
vt 0.32933 0.61686
vt 0.42646 0.54163
vt 0.98186 0.90186
vt 0.97424 0.19951
vt 0.96201 0.60677
vt 0.53155 0.51979
vt 0.27824 0.39050
vt 0.24894 0.43012
vt 0.45794 0.53457
vt 0.35354 0.39092
vt 0.47006 0.50178
vt 0.48389 0.47332
vt 0.15034 0.26412
vt 0.27206 0.79417
vt 0.28543 0.84253
vt 0.62554 0.55692
vt 0.66391 0.52859
vt 0.64240 0.53864
vt 0.67650 0.57040
vt 0.28222 0.69029
vt 0.14075 0.18819
vt 0.39473 0.48596
vt 0.73411 0.98695
vt 0.47992 0.93043
vt 0.01891 0.34967
vt 0.44921 0.71872
vt 0.14098 0.22782
vt 0.11985 0.60072
vt 0.11244 0.57983
vt 0.50937 0.93957
vt 0.13420 0.62821
vt 0.30706 0.28098
vt 0.32569 0.32505
vt 0.35016 0.41056
vt 0.53601 0.94235
vt 0.38209 0.34320
vt 0.33583 0.44185
vt 0.32328 0.40667
vt 0.13565 0.17976
vt 0.26215 0.39277
vt 0.40392 0.50240
vt 0.43808 0.22701
vt 0.40780 0.46744
vt 0.43323 0.50970
vt 0.44999 0.24308
vt 0.46410 0.73104
vt 0.50368 0.79167
vt 0.46416 0.73867
vt 0.46413 0.74047
vt 0.46477 0.74672
vt 0.46572 0.75400
vt 0.46594 0.75427
vt 0.48009 0.73626
vt 0.46567 0.76230
vt 0.46580 0.76496
vt 0.47353 0.76818
vt 0.47531 0.77523
vt 0.47698 0.78253
vt 0.52778 0.74575
vt 0.56760 0.74886
vt 0.47354 0.79811
vt 0.47372 0.80037
vt 0.48011 0.80418
vt 0.47673 0.81367
vt 0.47692 0.81522
vt 0.47746 0.82053
vt 0.47828 0.82712
vt 0.47853 0.82897
vt 0.48342 0.83170
vt 0.48305 0.84014
vt 0.49003 0.84600
vt 0.54660 0.81266
vt 0.56137 0.79180
vt 0.51845 0.84807
vt 0.57737 0.80745
vt 0.91565 0.81514
vt 0.66133 0.03659
vt 0.65507 0.03627
vt 0.96611 0.32465
vt 0.98065 0.47023
vt 0.97191 0.35280
vt 0.10000 0.70578
vt 0.97373 0.61773
vt 0.21058 0.85478
vt 0.23329 0.87742
vt 0.21764 0.96317
vt 0.24193 0.93980
vt 0.35317 0.19676
vt 0.92500 0.77172
vt 0.80392 0.34986
vt 0.44523 0.08496
vt 0.17679 0.33119
vt 0.20400 0.32986
vt 0.23263 0.32922
vt 0.85872 0.51223
vt 0.20174 0.29422
vt 0.86576 0.45988
vt 0.29570 0.19057
vt 0.26636 0.20299
vt 0.24406 0.25699
vt 0.29076 0.88544
vt 0.27875 0.30230
vt 0.73789 0.66229
vt 0.75162 0.63683
vt 0.69529 0.68220
vt 0.65982 0.63922
vt 0.68667 0.65908
vt 0.69824 0.62562
vt 0.87714 0.76132
vt 0.84514 0.78117
vt 0.76262 0.41729
vt 0.28154 0.98308
vt 0.72157 0.51961
vt 0.95905 0.17945
vt 0.95933 0.17283
vt 0.96255 0.16355
vt 0.95853 0.15683
vt 0.95490 0.15360
vt 0.95117 0.15241
vt 0.95250 0.15127
vt 0.94915 0.15283
vt 0.94785 0.15232
vt 0.73977 0.60709
vt 0.94152 0.15389
vt 0.94013 0.15466
vt 0.93877 0.15547
vt 0.93829 0.15614
vt 0.93849 0.16140
vt 0.94456 0.15201
vt 0.94312 0.15278
vt 0.71167 0.58549
vt 0.82354 0.71492
vt 0.80732 0.68092
vt 0.72440 0.89660
vt 0.80004 0.73962
vt 0.76754 0.74612
vt 0.78438 0.78573
vt 0.80838 0.78369
vt 0.73536 0.91723
vt 0.94655 0.78550
vt 0.75117 0.79193
vt 0.95003 0.82757
vt 0.70803 0.93995
vt 0.80832 0.31935
vt 0.17432 0.26858
vt 0.02208 0.17985
vt 0.03859 0.14487
vt 0.23871 0.22415
vt 0.96970 0.18586
vt 0.03630 0.02271
vt 0.77429 0.09340
vt 0.55605 0.66083
vt 0.55935 0.66053
vt 0.56231 0.66011
vt 0.56502 0.65994
vt 0.58448 0.65020
vt 0.56804 0.66035
vt 0.57106 0.66112
vt 0.57218 0.66144
vt 0.57470 0.66203
vt 0.67655 0.51269
vt 0.88068 0.20755
vt 0.59534 0.66805
vt 0.59279 0.66850
vt 0.59973 0.66724
vt 0.60053 0.66567
vt 0.59885 0.63460
vt 0.62171 0.64015
vt 0.62637 0.65593
vt 0.62717 0.65458
vt 0.93592 0.22296
vt 0.93427 0.22248
vt 0.51347 0.85215
vt 0.73449 0.44749
vt 0.93757 0.22451
vt 0.53502 0.66692
vt 0.93274 0.21962
vt 0.53876 0.66558
vt 0.54195 0.66457
vt 0.92626 0.21468
vt 0.92405 0.21332
vt 0.91799 0.21018
vt 0.54524 0.66351
vt 0.54886 0.66243
vt 0.55285 0.66139
vt 0.57243 0.83910
vt 0.19577 0.28172
vt 0.39648 0.04495
vt 0.84736 0.48682
vt 0.88820 0.49616
vt 0.07659 0.96975
vt 0.16651 0.30929
vt 0.43452 0.37320
vt 0.89345 0.20325
vt 0.90043 0.20483
vt 0.88467 0.20663
vt 0.89683 0.17468
vt 0.89305 0.17658
vt 0.89103 0.17737
vt 0.88786 0.17858
vt 0.89619 0.84973
vt 0.90596 0.25687
vt 0.96435 0.49042
vt 0.88954 0.17795
vt 0.96673 0.49025
vt 0.96921 0.49034
vt 0.97233 0.49038
vt 0.97566 0.49070
vt 0.97835 0.48872
vt 0.97723 0.49106
vt 0.97780 0.48945
vt 0.86654 0.20121
vt 0.90760 0.29588
vt 0.59013 0.66829
vt 0.68101 0.51429
vt 0.98564 0.48809
vt 0.98250 0.48923
vt 0.60651 0.66683
vt 0.60977 0.66670
vt 0.61651 0.66513
vt 0.62640 0.65796
vt 0.62557 0.66007
vt 0.57781 0.60154
vt 0.60854 0.57985
vt 0.64096 0.53541
vt 0.65988 0.59988
vt 0.66273 0.59709
vt 0.66457 0.59588
vt 0.66653 0.59498
vt 0.66852 0.59337
vt 0.66956 0.59258
vt 0.67065 0.59165
vt 0.67208 0.59099
vt 0.67331 0.59036
vt 0.67486 0.58965
vt 0.62985 0.65275
vt 0.62845 0.65512
vt 0.63204 0.65020
vt 0.63210 0.64761
vt 0.63383 0.64727
vt 0.63591 0.64514
vt 0.63687 0.64320
vt 0.63774 0.63929
vt 0.64295 0.62986
vt 0.64413 0.62708
vt 0.64539 0.62416
vt 0.64703 0.62138
vt 0.65030 0.61558
vt 0.65145 0.61322
vt 0.65291 0.61085
vt 0.65428 0.60867
vt 0.65736 0.60422
vt 0.65854 0.60200
vt 0.63109 0.59477
vt 0.67664 0.58885
vt 0.67985 0.58778
vt 0.42507 0.50449
vt 0.68249 0.58683
vt 0.68557 0.58596
vt 0.68602 0.58451
vt 0.63701 0.57146
vt 0.57493 0.55486
vt 0.56777 0.53188
vt 0.77306 0.10952
vt 0.72274 0.09989
vt 0.24875 0.43171
vt 0.73521 0.06819
vt 0.60212 0.52424
vt 0.66666 0.46477
vt 0.66645 0.51525
vt 0.58846 0.47072
vt 0.66782 0.56889
vt 0.67313 0.55153
vt 0.20236 0.44551
vt 0.68898 0.58468
vt 0.68947 0.58460
vt 0.69120 0.58443
vt 0.69288 0.58418
vt 0.69433 0.58364
vt 0.51411 0.53465
vt 0.14738 0.44190
vt 0.14547 0.44792
vt 0.14506 0.45175
vt 0.14468 0.45354
vt 0.14437 0.45544
vt 0.14434 0.45726
vt 0.16296 0.46783
vt 0.14553 0.45924
vt 0.14511 0.46033
vt 0.14637 0.46150
vt 0.14471 0.46152
vt 0.14540 0.46543
vt 0.14528 0.46749
vt 0.14640 0.47105
vt 0.14693 0.47497
vt 0.14729 0.47742
vt 0.14771 0.48080
vt 0.14807 0.48253
vt 0.14833 0.48396
vt 0.14953 0.48625
vt 0.14951 0.48832
vt 0.14938 0.48524
vt 0.14929 0.48557
vt 0.14990 0.48978
vt 0.15040 0.49166
vt 0.15048 0.49372
vt 0.15910 0.48627
vt 0.15100 0.49548
vt 0.15159 0.49711
vt 0.15179 0.49881
vt 0.15201 0.50073
vt 0.15283 0.50443
vt 0.15352 0.50701
vt 0.15393 0.50978
vt 0.23978 0.48370
vt 0.18249 0.49537
vt 0.22508 0.21730
vt 0.65675 0.07926
vt 0.22840 0.25228
vt 0.26944 0.49653
vt 0.23514 0.51223
vt 0.26151 0.52968
vt 0.24454 0.54040
vt 0.15461 0.51368
vt 0.15483 0.51451
vt 0.15567 0.51680
vt 0.16716 0.52021
vt 0.15588 0.51844
vt 0.15569 0.51993
vt 0.15635 0.52476
vt 0.15637 0.52736
vt 0.15651 0.52915
vt 0.15591 0.53358
vt 0.15568 0.53639
vt 0.16325 0.53708
vt 0.15550 0.53820
vt 0.15508 0.54185
vt 0.15409 0.54579
vt 0.21517 0.56237
vt 0.22570 0.54556
vt 0.58961 0.53543
vt 0.87003 0.61748
vt 0.72412 0.03247
vt 0.66691 0.75374
vt 0.62042 0.42854
vt 0.16912 0.21766
vt 0.17745 0.19480
vt 0.87593 0.64525
vt 0.87047 0.67174
vt 0.62116 0.46634
vt 0.63352 0.48985
vt 0.65387 0.44796
vt 0.32357 0.15627
vt 0.36134 0.14427
vt 0.40380 0.16209
vt 0.39513 0.20275
vt 0.38021 0.17612
vt 0.60627 0.80272
vt 0.67943 0.70050
vt 0.67668 0.72245
vt 0.64724 0.71988
vt 0.39035 0.22240
vt 0.21111 0.24292
vt 0.19959 0.26895
vt 0.18581 0.24851
vt 0.19823 0.22500
vt 0.66079 0.66886
vt 0.61976 0.68105
vt 0.41686 0.35944
vt 0.60925 0.69140
vt 0.93267 0.16027
vt 0.93096 0.15939
vt 0.92941 0.15964
vt 0.92645 0.16209
vt 0.92677 0.16181
vt 0.92802 0.16053
vt 0.92358 0.16343
vt 0.91565 0.20941
vt 0.49855 0.85890
vt 0.90812 0.20675
vt 0.90733 0.20452
vt 0.90117 0.17208
vt 0.90242 0.17119
vt 0.89989 0.17305
vt 0.89843 0.17385
vt 0.93105 0.35482
vt 0.56073 0.65296
vt 0.91138 0.18088
vt 0.54207 0.63003
vt 0.92198 0.16401
vt 0.92029 0.16483
vt 0.91866 0.16522
vt 0.91710 0.16569
vt 0.91521 0.16615
vt 0.91211 0.16737
vt 0.90721 0.16878
vt 0.90553 0.16938
vt 0.90477 0.16947
vt 0.90424 0.17007
vt 0.73847 0.55659
vt 0.75552 0.66510
vt 0.53144 0.54775
vt 0.51043 0.56261
vt 0.55727 0.22230
vt 0.06730 0.54028
vt 0.07751 0.56118
vt 0.10574 0.51558
vt 0.04282 0.54657
vt 0.06217 0.60228
vt 0.70425 0.84536
vt 0.83192 0.08112
vt 0.78615 0.07034
vt 0.06590 0.62096
vt 0.69820 0.82573
vt 0.81486 0.06867
vt 0.70575 0.83042
vt 0.71726 0.83871
vt 0.68108 0.86539
vt 0.64947 0.82125
vt 0.67358 0.85324
vt 0.68881 0.83882
vt 0.63337 0.85320
vt 0.63164 0.84608
vt 0.63841 0.92969
vt 0.62473 0.87006
vt 0.29331 0.07623
vt 0.61621 0.90805
vt 0.77276 0.06026
vt 0.87209 0.54275
vt 0.33364 0.07378
vt 0.35494 0.03839
vt 0.88025 0.53104
vt 0.59408 0.86170
vt 0.61652 0.84328
vt 0.80844 0.63934
vt 0.39188 0.01698
vt 0.58485 0.88204
vt 0.61523 0.70994
vt 0.62215 0.73815
vt 0.90120 0.51795
vt 0.68056 0.30564
vt 0.57997 0.96743
vt 0.48417 0.38848
vt 0.47216 0.39726
vt 0.79625 0.39054
vt 0.87765 0.37371
vt 0.44840 0.23153
vt 0.44103 0.46164
vt 0.03321 0.69409
vt 0.87629 0.77598
vt 0.05884 0.67409
vt 0.04166 0.22750
vt 0.90125 0.65113
vt 0.90292 0.64875
vt 0.92630 0.66401
vt 0.27743 0.03419
vt 0.75630 0.79836
vt 0.75744 0.79979
vt 0.70234 0.83403
vt 0.68690 0.84152
vt 0.78301 0.31931
vt 0.90180 0.64705
vt 0.39382 0.47184
vt 0.38703 0.49716
vt 0.39463 0.49926
vt 0.39391 0.50111
vt 0.39455 0.50073
vt 0.39477 0.50139
vt 0.39612 0.50287
vt 0.39519 0.50384
vt 0.39588 0.50330
vt 0.34002 0.49978
vt 0.31601 0.47979
vt 0.70324 0.40458
vt 0.73957 0.57212
vt 0.75636 0.58262
vt 0.68639 0.41248
vt 0.45627 0.21836
vt 0.76793 0.50377
vt 0.26141 0.02874
vt 0.25226 0.36690
vt 0.02069 0.92102
vt 0.81033 0.48431
vt 0.92454 0.49898
vt 0.75376 0.79731
vt 0.74150 0.81045
vt 0.70418 0.48028
vt 0.65946 0.10125
vt 0.65648 0.10158
vt 0.66009 0.10118
vt 0.57080 0.18569
vt 0.12613 0.22685
vt 0.09965 0.19856
vt 0.13031 0.23521
vt 0.13084 0.23161
vt 0.55952 0.91702
vt 0.56431 0.92353
vt 0.34436 0.72565
vt 0.06791 0.40618
vt 0.47354 0.96229
vt 0.19752 0.53195
vt 0.46606 0.08361
vt 0.59683 0.85137
vt 0.55747 0.19685
vt 0.48286 0.14833
vt 0.47964 0.14891
vt 0.47794 0.14840
vt 0.47404 0.89269
vt 0.95387 0.56067
vt 0.02423 0.22303
vt 0.64361 0.12055
vt 0.64946 0.10234
vt 0.65152 0.10165
vt 0.65301 0.10189
vt 0.11992 0.24802
vt 0.33611 0.58698
vt 0.13122 0.23843
vt 0.13121 0.23678
vt 0.55978 0.90508
vt 0.18250 0.91292
vt 0.45208 0.05657
vt 0.17414 0.72691
vt 0.83034 0.74028
vt 0.94238 0.36328
vt 0.90693 0.97501
vt 0.76114 0.91916
vt 0.78086 0.96429
vt 0.57226 0.84220
vt 0.61184 0.17819
vt 0.82789 0.11730
vt 0.75137 0.52604
vt 0.16590 0.69688
vt 0.21990 0.96944
vt 0.96904 0.35009
vt 0.94867 0.24234
vt 0.37195 0.57434
vt 0.74079 0.50344
vt 0.04317 0.73092
vt 0.72806 0.42766
vt 0.84283 0.40686
vt 0.34677 0.80901
vt 0.19037 0.17414
vt 0.17369 0.16462
vt 0.17440 0.16563
vt 0.17568 0.16681
vt 0.17755 0.16743
vt 0.17018 0.14035
vt 0.49485 0.30764
vt 0.12579 0.28424
vt 0.12639 0.28399
vt 0.12729 0.28315
vt 0.12789 0.28265
vt 0.12890 0.28182
vt 0.13014 0.28110
vt 0.46228 0.71727
vt 0.46358 0.72385
vt 0.55023 0.71070
vt 0.23027 0.80013
vt 0.21561 0.83446
vt 0.17832 0.17137
vt 0.09004 0.67448
vt 0.07491 0.66248
vt 0.87167 0.88399
vt 0.90466 0.87134
vt 0.32342 0.04283
vt 0.86369 0.24085
vt 0.38970 0.97490
vt 0.83958 0.03980
vt 0.94919 0.72482
vt 0.23200 0.20012
vt 0.10945 0.85715
vt 0.11047 0.55239
vt 0.28030 0.90054
vt 0.81592 0.27836
vt 0.19161 0.22256
vt 0.46794 0.02718
vt 0.69828 0.13507
vt 0.33438 0.11717
vt 0.30210 0.19524
vt 0.30791 0.29253
vt 0.13795 0.30108
vt 0.48197 0.15006
vt 0.48048 0.14926
vt 0.46861 0.12855
vt 0.13081 0.28021
vt 0.83546 0.22017
vt 0.92467 0.71770
vt 0.75313 0.26775
vt 0.78276 0.24321
vt 0.39465 0.50523
vt 0.26681 0.49577
vt 0.38563 0.63884
vt 0.38518 0.63710
vt 0.38168 0.63942
vt 0.38493 0.63625
vt 0.38460 0.63522
vt 0.15360 0.55215
vt 0.15273 0.55843
vt 0.33109 0.82620
vt 0.30682 0.84535
vt 0.32352 0.78777
vt 0.29550 0.74342
vt 0.54389 0.56464
vt 0.45459 0.30302
vt 0.41362 0.22793
vt 0.47543 0.24866
vt 0.16933 0.25954
vt 0.39522 0.40603
vt 0.36430 0.20982
vt 0.30692 0.16036
vt 0.32566 0.84756
vt 0.63638 0.66097
vt 0.65731 0.61624
vt 0.53699 0.45061
vt 0.88303 0.61059
vt 0.95986 0.89703
vt 0.96625 0.88093
vt 0.14575 0.81711
vt 0.34284 0.24314
vt 0.38410 0.37698
vt 0.40766 0.54963
vt 0.35317 0.52483
vt 0.46392 0.72666
vt 0.50954 0.71402
vt 0.56423 0.85606
vt 0.82578 0.34221
vt 0.01735 0.14780
vt 0.53858 0.04634
vt 0.93980 0.20866
vt 0.95313 0.53868
vt 0.09490 0.74312
vt 0.29497 0.25006
vt 0.65309 0.68117
vt 0.77875 0.23178
vt 0.78852 0.29573
vt 0.93624 0.15726
vt 0.93551 0.15826
vt 0.67817 0.91114
vt 0.74354 0.75047
vt 0.16649 0.24530
vt 0.41274 0.07407
vt 0.15766 0.28272
vt 0.34010 0.18313
vt 0.15365 0.54897
vt 0.95136 0.16848
vt 0.93442 0.15766
vt 0.93363 0.15846
vt 0.75214 0.77617
vt 0.85927 0.55403
vn -0.7055 -0.3720 0.6032
vn -0.8064 0.3733 0.4586
vn -0.9639 -0.1894 -0.1872
vn -0.7165 0.2702 0.6431
vn -0.5330 -0.5763 0.6195
vn -0.3343 -0.5390 0.7731
vn -0.8801 -0.4367 0.1865
vn -0.9016 -0.1757 0.3954
vn -0.8187 -0.4984 0.2853
vn -0.5017 -0.4916 0.7117
vn -0.6925 -0.3131 0.6500
vn -0.9672 -0.2194 0.1278
vn -0.8354 -0.0122 0.5495
vn -0.4187 0.1623 0.8935
vn -0.7616 0.5719 0.3048
vn -0.6329 0.3097 0.7096
vn -0.3064 -0.4418 0.8431
vn -0.5309 -0.1067 0.8407
vn -0.4755 0.3581 0.8036
vn -0.7356 0.2340 0.6357
vn -0.7811 -0.0114 0.6243
vn -0.7777 -0.0554 0.6262
vn -0.5682 0.3932 0.7228
vn -0.7752 0.2916 0.5604
vn -0.6255 0.1145 0.7717
vn -0.2248 -0.2903 0.9302
vn -0.4592 -0.0920 0.8836
vn -0.8014 0.5337 0.2700
vn -0.7427 0.3426 0.5754
vn -0.6145 0.2439 0.7502
vn 0.0971 -0.7118 0.6957
vn -0.8664 -0.4981 -0.0339
vn -0.5682 0.2861 0.7716
vn -0.7522 0.3196 0.5763
vn -0.7516 0.3249 0.5741
vn 0.8087 0.5632 0.1698
vn 0.8416 0.4155 0.3451
vn -0.5407 0.1153 0.8333
vn -0.5821 0.1123 0.8053
vn -0.7751 0.3019 0.5551
vn -0.7447 0.2998 0.5963
vn -0.7530 0.3112 0.5798
vn -0.7270 0.2938 0.6206
vn 0.9157 0.1195 0.3836
vn 0.7259 0.3142 0.6118
vn 0.9030 -0.0158 0.4293
vn 0.2692 0.3467 0.8985
vn 0.6281 0.3717 0.6836
vn 0.7136 -0.0351 0.6997
vn -0.7606 0.2866 0.5825
vn -0.7675 0.2860 0.5738
vn -0.7393 0.2850 0.6101
vn -0.7032 0.2513 0.6651
vn 0.1171 -0.8825 0.4555
vn 0.4920 -0.6441 0.5857
vn 0.1320 -0.8952 0.4257
vn 0.1254 -0.8588 0.4966
vn -0.0926 -0.9892 0.1134
vn 0.6985 -0.6035 0.3846
vn -0.0858 -0.9421 0.3241
vn 0.3229 -0.9196 0.2240
vn 0.2247 -0.9642 0.1405
vn 0.3067 -0.9505 -0.0492
vn 0.1243 -0.9873 -0.0990
vn -0.0977 -0.9658 0.2401
vn 0.2217 -0.9746 0.0329
vn 0.2853 -0.8894 0.3573
vn 0.4187 -0.7222 0.5506
vn -0.0918 -0.8534 0.5130
vn -0.0587 -0.9231 0.3801
vn -0.0119 -0.9071 0.4207
vn 0.0488 -0.9129 0.4052
vn -0.6959 0.2418 0.6762
vn -0.7564 0.2633 0.5988
vn -0.8398 0.2829 0.4634
vn -0.8148 0.2867 0.5039
vn -0.3897 -0.5376 0.7477
vn -0.7493 -0.6178 -0.2384
vn -0.0211 -0.6413 0.7670
vn 0.3265 -0.6564 0.6801
vn 0.0544 -0.7464 0.6633
vn -0.9217 -0.1462 -0.3593
vn 0.4400 0.8179 0.3708
vn 0.2594 -0.0227 -0.9655
vn -0.7607 -0.0558 0.6467
vn -0.7880 -0.3092 -0.5323
vn -0.8538 -0.1015 -0.5107
vn -0.7222 -0.4686 -0.5087
vn -0.6621 -0.6018 -0.4466
vn -0.6112 -0.7123 -0.3450
vn -0.5744 -0.7875 -0.2232
vn -0.5489 -0.8276 -0.1170
vn -0.5385 -0.8399 -0.0673
vn -0.5319 -0.6955 -0.4830
vn -0.3986 -0.3770 -0.8361
vn -0.6230 -0.2577 -0.7386
vn -0.9338 0.0166 -0.3575
vn -0.7589 -0.3501 -0.5491
vn -0.7949 -0.5955 -0.1162
vn -0.7560 -0.4719 -0.4535
vn -0.6789 -0.6470 -0.3471
vn -0.5126 -0.7330 -0.4472
vn -0.5397 -0.6378 -0.5495
vn -0.5617 -0.4217 -0.7118
vn -0.5593 -0.3663 -0.7437
vn -0.5644 -0.3876 -0.7289
vn -0.5656 -0.3960 -0.7234
vn -0.5596 -0.3853 -0.7337
vn -0.5623 -0.3859 -0.7314
vn -0.5795 -0.3968 -0.7119
vn -0.7444 -0.3405 -0.5743
vn -0.7904 -0.3228 -0.5206
vn -0.5965 -0.4044 -0.6933
vn -0.9043 -0.0874 -0.4178
vn -0.9030 -0.1033 -0.4171
vn -0.9044 -0.0838 -0.4184
vn -0.9008 -0.0572 -0.4305
vn -0.8880 -0.0028 -0.4599
vn -0.8756 0.0315 -0.4820
vn -0.8871 0.0133 -0.4613
vn -0.9203 -0.0438 -0.3887
vn -0.9998 -0.0200 0.0059
vn -0.2721 0.5335 0.8008
vn -0.6608 -0.1573 0.7339
vn -0.9589 -0.1195 -0.2575
vn -0.9779 -0.1935 -0.0794
vn -0.9458 -0.2613 0.1929
vn -0.7380 -0.2495 0.6269
vn -0.6643 -0.1688 0.7281
vn -0.6441 -0.1852 0.7422
vn -0.6283 -0.1923 0.7538
vn -0.9341 0.0402 0.3547
vn -0.6202 -0.1930 0.7604
vn -0.6238 -0.1935 0.7572
vn -0.6144 -0.1923 0.7652
vn -0.6277 -0.1970 0.7531
vn -0.6418 -0.2018 0.7399
vn -0.7180 -0.4360 0.5425
vn -0.7417 -0.3252 0.5866
vn -0.8061 -0.2560 0.5335
vn -0.7143 -0.3337 0.6151
vn -0.6826 -0.5192 0.5143
vn -0.5990 0.7517 0.2760
vn -0.6474 -0.1130 0.7537
vn -0.2731 0.8082 0.5217
vn -0.8585 -0.2442 0.4509
vn 0.0363 -0.9629 0.2673
vn -0.8516 -0.5099 0.1215
vn -0.7114 0.6771 0.1880
vn -0.9106 0.1330 0.3914
vn -0.9047 0.1560 0.3965
vn -0.8912 0.0746 0.4474
vn -0.9751 0.2094 -0.0726
vn -0.9278 0.0742 -0.3655
vn -0.8522 0.2942 -0.4327
vn -0.7763 0.2837 -0.5629
vn -0.6252 0.6723 -0.3964
vn -0.6490 0.6674 -0.3653
vn -0.8596 0.1330 -0.4933
vn -0.6599 0.3870 -0.6440
vn -0.5977 -0.6847 -0.4171
vn -0.8420 -0.4701 -0.2648
vn -0.3865 -0.9179 0.0893
vn -0.5972 -0.5622 -0.5721
vn -0.6182 0.6896 0.3773
vn -0.8753 -0.3021 0.3777
vn -0.7429 -0.6141 0.2663
vn -0.9056 -0.4023 0.1342
vn -0.8986 0.2246 0.3769
vn -0.8685 -0.3197 0.3788
vn -0.2872 0.7263 0.6245
vn -0.7936 0.5314 0.2964
vn 0.1549 -0.9866 0.0515
vn -0.3511 -0.6125 0.7082
vn 0.0222 0.3722 0.9279
vn -0.2679 0.3079 0.9129
vn -0.9333 -0.2680 0.2389
vn 0.1314 0.2906 0.9478
vn 0.5823 -0.2709 0.7665
vn 0.2784 0.4110 0.8681
vn 0.1483 0.5889 0.7945
vn -0.1458 0.2573 0.9553
vn 0.3928 -0.2852 0.8743
vn -0.9559 0.1734 -0.2369
vn -0.9186 -0.3097 -0.2456
vn -0.7651 0.2870 -0.5763
vn -0.9283 -0.3269 -0.1769
vn -0.9248 -0.2929 0.2428
vn -0.5996 -0.0878 0.7954
vn -0.5927 -0.6454 0.4817
vn -0.6287 -0.6303 -0.4555
vn -0.6131 -0.6899 -0.3849
vn -0.6091 -0.6701 -0.4242
vn -0.6813 -0.5815 -0.4447
vn -0.7040 -0.5558 -0.4421
vn -0.6853 -0.4989 -0.5305
vn -0.5991 -0.3771 -0.7063
vn -0.6644 -0.3805 -0.6433
vn -0.8797 -0.4154 -0.2315
vn -0.6939 -0.5632 -0.4486
vn -0.9034 -0.3964 0.1639
vn -0.8132 -0.4179 -0.4051
vn -0.7342 -0.2385 -0.6357
vn -0.7500 -0.0827 -0.6563
vn -0.7544 -0.2227 -0.6175
vn -0.7400 -0.3669 -0.5636
vn -0.7366 -0.3106 -0.6007
vn -0.7502 -0.4154 -0.5144
vn -0.8742 -0.4272 -0.2307
vn -0.9450 0.2346 -0.2281
vn -0.8761 0.3979 -0.2722
vn -0.8923 0.3768 -0.2488
vn -0.9338 0.2919 -0.2067
vn -0.9977 0.0661 -0.0142
vn -0.9960 0.0699 -0.0548
vn -0.9686 -0.1704 0.1813
vn -0.9779 0.0163 -0.2083
vn -0.8146 -0.3133 -0.4881
vn -0.8630 -0.4680 0.1903
vn -0.5697 0.1150 0.8138
vn -0.8096 0.3326 0.4836
vn -0.2582 -0.5631 0.7850
vn -0.5985 -0.4627 0.6540
vn -0.7826 -0.4062 0.4718
vn -0.8559 -0.3958 0.3327
vn -0.8919 -0.4026 0.2061
vn -0.9048 -0.4221 -0.0568
vn -0.3768 -0.4339 0.8184
vn -0.2459 0.0303 0.9688
vn -0.8113 -0.0016 0.5847
vn 0.2863 -0.2103 0.9348
vn -0.2777 0.1979 0.9401
vn -0.0519 -0.0195 0.9985
vn 0.4883 -0.6744 0.5538
vn 0.8798 -0.2960 0.3720
vn 0.8899 0.2920 0.3504
vn 0.8978 0.2235 0.3794
vn -0.7628 -0.0332 0.6458
vn 0.0096 -0.6114 -0.7912
vn -0.3136 -0.0830 0.9459
vn -0.8014 -0.5697 -0.1822
vn -0.6745 0.1936 0.7124
vn -0.3787 0.3244 0.8668
vn 0.8502 0.5093 0.1332
vn 0.9048 -0.0463 0.4234
vn -0.8414 0.4462 0.3048
vn -0.2247 -0.1401 0.9643
vn -0.2179 -0.1459 0.9650
vn -0.1636 -0.0022 0.9865
vn -0.1938 0.0477 0.9799
vn -0.1054 0.0665 0.9922
vn -0.2387 0.3834 0.8922
vn -0.3009 -0.6583 0.6900
vn -0.2038 0.0637 0.9769
vn -0.3999 -0.8337 0.3807
vn -0.4290 -0.9024 -0.0411
vn -0.1521 -0.0423 0.9875
vn -0.1992 -0.1118 0.9736
vn -0.4372 -0.2158 0.8731
vn -0.1141 -0.9698 0.2158
vn -0.6215 -0.5496 0.5583
vn 0.4702 0.1029 0.8765
vn 0.1814 -0.3800 0.9070
vn 0.5210 -0.2129 0.8266
vn 0.6455 0.3760 0.6648
vn 0.5083 0.6946 0.5091
vn 0.0487 0.7591 0.6491
vn 0.3180 0.2578 0.9123
vn 0.3353 0.4075 0.8494
vn 0.3368 0.6341 0.6961
vn -0.9380 -0.1402 0.3172
vn -0.7685 0.0861 0.6341
vn -0.6435 -0.0371 0.7645
vn -0.6170 0.0829 0.7826
vn 0.3099 0.4254 0.8503
vn 0.3554 0.5819 0.7315
vn 0.3897 0.4595 0.7981
vn 0.3566 0.5809 0.7317
vn 0.2437 0.6009 0.7613
vn 0.0971 0.5365 0.8383
vn 0.1587 0.5435 0.8242
vn 0.2436 0.5608 0.7913
vn 0.0692 0.4890 0.8695
vn -0.2237 0.1692 0.9599
vn -0.2684 0.1351 0.9538
vn -0.3939 0.1260 0.9105
vn -0.2274 0.1736 0.9582
vn -0.2114 0.2069 0.9552
vn -0.4618 -0.6002 0.6530
vn 0.0956 0.9119 0.3991
vn 0.1590 0.8539 0.4955
vn -0.1385 0.9544 0.2644
vn 0.0325 0.8219 0.5687
vn -0.2977 0.3646 0.8823
vn 0.1032 0.6338 0.7666
vn 0.1899 -0.9614 0.1992
vn 0.0047 -0.9954 -0.0952
vn 0.4303 -0.1423 0.8914
vn -0.0461 -0.8737 0.4843
vn -0.6173 -0.7565 -0.2160
vn -0.1158 0.5283 0.8411
vn 0.3662 -0.2254 0.9028
vn -0.7867 -0.5055 0.3543
vn -0.0124 -0.9009 0.4339
vn -0.8780 0.0329 0.4775
vn -0.4255 -0.0804 0.9014
vn -0.0213 0.6771 0.7356
vn 0.2638 0.1417 0.9541
vn -0.4274 -0.7367 0.5241
vn -0.6684 -0.4550 0.5884
vn -0.4629 -0.2312 0.8557
vn -0.5480 0.0818 0.8325
vn 0.4154 0.0109 0.9096
vn -0.8218 -0.3418 0.4558
vn -0.2031 -0.9036 0.3772
vn 0.1343 -0.9402 0.3129
vn 0.4813 -0.8693 0.1122
vn 0.6794 -0.7248 -0.1146
vn 0.7372 -0.6193 -0.2703
vn -0.9726 0.0989 -0.2105
vn -0.9757 0.0896 -0.2000
vn -0.9791 0.0700 -0.1911
vn -0.9547 -0.2442 -0.1699
vn -0.9334 -0.3234 -0.1556
vn -0.9505 -0.2359 -0.2025
vn -0.9542 -0.0560 -0.2938
vn -0.9732 -0.1440 -0.1792
vn -0.9714 -0.2370 -0.0144
vn -0.9785 -0.0433 -0.2018
vn -0.8399 -0.0734 -0.5377
vn -0.9351 -0.1429 -0.3243
vn -0.8971 -0.0870 -0.4332
vn 0.3948 -0.9089 -0.1342
vn -0.4165 -0.8397 0.3485
vn -0.3075 -0.6709 0.6748
vn -0.2719 -0.3422 0.8994
vn -0.3677 -0.2158 0.9046
vn 0.0754 -0.6310 0.7721
vn 0.1992 -0.6475 0.7355
vn 0.1251 -0.6218 0.7731
vn -0.0842 -0.5039 0.8596
vn 0.7412 -0.5593 -0.3712
vn 0.6841 -0.4918 -0.5386
vn 0.6333 -0.4431 -0.6345
vn 0.7182 -0.4801 -0.5036
vn -0.1524 -0.8347 0.5292
vn -0.0935 -0.8926 0.4411
vn -0.0224 -0.9615 0.2740
vn 0.8682 -0.4959 0.0179
vn 0.7319 -0.6563 0.1833
vn 0.4584 -0.8703 0.1801
vn 0.1821 -0.9380 0.2950
vn -0.0537 -0.8923 0.4481
vn -0.9411 -0.2196 -0.2571
vn -0.9393 -0.3243 -0.1121
vn -0.9051 -0.3663 -0.2159
vn -0.8277 -0.3997 -0.3938
vn -0.9195 -0.2986 -0.2557
vn -0.9887 -0.1095 -0.1019
vn -0.8768 -0.2758 -0.3940
vn -0.9746 -0.1880 -0.1218
vn -0.9189 -0.3843 -0.0889
vn -0.7984 -0.5441 -0.2577
vn -0.3921 -0.9176 -0.0650
vn -0.9365 -0.2609 -0.2342
vn -0.0928 -0.9790 0.1814
vn -0.1979 -0.9758 0.0928
vn -0.4692 -0.8823 -0.0371
vn -0.8764 0.2428 0.4159
vn -0.8376 0.1609 0.5221
vn -0.7603 0.0639 0.6464
vn -0.7269 0.0331 0.6859
vn -0.8043 0.0749 0.5894
vn -0.8462 0.1044 0.5225
vn 0.2784 -0.9100 0.3074
vn -0.0314 -0.3341 0.9420
vn -0.6515 0.1179 0.7494
vn -0.0219 0.3453 0.9383
vn -0.2132 0.3399 0.9160
vn -0.0332 0.2370 0.9709
vn 0.0762 0.0253 0.9968
vn -0.7363 0.4707 0.4861
vn -0.4261 0.6371 0.6423
vn -0.7476 -0.6518 -0.1277
vn -0.5574 -0.5403 0.6304
vn -0.6868 0.3078 0.6585
vn 0.8256 -0.0529 0.5618
vn -0.3379 0.1704 0.9256
vn -0.3005 0.2930 0.9077
vn -0.4636 0.0999 0.8804
vn -0.7681 0.3388 0.5433
vn -0.7307 0.3823 0.5656
vn -0.3198 -0.0121 0.9474
vn -0.7060 0.2595 0.6590
vn -0.8180 0.3153 0.4811
vn -0.4553 0.5927 0.6644
vn -0.8267 0.3404 0.4479
vn -0.3607 0.7578 0.5438
vn -0.3736 0.7567 0.5365
vn -0.6548 0.7160 0.2422
vn -0.5106 0.7853 0.3500
vn -0.5652 0.7830 0.2599
vn -0.9516 -0.2687 -0.1490
vn -0.8273 -0.5561 0.0789
vn -0.6071 -0.7920 0.0644
vn -0.5153 -0.8545 0.0654
vn -0.5267 -0.8402 -0.1292
vn -0.4130 -0.8689 0.2727
vn -0.4416 -0.8490 0.2902
vn -0.4647 -0.8637 0.1953
vn -0.5648 -0.7898 0.2393
vn -0.7508 -0.6382 -0.1706
vn -0.5137 -0.7248 0.4591
vn -0.6494 -0.7314 0.2082
vn -0.8768 -0.3083 0.3689
vn -0.7788 -0.5842 0.2282
vn -0.7882 -0.5697 0.2326
vn -0.3860 -0.6783 0.6253
vn -0.1992 -0.6113 0.7659
vn -0.3351 -0.7416 0.5811
vn -0.8920 -0.4076 -0.1958
vn -0.7597 -0.0993 0.6426
vn -0.4260 -0.8790 0.2141
vn -0.7464 -0.6288 0.2180
vn -0.5837 -0.7109 0.3923
vn 0.8213 -0.5191 0.2368
vn 0.1028 -0.9386 0.3295
vn 0.2516 -0.9297 0.2690
vn -0.1463 -0.8687 0.4732
vn -0.3399 -0.7626 0.5504
vn -0.4866 -0.8136 0.3183
vn -0.9319 -0.0839 0.3528
vn -0.8403 -0.2743 0.4675
vn -0.3260 -0.0962 0.9405
vn -0.3860 -0.0318 0.9220
vn -0.7601 -0.3906 0.5193
vn -0.5667 -0.2099 0.7967
vn 0.0120 -0.8297 -0.5581
vn 0.2275 -0.9120 -0.3414
vn -0.6194 0.0568 -0.7830
vn -0.4845 -0.2994 -0.8220
vn -0.6294 0.1369 -0.7649
vn 0.0771 0.8470 0.5260
vn 0.0756 -0.8916 -0.4465
vn -0.0697 -0.8556 -0.5130
vn -0.2352 -0.8011 -0.5503
vn -0.6309 0.3057 -0.7131
vn -0.5881 0.5102 -0.6275
vn -0.5599 0.5912 -0.5805
vn -0.6188 0.5113 -0.5963
vn -0.7358 -0.0416 -0.6759
vn -0.6258 0.4886 -0.6080
vn -0.6396 0.5025 -0.5817
vn -0.7255 0.5844 -0.3637
vn -0.6223 0.7709 -0.1359
vn -0.7701 0.5899 -0.2429
vn -0.8276 0.5598 -0.0426
vn -0.7115 0.6532 0.2590
vn -0.2629 0.8015 0.5372
vn -0.0502 0.8059 0.5899
vn 0.0989 0.3035 0.9477
vn 0.1891 0.2577 0.9475
vn -0.5937 -0.6402 0.4876
vn 0.0254 -0.7026 0.7111
vn -0.4411 -0.7574 0.4815
vn 0.4453 -0.0095 0.8953
vn 0.5685 0.1038 0.8161
vn 0.5266 0.0794 0.8464
vn 0.5606 0.0837 0.8239
vn 0.4258 0.1123 0.8978
vn 0.5730 0.0942 0.8141
vn 0.0154 0.2874 0.9577
vn -0.0350 0.5661 0.8236
vn 0.2414 0.4126 0.8784
vn 0.0156 0.2444 0.9695
vn -0.4559 0.0574 0.8882
vn -0.3043 -0.8261 0.4743
vn -0.6122 -0.6864 0.3925
vn -0.4015 -0.6629 0.6320
vn -0.3500 -0.8106 0.4696
vn -0.9334 -0.3533 0.0619
vn -0.8800 -0.4523 0.1449
vn -0.6350 -0.6700 0.3846
vn -0.6173 -0.6276 0.4744
vn -0.5906 -0.6211 0.5152
vn -0.4406 -0.4758 0.7612
vn -0.3809 -0.6250 0.6814
vn -0.3978 -0.2916 0.8699
vn -0.3516 -0.6535 0.6704
vn -0.4433 -0.7266 0.5250
vn -0.3114 -0.2354 0.9207
vn -0.7603 0.0007 -0.6495
vn -0.8902 -0.3499 0.2917
vn -0.5665 0.2788 0.7754
vn -0.1631 -0.7381 0.6547
vn -0.2283 -0.5766 0.7845
vn -0.1530 -0.3619 0.9196
vn -0.0524 -0.5233 0.8505
vn 0.1201 -0.3077 0.9439
vn 0.6327 -0.3309 0.7001
vn 0.9064 -0.0767 0.4155
vn 0.9686 0.0040 0.2487
vn 0.9478 -0.0512 0.3147
vn 0.9771 -0.0114 0.2127
vn 0.0428 -0.1846 0.9819
vn -0.0340 -0.4043 0.9140
vn -0.2914 -0.1996 0.9356
vn -0.1131 -0.7541 0.6469
vn 0.0506 -0.6057 0.7941
vn 0.0401 -0.7543 0.6553
vn 0.0295 -0.3362 0.9413
vn -0.2835 -0.0693 0.9565
vn -0.6057 -0.4630 0.6471
vn -0.7877 -0.6159 0.0160
vn -0.7629 -0.6015 -0.2370
vn -0.2801 -0.5614 0.7787
vn 0.9895 0.1319 0.0598
vn 0.9538 -0.0878 0.2873
vn 0.9234 -0.1483 0.3540
vn 0.8798 -0.0379 0.4738
vn 0.8609 -0.0695 0.5040
vn 0.8904 -0.3865 0.2404
vn -0.8549 -0.4283 -0.2928
vn -0.8677 -0.3482 -0.3548
vn -0.8705 -0.3495 -0.3466
vn -0.8566 -0.4592 -0.2353
vn -0.9055 -0.3817 -0.1853
vn -0.9092 -0.4124 -0.0571
vn -0.8890 -0.3516 -0.2934
vn -0.8745 -0.3204 -0.3643
vn 0.8484 0.2007 0.4899
vn 0.9054 -0.2319 0.3556
vn 0.8534 -0.4355 0.2865
vn -0.9155 -0.3618 -0.1761
vn -0.9672 -0.2248 0.1183
vn -0.8306 -0.5565 0.0199
vn -0.7693 -0.6384 0.0273
vn -0.9526 -0.1446 0.2678
vn -0.8320 -0.5546 -0.0105
vn -0.9315 -0.3617 -0.0393
vn -0.9303 -0.3652 -0.0334
vn -0.9190 -0.3943 -0.0003
vn -0.8932 -0.4496 -0.0068
vn -0.9297 -0.3654 0.0452
vn -0.8495 -0.5184 -0.0980
vn 0.8898 -0.2872 0.3547
vn -0.3430 -0.1469 0.9278
vn 0.1596 -0.5107 0.8448
vn -0.8222 -0.5664 -0.0571
vn -0.7362 -0.6718 -0.0821
vn -0.4948 -0.8629 -0.1024
vn -0.2954 -0.9497 -0.1040
vn -0.2025 -0.9780 -0.0509
vn -0.3061 -0.9462 -0.1049
vn -0.3104 -0.9443 -0.1090
vn -0.0640 -0.9975 0.0296
vn -0.0464 -0.9982 0.0369
vn -0.2252 -0.9669 -0.1200
vn -0.4689 -0.8826 -0.0338
vn -0.3075 -0.9362 -0.1699
vn -0.5936 -0.8000 0.0874
vn -0.3285 -0.9415 -0.0750
vn -0.5445 -0.8373 0.0493
vn -0.2970 -0.9487 -0.1082
vn -0.6341 -0.7729 0.0213
vn -0.7348 -0.6736 0.0794
vn -0.6223 -0.7797 0.0689
vn -0.7020 -0.7118 0.0233
vn -0.5484 -0.8248 0.1378
vn -0.5425 -0.8371 -0.0706
vn -0.5557 -0.7999 0.2268
vn -0.7438 -0.6672 0.0404
vn -0.5453 -0.7396 -0.3946
vn 0.0081 -0.0619 0.9980
vn 0.4542 0.0493 0.8895
vn -0.6036 -0.7973 -0.0036
vn -0.4336 -0.6542 0.6197
vn -0.3375 -0.9345 -0.1134
vn 0.1748 -0.9010 0.3971
vn 0.2369 -0.9632 0.1265
vn 0.1698 0.3402 0.9249
vn -0.2019 -0.9378 0.2823
vn 0.0186 -0.9622 0.2717
vn 0.1463 -0.9105 0.3867
vn 0.1004 -0.5532 0.8270
vn -0.0898 -0.9907 0.1023
vn 0.3812 -0.8837 0.2716
vn -0.3473 0.2417 0.9061
vn -0.8546 -0.1700 0.4906
vn -0.4324 -0.0944 0.8968
vn -0.3753 -0.4245 0.8240
vn 0.3881 0.0378 0.9208
vn 0.4133 -0.2074 0.8866
vn -0.0078 -0.0915 0.9958
vn 0.0280 -0.3477 0.9372
vn 0.2505 -0.3505 0.9025
vn -0.3408 -0.0708 0.9375
vn -0.1638 -0.2827 0.9451
vn -0.6277 -0.2774 0.7274
vn -0.6406 -0.1818 0.7460
vn 0.1123 0.0653 0.9915
vn -0.2574 -0.2907 0.9215
vn 0.7249 -0.4208 0.5453
vn 0.1693 0.2643 0.9495
vn -0.5612 0.0952 0.8222
vn 0.6331 0.0436 0.7728
vn 0.0873 -0.8977 0.4319
vn -0.1866 0.1935 0.9632
vn -0.2914 -0.5249 0.7998
vn 0.7373 0.1292 0.6632
vn -0.4331 -0.3803 0.8172
vn -0.4625 -0.1151 0.8791
vn -0.4595 -0.0338 0.8875
vn -0.2862 -0.0726 0.9554
vn -0.0013 -0.4109 0.9117
vn 0.8780 -0.0304 0.4777
vn 0.2903 0.5323 0.7952
vn -0.5991 -0.3076 0.7392
vn -0.0137 0.2461 0.9692
vn -0.1719 0.0318 0.9846
vn -0.6265 -0.4387 0.6442
vn 0.3777 -0.7220 0.5796
vn -0.0735 -0.2413 0.9677
vn 0.2021 -0.9733 0.1090
vn -0.5272 -0.3168 0.7885
vn -0.4470 0.0330 0.8939
vn -0.7825 0.0793 0.6175
vn -0.3505 -0.0971 0.9315
vn -0.7074 -0.0953 0.7003
vn -0.7443 0.0725 0.6639
vn -0.2351 0.8872 -0.3970
vn -0.5482 0.8362 -0.0149
vn -0.7481 0.2657 0.6081
vn -0.9870 -0.1609 -0.0024
vn -0.9888 -0.0591 -0.1369
vn -0.9920 -0.0522 -0.1149
vn -0.9578 -0.2805 0.0623
vn -0.9295 -0.3261 0.1720
vn -0.8452 -0.0310 -0.5336
vn -0.9626 -0.2140 -0.1664
vn -0.9971 -0.0455 -0.0613
vn -0.9074 0.2389 0.3458
vn -0.7878 0.5554 0.2662
vn -0.9308 0.2721 0.2441
vn -0.9920 -0.1010 -0.0756
vn -0.7814 0.5132 0.3550
vn -0.8257 0.4574 -0.3302
vn -0.8341 0.1175 -0.5389
vn -0.9684 0.2376 -0.0755
vn -0.2629 0.7501 -0.6069
vn 0.0742 0.9968 -0.0280
vn 0.0399 0.9964 -0.0742
vn 0.1490 0.9885 -0.0277
vn 0.1051 0.9849 0.1374
vn 0.1714 0.9774 0.1241
vn 0.2184 0.9683 0.1213
vn 0.0329 0.9920 0.1219
vn 0.1386 0.9851 0.1022
vn 0.2287 0.9492 0.2163
vn 0.2631 0.9479 0.1795
vn 0.1456 0.9837 0.1051
vn 0.3519 0.9058 0.2358
vn 0.2587 0.9565 0.1351
vn 0.3685 0.9274 0.0644
vn 0.3356 0.9369 0.0977
vn 0.3146 0.9460 0.0776
vn 0.1350 0.9845 0.1122
vn 0.1696 0.9725 0.1599
vn 0.0763 0.9750 0.2085
vn 0.1555 0.9823 0.1047
vn 0.3288 0.9077 0.2605
vn 0.2042 0.9770 -0.0620
vn 0.4053 0.9042 -0.1348
vn 0.1767 0.9843 -0.0031
vn 0.1901 0.9691 -0.1569
vn 0.4293 0.8760 0.2200
vn 0.5081 0.7990 0.3217
vn 0.4269 0.7422 0.5166
vn 0.2815 0.7287 0.6243
vn 0.4779 0.6628 0.5764
vn 0.1987 0.8419 0.5017
vn 0.6317 0.5850 0.5087
vn 0.6612 0.2221 0.7166
vn 0.6848 0.5551 0.4721
vn 0.3366 0.8524 0.4002
vn 0.2641 0.7232 0.6382
vn 0.0832 0.9421 0.3248
vn 0.1548 0.8623 0.4822
vn 0.2299 0.7777 0.5851
vn -0.3670 0.9150 0.1673
vn -0.6564 0.6930 -0.2981
vn 0.3306 0.9127 -0.2402
vn -0.6302 0.6896 -0.3567
vn -0.0170 0.9624 0.2710
vn -0.3182 0.8753 0.3642
vn -0.9495 0.1329 -0.2842
vn 0.4416 0.8961 0.0459
vn -0.2691 0.8486 -0.4555
vn -0.2537 -0.0257 -0.9670
vn -0.6055 0.1955 -0.7714
vn -0.7607 -0.1787 -0.6240
vn 0.5218 -0.1301 -0.8431
vn 0.5668 0.4109 -0.7141
vn 0.3297 0.9409 -0.0774
vn -0.2914 0.8306 -0.4745
vn 0.0608 0.9881 -0.1411
vn 0.1490 0.9707 -0.1883
vn 0.1005 0.9816 -0.1621
vn 0.0563 0.9881 -0.1430
vn 0.2347 0.9652 -0.1155
vn 0.1287 0.9821 -0.1373
vn 0.0192 0.9354 -0.3532
vn -0.2241 0.9031 -0.3664
vn 0.1798 0.9437 -0.2776
vn -0.5204 0.7868 -0.3319
vn -0.5515 0.4226 -0.7192
vn -0.6130 0.0621 -0.7876
vn -0.5974 0.1136 -0.7938
vn 0.3440 0.9357 -0.0778
vn -0.3183 0.6520 -0.6881
vn 0.1727 0.9516 -0.2542
vn -0.1743 0.8865 0.4287
vn -0.6868 0.5904 0.4240
vn -0.7750 0.4001 0.4892
vn -0.7690 0.4270 -0.4756
vn -0.5610 -0.0140 -0.8277
vn -0.5551 0.0679 -0.8290
vn -0.4903 0.0711 -0.8686
vn -0.3937 0.0085 -0.9192
vn -0.4993 -0.0220 -0.8661
vn -0.5997 -0.2352 -0.7649
vn -0.6554 -0.2699 -0.7054
vn -0.5144 -0.3006 -0.8031
vn -0.3619 -0.5946 -0.7180
vn -0.3489 -0.4767 -0.8068
vn -0.2454 0.3353 -0.9096
vn -0.1648 0.5845 -0.7945
vn -0.1645 0.7172 -0.6772
vn -0.4131 0.6905 -0.5938
vn -0.1158 0.7204 -0.6838
vn -0.0118 0.7530 -0.6580
vn -0.2670 0.2632 -0.9270
vn 0.0098 -0.6114 -0.7913
vn -0.5090 -0.1623 -0.8454
vn -0.0634 0.7815 -0.6207
vn -0.0282 0.7733 -0.6334
vn -0.0453 0.7291 -0.6829
vn -0.0191 0.7776 0.6285
vn -0.3281 0.4158 -0.8482
vn 0.3655 0.4468 -0.8165
vn 0.4742 0.4826 -0.7363
vn -0.4543 0.0641 -0.8885
vn -0.7104 -0.2178 -0.6693
vn 0.6650 0.1720 -0.7268
vn -0.7553 -0.2739 -0.5954
vn -0.4577 0.1188 -0.8811
vn -0.0096 0.6111 0.7915
vn -0.3731 0.8147 -0.4439
vn -0.3151 0.1652 -0.9346
vn -0.1983 0.1762 -0.9642
vn 0.0100 -0.6135 -0.7897
vn -0.2586 0.4229 -0.8685
vn -0.3978 0.3569 -0.8452
vn -0.4864 0.2560 -0.8354
vn -0.4916 0.3244 -0.8081
vn -0.2281 0.4928 -0.8397
vn -0.3142 0.2036 -0.9273
vn -0.3839 -0.3213 -0.8657
vn -0.1098 0.1173 -0.9870
vn -0.6876 -0.2503 -0.6816
vn -0.6530 -0.2646 -0.7097
vn -0.6471 -0.3048 -0.6988
vn -0.6494 -0.3459 -0.6772
vn -0.6767 -0.4298 -0.5977
vn -0.6742 -0.4035 -0.6186
vn -0.6160 -0.4030 -0.6769
vn -0.5406 -0.3820 -0.7495
vn -0.6132 -0.3438 -0.7112
vn -0.6602 0.7492 0.0535
vn -0.9982 -0.0224 0.0564
vn -0.1622 -0.5536 0.8168
vn 0.0924 -0.5427 0.8348
vn -0.0903 -0.5090 0.8560
vn 0.6149 -0.4958 0.6133
vn 0.8614 -0.4081 0.3026
vn 0.6842 -0.3494 0.6402
vn 0.4231 -0.2616 0.8675
vn 0.2850 -0.0344 0.9579
vn 0.1205 -0.3804 0.9169
vn 0.6261 0.2239 0.7470
vn 0.4977 -0.4873 0.7175
vn 0.5637 -0.3922 0.7270
vn 0.5772 0.0979 0.8107
vn 0.3369 0.3015 0.8920
vn 0.3647 0.2220 0.9043
vn 0.5048 0.3962 0.7669
vn 0.5212 0.3917 0.7583
vn 0.3087 0.4331 0.8469
vn 0.1320 0.4856 0.8642
vn -0.0536 0.4675 0.8824
vn 0.0398 0.0541 0.9977
vn 0.0846 -0.2697 0.9592
vn 0.1415 -0.1683 0.9755
vn 0.2016 0.2254 0.9532
vn 0.1973 0.2342 0.9520
vn -0.4897 -0.3684 -0.7902
vn -0.5192 -0.2193 -0.8260
vn -0.5380 0.3409 -0.7709
vn -0.4348 0.6969 -0.5704
vn 0.3289 0.7825 0.5287
vn 0.4031 0.6497 0.6445
vn 0.5646 0.0660 0.8227
vn 0.5692 0.0349 0.8215
vn 0.6790 0.1885 0.7096
vn 0.8186 0.3842 0.4269
vn 0.8569 0.4737 -0.2032
vn 0.7318 0.1833 0.6564
vn 0.5192 0.4454 0.7294
vn 0.8568 0.5156 -0.0084
vn 0.8145 0.4494 0.3669
vn 0.8707 0.4294 0.2399
vn 0.6922 0.5126 0.5081
vn 0.8373 0.3251 0.4396
vn 0.7636 0.4224 0.4884
vn 0.2051 0.2507 0.9461
vn 0.3462 0.4120 0.8428
vn 0.3849 0.5200 0.7626
vn 0.2685 0.3654 0.8913
vn 0.2845 0.2556 0.9240
vn 0.1222 0.5515 0.8252
vn -0.2913 0.7894 0.5404
vn -0.0986 0.7467 0.6578
vn -0.4725 0.7520 0.4596
vn -0.3574 0.8033 0.4765
vn -0.5124 0.8039 0.3019
vn 0.2846 0.9584 0.0212
vn -0.0104 0.8932 0.4495
vn -0.0164 0.9735 0.2283
vn 0.1744 0.9832 0.0545
vn -0.4075 0.8227 0.3964
vn 0.6994 0.5254 0.4845
vn 0.3506 0.5979 0.7208
vn 0.7224 0.5268 0.4479
vn 0.4964 0.7594 0.4207
vn 0.6269 0.6896 0.3626
vn 0.5112 0.8387 0.1877
vn 0.4426 0.8942 -0.0673
vn 0.2031 0.9768 0.0679
vn 0.3538 0.3823 0.8536
vn 0.1961 -0.0363 0.9799
vn 0.2143 -0.1970 0.9567
vn 0.2754 -0.0807 0.9579
vn 0.8295 0.4345 0.3509
vn 0.3442 0.1318 0.9296
vn 0.1868 0.0389 0.9816
vn 0.0661 -0.0680 0.9955
vn 0.1401 -0.1099 0.9840
vn 0.0057 0.9988 -0.0479
vn -0.0215 0.9987 -0.0457
vn 0.6977 0.7164 -0.0033
vn 0.3027 0.9530 0.0138
vn 0.1517 0.9884 -0.0083
vn 0.2261 0.9741 0.0064
vn 0.1907 0.9794 0.0662
vn 0.3214 0.9367 0.1391
vn 0.2775 0.9575 0.0783
vn 0.8300 0.5445 -0.1207
vn 0.1574 0.9851 0.0692
vn 0.8766 0.0839 -0.4738
vn -0.2793 0.5267 -0.8029
vn 0.5426 0.8168 -0.1963
vn -0.8928 0.1178 0.4348
vn -0.8149 -0.5705 -0.1023
vn -0.5519 0.7765 0.3040
vn 0.5242 0.3360 -0.7825
vn 0.6798 0.0089 -0.7334
vn 0.7138 0.0740 -0.6964
vn 0.0228 0.3878 -0.9215
vn -0.3847 0.6182 -0.6855
vn 0.2515 0.6744 -0.6942
vn -0.1816 0.2618 -0.9479
vn -0.1784 0.9247 -0.3363
vn 0.5094 0.3246 -0.7970
vn 0.0110 -0.1171 -0.9931
vn 0.2272 0.6860 -0.6912
vn -0.6351 0.4184 0.6493
vn -0.6841 0.2362 0.6901
vn -0.5771 0.4601 0.6747
vn -0.2826 0.9032 -0.3230
vn -0.3491 0.9300 -0.1152
vn -0.7699 0.4140 0.4857
vn -0.2496 0.3654 -0.8968
vn -0.7356 0.2521 0.6288
vn -0.7928 0.3172 -0.5204
vn -0.9287 -0.0777 -0.3626
vn -0.9117 -0.1961 -0.3611
vn -0.7722 0.1353 -0.6208
vn -0.6084 0.2691 -0.7467
vn -0.5692 0.2912 -0.7689
vn -0.8192 0.1833 -0.5435
vn -0.8554 0.1232 -0.5031
vn -0.6795 0.1661 -0.7146
vn -0.5585 0.1587 -0.8142
vn -0.5712 0.1724 -0.8025
vn -0.7256 0.2242 -0.6506
vn -0.7890 0.2347 -0.5677
vn -0.8351 0.2797 -0.4736
vn -0.8336 0.1323 -0.5363
vn -0.8654 -0.0894 -0.4930
vn -0.8790 -0.1395 -0.4559
vn -0.8872 -0.1681 -0.4297
vn -0.8013 -0.1012 -0.5897
vn -0.8758 -0.1473 -0.4596
vn -0.5643 -0.4581 -0.6868
vn -0.6983 -0.2251 -0.6795
vn -0.3326 -0.7769 -0.5346
vn -0.3052 -0.7774 -0.5500
vn -0.4258 -0.5247 -0.7372
vn -0.4280 -0.3732 -0.8231
vn -0.4434 -0.3702 -0.8163
vn 0.6827 0.6692 -0.2935
vn -0.2120 0.9660 -0.1481
vn -0.6767 0.2986 0.6730
vn 0.8173 -0.2694 0.5093
vn -0.1478 -0.4888 0.8598
vn -0.4821 -0.4661 -0.7418
vn -0.3599 -0.4359 -0.8249
vn 0.0837 -0.3385 -0.9372
vn -0.4487 -0.1211 -0.8854
vn -0.5356 -0.3145 -0.7837
vn 0.1735 -0.2737 -0.9460
vn -0.8236 0.1181 -0.5547
vn -0.6727 0.7252 -0.1469
vn -0.7454 -0.2106 -0.6325
vn -0.5659 -0.5705 -0.5952
vn -0.6636 -0.2542 -0.7036
vn -0.5096 0.2244 -0.8307
vn -0.3524 0.4613 -0.8142
vn -0.6515 0.3840 -0.6543
vn -0.9287 0.2918 -0.2290
vn -0.9596 0.2715 0.0740
vn -0.7661 0.0436 -0.6413
vn -0.8670 -0.0320 -0.4972
vn -0.7059 -0.2902 -0.6462
vn -0.6868 -0.2569 -0.6800
vn -0.7722 -0.1773 -0.6102
vn -0.6774 -0.2422 -0.6946
vn -0.7035 -0.2648 -0.6595
vn -0.7628 -0.3129 -0.5659
vn -0.8461 -0.3738 -0.3799
vn -0.9016 -0.4134 -0.1272
vn 0.0846 0.3330 -0.9391
vn 0.1001 0.3013 -0.9483
vn -0.0670 0.0917 -0.9935
vn -0.7104 -0.4511 -0.5402
vn -0.4964 -0.5158 -0.6982
vn -0.4899 -0.4921 -0.7196
vn -0.4264 -0.3041 -0.8519
vn 0.3141 0.2832 -0.9062
vn 0.2423 0.2661 -0.9330
vn 0.2225 0.2397 -0.9450
vn 0.1440 0.1756 -0.9739
vn 0.2266 0.1304 -0.9652
vn 0.2137 0.1502 -0.9653
vn 0.1494 0.2418 -0.9588
vn 0.2312 0.1287 -0.9644
vn 0.1158 0.2440 -0.9629
vn 0.0186 0.2333 -0.9722
vn 0.0321 0.2226 -0.9744
vn -0.7875 0.4737 -0.3942
vn -0.7337 0.6290 0.2570
vn -0.1249 0.8158 -0.5647
vn -0.0370 0.0934 -0.9949
vn 0.0265 0.0740 -0.9969
vn 0.0878 0.3837 -0.9193
vn 0.0728 0.0244 -0.9971
vn 0.0673 -0.2048 -0.9765
vn 0.0995 -0.2331 -0.9674
vn 0.1548 -0.0311 -0.9875
vn 0.1291 -0.0284 -0.9912
vn 0.0097 -0.6116 -0.7911
vn 0.2004 0.9794 -0.0246
vn 0.1641 -0.0895 -0.9824
vn 0.1583 -0.0925 -0.9831
vn -0.0328 0.0937 -0.9951
vn -0.0749 0.0626 -0.9952
vn 0.0157 0.1118 -0.9936
vn -0.1584 0.1040 -0.9819
vn 0.0130 0.1250 -0.9921
vn -0.1997 0.0954 -0.9752
vn -0.3088 0.1189 -0.9437
vn 0.0019 0.0273 -0.9996
vn 0.0706 0.0086 -0.9975
vn -0.0117 0.0530 -0.9985
vn -0.0417 0.0657 -0.9970
vn 0.0571 -0.0066 -0.9983
vn -0.2857 0.0949 -0.9536
vn 0.3152 0.9368 0.1522
vn 0.0215 0.0737 -0.9971
vn 0.0128 0.0368 -0.9992
vn 0.0328 0.0776 -0.9964
vn -0.1624 -0.0689 -0.9843
vn -0.1410 -0.0782 -0.9869
vn -0.0420 -0.0190 -0.9989
vn 0.0993 0.0830 -0.9916
vn -0.0636 -0.0287 -0.9976
vn 0.0177 -0.0229 -0.9996
vn 0.1067 0.8346 -0.5405
vn -0.1069 0.6845 -0.7212
vn -0.4158 0.4108 -0.8114
vn -0.6913 0.0471 -0.7210
vn -0.7487 -0.0642 -0.6598
vn -0.5590 0.1124 -0.8215
vn -0.2343 0.3012 -0.9243
vn 0.2634 0.3116 -0.9130
vn -0.0817 0.1353 -0.9874
vn 0.4626 0.8796 0.1107
vn 0.3300 0.9196 -0.2131
vn 0.5981 0.7026 -0.3856
vn 0.7774 0.0582 -0.6263
vn 0.7718 0.0612 -0.6329
vn 0.6261 0.2882 -0.7245
vn 0.3412 0.5383 -0.7706
vn -0.0047 0.1295 -0.9916
vn -0.0276 0.2488 -0.9682
vn -0.3711 0.5658 -0.7363
vn -0.1607 0.3388 -0.9270
vn -0.2202 0.4783 -0.8501
vn -0.2952 0.4475 -0.8441
vn -0.1002 0.1309 -0.9863
vn -0.0224 0.1152 -0.9931
vn 0.0421 0.0977 -0.9943
vn -0.1127 0.1329 -0.9847
vn -0.2929 0.4407 -0.8485
vn -0.3443 0.5046 -0.7917
vn -0.4754 0.6757 -0.5634
vn -0.4234 0.5486 -0.7210
vn -0.3648 0.1699 -0.9154
vn -0.3113 0.1839 -0.9324
vn -0.2108 0.2087 -0.9550
vn -0.1358 0.2986 -0.9447
vn -0.2461 0.2087 -0.9465
vn -0.1392 0.7406 -0.6574
vn -0.1082 0.3062 -0.9458
vn -0.0837 0.0616 -0.9946
vn 0.4300 0.5021 -0.7503
vn 0.2956 0.5781 -0.7605
vn 0.4446 0.4900 -0.7498
vn 0.3316 0.5415 -0.7725
vn 0.3654 0.5280 -0.7666
vn 0.3485 0.5395 -0.7665
vn 0.3235 0.5431 -0.7749
vn 0.1410 0.4606 -0.8763
vn -0.2424 0.9698 -0.0270
vn -0.1465 0.9836 0.1053
vn -0.6003 0.7862 -0.1465
vn 0.1988 0.9083 0.3680
vn 0.0299 0.8318 0.5542
vn -0.0847 0.4996 0.8621
vn -0.2095 0.5024 -0.8389
vn -0.9564 0.2917 0.0174
vn -0.7270 0.6863 -0.0217
vn -0.4077 0.9108 0.0647
vn -0.6845 0.7290 0.0010
vn -0.6506 0.7591 0.0239
vn -0.3419 0.9332 -0.1103
vn -0.2710 0.8187 -0.5063
vn -0.6881 0.7191 -0.0975
vn 0.5707 0.6566 -0.4931
vn -0.7306 0.6238 -0.2777
vn 0.0659 0.9651 0.2535
vn -0.2657 0.5767 0.7726
vn -0.6411 0.5389 -0.5464
vn 0.6913 0.7225 -0.0110
vn -0.3427 0.6666 -0.6620
vn 0.0099 -0.6113 -0.7913
vn -0.8663 -0.3103 -0.3915
vn -0.6892 -0.1978 -0.6970
vn -0.4590 0.2892 -0.8401
vn -0.7390 0.2995 -0.6035
vn -0.4339 0.2752 -0.8579
vn -0.3437 -0.1271 -0.9305
vn -0.2545 -0.0470 -0.9659
vn -0.0315 0.1049 -0.9940
vn 0.1980 0.9509 0.2379
vn -0.1460 0.4601 0.8758
vn -0.2457 0.3848 -0.8897
vn -0.5419 0.6880 0.4827
vn 0.2010 0.8938 0.4010
vn -0.4319 0.0101 -0.9018
vn 0.0110 0.9955 0.0938
vn -0.8565 0.0269 -0.5155
vn -0.2231 0.4836 -0.8464
vn -0.0769 0.8395 -0.5378
vn -0.3667 0.9148 -0.1692
vn 0.0923 0.2913 -0.9522
vn -0.1046 0.3893 -0.9151
vn -0.1820 0.4382 -0.8803
vn -0.1467 0.4011 -0.9042
vn -0.1657 0.7177 -0.6764
vn -0.2027 0.5150 -0.8329
vn -0.0845 0.4727 -0.8772
vn -0.1858 0.3071 -0.9334
vn -0.1786 0.2530 -0.9509
vn -0.3590 0.3127 -0.8794
vn -0.1724 0.2264 -0.9587
vn -0.2225 0.2842 -0.9326
vn -0.2943 0.6906 -0.6606
vn -0.2491 0.7498 -0.6130
vn -0.0098 0.6114 0.7912
vn -0.1674 0.5161 -0.8400
vn -0.1150 0.9645 0.2376
vn -0.1696 0.5298 -0.8310
vn -0.0098 0.6116 0.7911
vn -0.1496 -0.0453 -0.9877
vn -0.0519 0.2446 -0.9682
vn 0.0098 -0.6114 -0.7913
vn -0.2848 0.6186 -0.7322
vn -0.0099 0.6116 0.7911
vn -0.4191 0.7414 -0.5241
vn -0.1258 0.6972 -0.7057
vn -0.3418 0.3701 -0.8638
vn -0.4216 0.2517 -0.8712
vn -0.5644 0.3593 -0.7433
vn -0.5478 0.2828 -0.7874
vn -0.6578 0.4588 -0.5973
vn -0.5124 0.2115 -0.8323
vn -0.5163 0.0492 -0.8550
vn -0.2762 -0.0479 -0.9599
vn -0.3950 -0.1189 -0.9110
vn -0.2120 -0.1487 -0.9659
vn 0.1119 -0.2527 -0.9611
vn -0.2145 -0.1639 -0.9629
vn -0.4201 -0.0680 -0.9049
vn -0.1889 -0.1042 -0.9764
vn -0.3430 0.0096 -0.9393
vn -0.0110 0.2915 -0.9565
vn -0.0545 0.2774 -0.9592
vn -0.4026 0.0064 -0.9153
vn -0.3321 -0.0639 -0.9411
vn -0.3104 -0.1685 -0.9356
vn -0.2229 0.0906 -0.9706
vn -0.1962 0.1884 -0.9623
vn -0.2714 0.0350 -0.9618
vn -0.2441 0.0651 -0.9676
vn -0.1637 0.9744 0.1538
vn -0.1470 0.8261 0.5440
vn -0.0147 0.2053 -0.9786
vn 0.0957 0.2752 -0.9566
vn -0.0765 0.1547 -0.9850
vn -0.0778 0.3290 -0.9411
vn 0.0256 0.0795 -0.9965
vn -0.2024 0.3533 -0.9134
vn 0.0201 0.4355 -0.9000
vn -0.0941 0.0870 -0.9918
vn 0.0528 0.0289 -0.9982
vn -0.0171 0.3389 -0.9407
vn 0.2542 0.7111 -0.6555
vn -0.0099 0.6111 0.7915
vn 0.8117 0.5273 -0.2512
vn 0.7253 0.1212 -0.6777
vn 0.0791 0.6136 -0.7856
vn 0.1256 0.3491 -0.9286
vn 0.0391 0.5000 -0.8651
vn 0.1368 0.7270 -0.6729
vn -0.0098 0.6111 0.7915
vn 0.0349 0.3670 0.9296
vn -0.9458 -0.0012 0.3247
vn -0.1883 -0.1924 0.9631
vn 0.0923 0.2665 0.9594
vn -0.0853 0.8210 0.5645
vn 0.5992 0.7729 0.2085
vn -0.1632 -0.1299 0.9780
vn -0.2321 -0.1668 0.9583
vn -0.0724 -0.0884 0.9934
vn 0.0615 -0.2613 0.9633
vn 0.0563 -0.2377 0.9697
vn 0.0461 -0.2504 0.9670
vn 0.0461 -0.0109 0.9989
vn 0.2095 0.1487 0.9664
vn 0.1705 0.1426 0.9750
vn -0.1660 -0.1684 0.9716
vn -0.0013 -0.2267 0.9740
vn -0.2459 -0.7542 0.6089
vn -0.3486 -0.6270 0.6967
vn -0.3003 -0.4134 0.8596
vn -0.3897 -0.5645 0.7276
vn -0.4152 -0.6306 0.6557
vn -0.7510 -0.4780 0.4555
vn -0.8959 -0.3905 0.2117
vn 0.1998 0.1403 0.9697
vn 0.3681 0.1229 0.9216
vn 0.4313 0.1174 0.8945
vn -0.9440 -0.2774 -0.1786
vn -0.8789 -0.1833 -0.4403
vn -0.2172 0.8657 0.4509
vn 0.5067 0.8563 0.0999
vn -0.6871 0.6257 -0.3693
vn 0.0341 0.8042 -0.5934
vn -0.6225 0.7214 -0.3034
vn -0.3849 0.6154 -0.6879
vn -0.5379 0.6084 0.5835
vn -0.7389 0.2481 -0.6265
vn -0.5592 0.8289 -0.0125
vn -0.7043 0.7009 -0.1129
vn -0.3858 0.8420 -0.3770
vn -0.0425 0.8239 -0.5651
vn -0.5750 0.6916 -0.4371
vn -0.2529 0.9658 0.0570
vn -0.4969 0.8430 0.2060
vn -0.4232 0.8956 0.1368
vn 0.1017 0.9948 -0.0063
vn 0.1041 0.9682 0.2275
vn 0.1885 -0.9503 -0.2477
vn 0.0772 0.9923 0.0973
vn 0.3007 0.9536 -0.0134
vn 0.3377 0.8079 -0.4829
vn -0.1066 0.5317 0.8402
vn 0.8381 0.2013 -0.5069
vn 0.1212 0.9926 0.0121
vn -0.5296 0.4070 -0.7442
vn -0.1343 0.9752 -0.1757
vn 0.0267 0.8047 -0.5931
vn -0.4843 0.6830 -0.5468
vn 0.3151 0.9411 0.1226
vn 0.2659 0.8606 -0.4344
vn 0.4573 0.6669 -0.5883
vn 0.3393 0.9326 -0.1227
vn 0.4150 0.9059 -0.0841
vn 0.9202 0.0707 -0.3851
vn 0.9553 -0.0418 -0.2926
vn 0.3549 0.0835 0.9312
vn -0.5234 0.8179 0.2389
vn -0.1517 0.9867 -0.0583
vn 0.2926 0.5346 -0.7928
vn -0.5569 -0.1780 -0.8113
vn 0.0946 0.8586 -0.5039
vn -0.2851 0.3169 -0.9046
vn 0.1963 0.9332 -0.3009
vn 0.2813 0.9293 0.2391
vn 0.1289 0.9908 0.0403
vn -0.4481 0.7604 0.4702
vn -0.1307 0.9796 0.1524
vn -0.0343 0.9507 -0.3082
vn -0.2256 0.9742 0.0003
vn 0.0256 0.6386 -0.7691
vn -0.2442 0.2383 0.9400
vn -0.1259 0.8538 -0.5052
vn -0.0563 0.7942 -0.6051
vn -0.3466 0.9150 -0.2063
vn 0.5683 0.8136 -0.1230
vn 0.6250 0.7286 0.2801
vn -0.6056 0.6402 -0.4726
vn 0.4273 -0.8890 -0.1646
vn -0.1435 0.8633 -0.4839
vn -0.7563 -0.3651 0.5429
vn -0.3021 0.9290 0.2137
vn -0.1570 0.9843 0.0810
vn -0.4070 0.8773 -0.2546
vn 0.1389 0.9565 -0.2564
vn -0.3389 0.7756 -0.5325
vn 0.9793 0.1821 -0.0883
vn -0.4416 0.8914 0.1023
vn -0.3171 0.9474 -0.0427
vn -0.7025 0.0929 0.7056
vn -0.5186 0.5385 -0.6641
vn -0.5871 0.7001 0.4065
vn 0.0662 0.9619 -0.2652
vn 0.5799 0.5353 0.6141
vn -0.3347 0.9157 0.2224
vn -0.6991 0.5421 -0.4663
vn 0.9699 0.1499 0.1917
vn 0.1299 0.9115 0.3901
vn 0.8076 0.2938 0.5114
vn 0.7389 0.2455 0.6275
vn -0.0675 0.9922 0.1045
vn 0.6368 0.3459 0.6891
vn 0.8353 0.1533 0.5279
vn 0.9374 0.0342 0.3465
vn 0.3448 0.7124 0.6113
vn 0.4247 0.3871 0.8184
vn 0.2050 0.9253 -0.3191
vn -0.3637 0.9258 0.1032
vn 0.0400 0.9328 -0.3583
vn -0.2235 0.9696 -0.0992
vn -0.5711 0.7982 0.1914
vn -0.1957 0.9714 -0.1343
vn 0.9324 0.2432 0.2674
vn 0.8149 0.2662 0.5148
vn 0.9927 -0.0880 0.0821
vn 0.9828 0.1336 0.1278
vn -0.6455 0.7551 -0.1148
vn 0.9957 -0.0724 0.0571
vn 0.0864 0.9205 0.3810
vn 0.3889 -0.8788 0.2765
vn 0.9470 -0.2959 0.1249
vn 0.9516 -0.1398 0.2736
vn 0.2478 0.4538 0.8560
vn 0.9556 0.2092 0.2077
vn 0.6191 0.4062 0.6721
vn 0.8644 -0.0178 0.5025
vn 0.1705 -0.1325 0.9764
vn 0.7191 0.1261 0.6833
vn 0.6762 0.4946 0.5460
vn -0.2174 0.9749 0.0484
vn -0.0628 0.2757 0.9592
vn -0.3522 0.8939 -0.2773
vn -0.6330 0.3245 0.7029
vn -0.4141 0.6846 0.5998
vn 0.7906 0.3380 -0.5105
vn -0.1533 0.1669 -0.9740
vn -0.6155 0.7881 -0.0082
vn -0.4875 0.3362 0.8058
vn -0.4985 0.4928 0.7132
vn -0.5299 0.5465 0.6484
vn -0.6188 0.5217 0.5873
vn -0.7463 0.3183 0.5846
vn -0.9942 0.0912 0.0562
vn -0.4695 0.5500 0.6907
vn -0.0669 0.6859 0.7246
vn 0.9779 0.1996 0.0619
vn 0.9294 0.0892 0.3581
vn -0.7696 0.6372 -0.0419
vn -0.9713 0.2081 0.1149
vn 0.9850 0.1724 0.0040
vn 0.3609 -0.1592 0.9189
vn -0.6946 0.3463 0.6305
vn -0.7896 0.5903 0.1674
vn -0.7024 0.2953 0.6476
vn -0.0812 0.9962 0.0318
vn -0.3584 0.9258 0.1203
vn -0.0234 -0.0015 0.9997
vn 0.7204 -0.1061 0.6854
vn -0.1088 0.0883 0.9901
vn -0.1395 0.9761 0.1666
vn -0.0489 0.8545 0.5171
vn -0.1708 0.8660 0.4699
vn -0.2862 0.8603 0.4218
vn -0.0314 0.8534 0.5204
vn -0.2662 0.8651 0.4251
vn -0.0683 0.9271 0.3684
vn -0.4239 0.8583 0.2892
vn 0.2628 0.9522 -0.1560
vn 0.1987 0.9795 0.0340
vn 0.3179 0.9428 0.1006
vn 0.1630 0.9844 0.0658
vn 0.1590 0.9851 0.0661
vn 0.2043 0.9766 0.0671
vn 0.2604 0.9631 0.0677
vn 0.3500 0.9324 0.0896
vn 0.5923 0.7979 0.1120
vn -0.5512 0.8303 0.0826
vn -0.8168 0.5765 -0.0218
vn -0.4880 0.7734 0.4047
vn -0.2198 0.9719 -0.0849
vn -0.1727 0.9720 0.1594
vn -0.2289 0.9493 0.2155
vn -0.1312 0.9547 0.2670
vn -0.1896 0.9084 0.3727
vn -0.2097 0.8672 0.4517
vn -0.2336 0.8541 0.4647
vn -0.2385 0.8502 0.4693
vn 0.6676 0.7374 0.1026
vn 0.5197 0.8171 0.2496
vn 0.3248 0.8670 0.3779
vn -0.2002 0.8812 0.4282
vn -0.0904 0.8886 0.4498
vn 0.1597 0.8841 0.4391
vn 0.0262 0.8879 0.4594
vn 0.7691 0.5480 0.3288
vn 0.6536 0.6724 0.3474
vn 0.8597 0.4569 0.2284
vn 0.9016 0.4162 0.1177
vn 0.4468 0.7978 0.4048
vn 0.3727 0.7875 0.4908
vn 0.0899 0.7090 0.6994
vn -0.1626 0.2486 0.9549
vn -0.1133 0.5120 0.8515
vn 0.8184 0.5564 0.1435
vn 0.9235 0.3746 0.0822
vn 0.9607 0.2774 0.0106
vn 0.9957 0.0696 -0.0609
vn 0.9966 -0.0630 0.0531
vn 0.5458 0.7194 0.4297
vn 0.9033 0.3871 0.1850
vn -0.0465 0.7811 0.6227
vn -0.2233 0.8384 0.4972
vn -0.0757 0.7935 0.6038
vn -0.4417 0.8148 0.3755
vn -0.3335 0.7766 0.5344
vn -0.2463 0.8541 0.4581
vn -0.3755 0.9072 0.1899
vn -0.5030 0.8387 0.2087
vn -0.3317 0.9308 -0.1534
vn -0.6661 0.7258 0.1719
vn 0.9761 -0.1892 0.1070
vn 0.9733 -0.2137 0.0840
vn 0.9564 -0.2518 0.1480
vn 0.8902 -0.3721 0.2628
vn 0.9396 -0.3174 0.1278
vn 0.9635 -0.2675 0.0109
vn 0.9647 -0.2630 -0.0136
vn 0.0846 0.7332 -0.6747
vn 0.1072 0.7470 -0.6561
vn -0.0804 0.5220 -0.8492
vn -0.1104 0.5337 -0.8385
vn 0.0339 0.7576 -0.6518
vn 0.0730 0.8321 -0.5498
vn 0.2985 0.8571 -0.4199
vn 0.1322 0.7865 -0.6033
vn 0.3369 0.7170 -0.6102
vn 0.5164 0.7194 -0.4646
vn 0.6530 0.7051 -0.2764
vn 0.7615 0.6469 0.0406
vn -0.8394 0.4470 0.3092
vn -0.7632 0.6292 -0.1468
vn -0.6524 0.5021 0.5676
vn -0.2830 0.4257 0.8595
vn -0.6654 0.5076 -0.5473
vn 0.5759 0.4794 -0.6622
vn 0.6670 0.1428 -0.7312
vn 0.8029 0.0751 -0.5914
vn 0.4970 0.2117 -0.8416
vn 0.6884 0.0918 -0.7195
vn 0.4833 0.0877 -0.8710
vn 0.4935 0.1110 -0.8626
vn 0.7377 0.2150 -0.6400
vn 0.4865 0.2978 -0.8213
vn 0.8393 0.4088 -0.3583
vn 0.7195 0.2843 -0.6336
vn 0.7339 0.2368 -0.6367
vn 0.4513 0.2429 -0.8587
vn 0.4963 0.5222 -0.6935
vn 0.5781 0.2582 -0.7741
vn 0.6209 0.3769 -0.6874
vn 0.6589 0.5153 -0.5480
vn 0.7426 0.5591 -0.3686
vn -0.0103 0.9153 -0.4026
vn 0.0591 0.8763 -0.4782
vn 0.0265 0.8904 -0.4544
vn 0.1911 0.8319 -0.5209
vn 0.2436 0.7862 -0.5680
vn 0.1656 0.7746 -0.6103
vn 0.0160 0.8478 -0.5300
vn -0.0457 0.9551 0.2928
vn 0.4596 0.1476 0.8758
vn -0.0967 0.7007 0.7069
vn -0.8351 0.4761 -0.2756
vn -0.5436 0.6383 0.5450
vn -0.6899 0.2828 0.6664
vn -0.5868 0.5165 0.6237
vn -0.8008 0.4739 0.3662
vn -0.8527 0.3519 0.3860
vn -0.6585 0.5555 0.5077
vn -0.6129 0.5835 0.5328
vn 0.9193 -0.2896 0.2665
vn -0.3586 0.6862 0.6329
vn -0.3485 0.7105 0.6114
vn -0.3231 0.7027 0.6339
vn -0.4430 0.6363 0.6315
vn -0.4926 0.6603 0.5669
vn -0.4706 0.6106 0.6369
vn -0.4337 0.4535 0.7786
vn -0.5133 0.6607 0.5477
vn -0.7092 0.5889 0.3877
vn -0.5944 0.5203 0.6132
vn -0.7123 0.5235 0.4676
vn -0.8945 0.3541 0.2728
vn 0.9133 -0.2312 0.3353
vn 0.8301 0.1008 0.5485
vn -0.0090 0.6111 0.7915
vn 0.7043 -0.1252 0.6987
vn 0.7984 -0.4699 0.3765
vn 0.8863 -0.3592 0.2922
vn 0.9102 -0.3489 0.2232
vn 0.9801 -0.1930 0.0472
vn 0.9971 -0.0390 0.0658
vn 0.9987 -0.0159 0.0475
vn 0.9543 -0.1968 0.2249
vn 0.4216 0.2433 -0.8735
vn 0.3869 -0.1319 -0.9127
vn -0.9476 -0.2295 0.2222
vn -0.8767 -0.4361 0.2032
vn 0.5343 -0.1893 -0.8238
vn 0.4115 0.4644 -0.7842
vn -0.9907 -0.0965 0.0960
vn -0.9780 0.2078 -0.0183
vn -0.9855 0.1687 0.0200
vn -0.9678 -0.0337 -0.2496
vn -0.7769 -0.3597 -0.5168
vn -0.7985 0.2183 -0.5610
vn -0.2391 0.2661 -0.9338
vn 0.6596 0.0304 -0.7510
vn 0.5818 0.3729 -0.7228
vn -0.8561 0.1272 -0.5009
vn -0.7166 0.5192 -0.4658
vn -0.2962 0.7535 -0.5870
vn 0.3003 0.6746 -0.6744
vn 0.5172 0.2222 0.8265
vn 0.9698 -0.1803 0.1642
vn 0.7566 -0.4834 0.4403
vn 0.9407 -0.3284 -0.0847
vn 0.9462 -0.1074 -0.3054
vn 0.8480 -0.2605 0.4616
vn 0.9233 -0.2810 0.2618
vn 0.8709 -0.3140 0.3781
vn 0.8650 -0.2616 0.4283
vn 0.8551 -0.4114 0.3156
vn 0.9020 -0.3317 0.2762
vn 0.9105 -0.2902 0.2945
vn 0.8827 -0.3640 0.2971
vn 0.8954 -0.3749 0.2404
vn 0.7875 -0.2727 0.5528
vn 0.6333 0.0250 0.7735
vn 0.6420 0.0679 0.7637
vn 0.8922 -0.1665 0.4199
vn -0.0693 0.2333 0.9699
vn 0.6506 0.0990 0.7529
vn 0.6396 0.0836 0.7641
vn 0.5843 0.0113 0.8114
vn 0.5249 -0.0497 0.8497
vn 0.5195 -0.0562 0.8526
vn 0.6730 -0.1373 0.7268
vn 0.5454 -0.0411 0.8372
vn 0.5669 -0.0305 0.8232
vn 0.5751 -0.0270 0.8176
vn 0.7045 -0.4089 0.5800
vn 0.6977 -0.4426 0.5633
vn 0.7218 -0.3529 0.5954
vn 0.7517 -0.1798 0.6345
vn 0.7664 -0.0526 0.6402
vn -0.0840 0.1279 0.9882
vn -0.2077 0.1981 0.9579
vn -0.1563 0.1715 0.9727
vn -0.2108 0.2010 0.9566
vn -0.1994 0.1273 0.9716
vn -0.1759 0.1891 0.9661
vn 0.1642 0.1218 -0.9789
vn 0.3252 0.0760 -0.9426
vn 0.2549 0.6304 -0.7332
vn 0.2759 0.3420 -0.8983
vn 0.5172 0.2666 -0.8133
vn 0.1296 0.9569 -0.2600
vn 0.7770 0.2047 -0.5953
vn 0.5138 0.8279 0.2251
vn -0.0089 0.8490 0.5282
vn 0.7687 -0.0143 0.6394
vn 0.7607 -0.0395 0.6479
vn 0.7717 -0.0306 0.6352
vn 0.8152 0.0135 0.5790
vn 0.7788 0.0117 0.6272
vn 0.4666 -0.0255 0.8841
vn 0.0131 -0.0107 0.9999
vn 0.5025 -0.0744 0.8614
vn -0.1628 0.0082 0.9866
vn -0.1202 -0.0202 0.9926
vn -0.1789 0.0236 0.9836
vn 0.9370 -0.3039 -0.1725
vn 0.4121 -0.6292 -0.6591
vn 0.9258 -0.2981 -0.2324
vn 0.8406 -0.5398 0.0453
vn 0.7932 0.6089 -0.0134
vn 0.5216 -0.7855 -0.3331
vn -0.0855 0.4353 0.8962
vn 0.2289 0.4930 -0.8394
vn 0.1659 0.3442 -0.9241
vn 0.7197 0.5031 -0.4784
vn 0.7802 0.4590 -0.4250
vn 0.7244 0.4816 -0.4932
vn 0.4729 0.4938 -0.7298
vn 0.5991 0.5067 -0.6200
vn 0.3460 0.4519 -0.8222
vn 0.2332 0.3909 -0.8904
vn 0.2402 0.6048 -0.7593
vn 0.3821 0.4541 -0.8049
vn 0.2953 0.5431 -0.7860
vn 0.5198 0.3141 -0.7944
vn 0.6226 0.2041 -0.7554
vn 0.6813 0.1520 -0.7160
vn 0.7745 0.0817 -0.6273
vn 0.9443 -0.0697 -0.3217
vn 0.9783 -0.1993 0.0568
vn 0.9346 -0.2362 0.2660
vn 0.8757 -0.2316 0.4237
vn -0.0117 0.8718 -0.4898
vn -0.0455 0.8692 -0.4923
vn 0.0102 0.8747 -0.4845
vn -0.0726 0.8889 -0.4523
vn -0.3095 0.8985 -0.3112
vn -0.5687 0.8191 -0.0746
vn 0.0178 0.9704 -0.2408
vn -0.6788 0.6099 -0.4089
vn -0.6250 -0.0672 -0.7778
vn -0.6232 -0.0997 -0.7757
vn -0.6031 -0.2748 -0.7488
vn -0.5666 -0.4542 -0.6875
vn -0.5400 -0.5691 -0.6201
vn -0.5264 -0.6162 -0.5858
vn 0.0951 0.9068 -0.4108
vn 0.0109 0.8864 -0.4628
vn 0.1560 0.9201 -0.3592
vn 0.6732 0.6652 0.3230
vn 0.6452 -0.0080 0.7640
vn -0.3759 -0.8555 0.3562
vn -0.5497 -0.6988 -0.4577
vn -0.4967 -0.5402 -0.6793
vn 0.9332 0.1980 0.3000
vn 0.7523 0.6561 0.0594
vn 0.5677 0.7994 -0.1969
vn 0.5719 0.8187 -0.0520
vn 0.5385 0.7398 0.4034
vn 0.5451 0.7161 0.4361
vn 0.6553 0.4901 0.5748
vn 0.8993 -0.0598 0.4332
vn 0.7510 0.4702 0.4636
vn -0.8571 -0.2460 -0.4526
vn 0.4340 0.7870 0.4385
vn -0.5283 -0.6197 -0.5804
vn -0.5454 -0.6558 -0.5219
vn -0.4747 -0.6878 -0.5491
vn 0.7174 0.6562 0.2342
vn -0.0711 -0.6960 -0.7145
vn -0.1233 -0.6651 -0.7365
vn 0.1265 0.9598 -0.2506
vn -0.2536 -0.9050 0.3415
vn 0.9564 0.0614 -0.2856
vn 0.0739 0.4007 0.9132
vn -0.6663 -0.2237 -0.7114
vn -0.6953 0.7000 -0.1626
vn 0.4863 0.2174 -0.8463
vn -0.5373 0.8324 0.1356
vn -0.8619 0.5024 -0.0684
vn -0.7788 -0.3612 -0.5128
vn 0.2670 0.6966 0.6660
vn 0.2730 0.8395 0.4699
vn 0.2970 0.7615 0.5760
vn -0.6022 -0.5109 -0.6135
vn -0.6640 -0.4301 -0.6117
vn -0.5212 -0.5412 -0.6599
vn -0.4351 -0.6828 -0.5869
vn -0.2586 -0.8425 -0.4726
vn -0.2307 -0.8535 -0.4672
vn -0.4055 -0.6007 -0.6891
vn -0.4994 -0.1893 -0.8454
vn -0.4371 0.3105 -0.8441
vn -0.2422 0.7063 -0.6652
vn -0.2899 0.6428 -0.7091
vn -0.2798 0.6897 -0.6678
vn 0.5018 0.4203 -0.7560
vn -0.6532 0.6423 -0.4009
vn -0.3997 0.6618 -0.6342
vn -0.8317 0.5463 -0.0991
vn -0.6117 -0.0659 -0.7883
vn 0.5205 0.8432 0.1347
vn 0.5492 0.8268 0.1212
vn -0.9080 0.4185 0.0196
vn -0.6527 0.7572 0.0252
vn -0.9325 0.3610 -0.0100
vn 0.4278 0.8981 0.1024
vn 0.5373 0.8376 0.0991
vn 0.3603 0.9328 0.0082
vn 0.4409 0.8959 0.0554
vn 0.2578 0.9642 -0.0625
vn -0.3469 0.6676 -0.6588
vn -0.8411 0.5353 -0.0775
vn -0.7675 0.4952 -0.4070
vn -0.5326 0.5447 -0.6478
vn 0.1323 0.9780 -0.1611
vn -0.1393 0.9143 -0.3803
vn -0.9978 0.0660 -0.0049
vn -0.9997 -0.0222 -0.0071
vn -0.9909 -0.1196 0.0615
vn -0.8518 -0.4343 0.2929
vn -0.6056 -0.7316 0.3131
vn -0.3632 -0.9228 0.1285
vn -0.5393 -0.8233 0.1773
vn -0.6902 -0.6999 0.1838
vn -0.6470 0.7056 -0.2890
vn -0.9221 -0.3768 0.0880
vn -0.9807 0.1543 -0.1199
vn -0.7698 0.5598 -0.3066
vn -0.4319 0.7696 -0.4702
vn -0.4401 0.7941 -0.4192
vn -0.6128 0.7415 -0.2733
vn -0.6255 0.7391 -0.2500
vn -0.6694 0.6861 -0.2847
vn -0.8380 0.3469 -0.4212
vn -0.8627 0.1810 -0.4723
vn -0.6765 0.4478 -0.5847
vn -0.9543 0.0372 -0.2964
vn -0.8098 0.1903 -0.5550
vn 0.4440 0.8127 0.3774
vn 0.2615 0.0328 0.9647
vn 0.1244 -0.5348 0.8358
vn 0.1766 -0.3390 0.9241
vn 0.2463 -0.0646 0.9670
vn 0.6726 0.0778 0.7359
vn 0.9006 -0.3457 0.2634
vn 0.8655 0.2198 0.4501
vn 0.4623 0.4071 -0.7877
vn -0.0153 0.0814 0.9966
vn 0.1072 -0.2215 0.9692
vn 0.7801 0.4167 0.4666
vn 0.7455 0.4845 0.4577
vn 0.7152 0.5468 0.4353
vn 0.6894 0.6016 0.4034
vn 0.6731 0.6464 0.3594
vn 0.7701 0.5736 0.2792
vn 0.6558 0.7127 0.2489
vn 0.6159 0.7159 -0.3289
vn 0.6671 0.5348 -0.5186
vn 0.2037 0.4135 -0.8874
vn -0.0778 0.9779 -0.1943
vn -0.3931 0.8472 0.3574
vn 0.7135 0.4756 0.5145
vn -0.6414 0.5152 -0.5686
vn -0.9041 0.2800 -0.3228
vn -0.9594 0.1590 -0.2328
vn -0.9828 0.1654 -0.0823
vn -0.9905 0.1358 0.0200
vn -0.8595 0.3712 -0.3514
vn -0.9436 -0.0026 -0.3312
vn -0.8979 -0.0121 -0.4401
vn -0.9337 -0.2788 -0.2246
vn -0.9282 -0.3173 -0.1944
vn -0.8824 -0.3514 -0.3130
vn -0.9722 0.2315 -0.0357
vn -0.2844 0.8368 0.4679
vn -0.3060 0.9013 0.3067
vn 0.0571 0.5898 0.8055
vn -0.3916 0.8530 0.3450
vn -0.1723 0.7889 0.5899
vn -0.0299 0.5540 0.8320
vn 0.1986 0.4966 0.8449
vn 0.9274 -0.0837 -0.3647
vn 0.9280 -0.1266 -0.3505
vn 0.9278 -0.1459 -0.3432
vn 0.9261 -0.1306 -0.3538
vn 0.9231 -0.1128 -0.3677
vn 0.9232 -0.1113 -0.3679
vn 0.9242 -0.1144 -0.3643
vn 0.9135 -0.1007 -0.3942
vn 0.8907 -0.0790 -0.4477
vn 0.5030 0.6859 0.5259
vn 0.3973 0.3154 -0.8618
vn 0.3430 0.2864 -0.8946
vn -0.0624 -0.2639 -0.9625
vn -0.0892 0.2172 -0.9720
vn -0.1664 0.2878 -0.9431
vn -0.1328 0.0747 -0.9883
vn -0.1643 0.0236 -0.9861
vn -0.1537 0.2591 -0.9536
vn 0.2814 0.3468 -0.8947
vn 0.5769 0.6005 -0.5537
vn 0.5402 0.5004 -0.6767
vn 0.4752 0.8792 -0.0341
vn 0.4838 0.6690 -0.5642
vn 0.3606 0.9326 -0.0147
vn 0.7621 0.6461 0.0422
vn 0.8463 0.0292 -0.5320
vn 0.3280 0.8047 -0.4948
vn 0.5118 0.4071 -0.7565
vn 0.3185 0.8261 -0.4649
vn 0.4144 0.7036 -0.5773
vn 0.5373 0.5587 -0.6318
vn 0.5985 0.5171 -0.6118
vn 0.4821 0.6233 -0.6157
vn 0.7255 0.4596 -0.5123
vn 0.8289 0.4098 -0.3809
vn 0.8031 0.4026 -0.4393
vn 0.5668 0.4894 -0.6628
vn 0.3597 0.2107 -0.9090
vn 0.2726 0.2076 -0.9395
vn 0.2592 0.1110 -0.9594
vn 0.3033 0.3134 -0.8999
vn 0.3116 0.3517 -0.8827
vn 0.2843 0.3874 -0.8770
vn 0.1213 0.1315 -0.9839
vn 0.0407 0.1049 -0.9937
vn 0.1943 0.0667 -0.9787
vn 0.2460 0.1681 -0.9546
vn -0.0097 0.6115 0.7912
vn 0.4889 0.5926 -0.6402
vn 0.3039 0.3299 -0.8937
vn 0.1532 0.4593 -0.8750
vn 0.0749 0.4541 -0.8878
vn 0.6776 0.5439 -0.4951
vn 0.5984 0.1026 -0.7946
vn 0.3376 0.2593 -0.9049
vn 0.4632 0.1682 -0.8701
vn 0.4411 0.0606 -0.8954
vn 0.4513 0.2979 -0.8412
vn 0.2387 0.3780 -0.8945
vn 0.4303 0.3399 -0.8363
vn 0.3919 0.7711 -0.5018
vn 0.5301 0.5151 -0.6735
vn 0.4766 0.3053 -0.8244
vn 0.5881 0.3354 -0.7360
vn 0.5720 0.3789 -0.7275
vn 0.5243 0.5140 -0.6789
vn -0.1727 0.4884 0.8554
vn 0.5843 0.2819 -0.7610
vn 0.4667 -0.0096 -0.8843
vn 0.3869 0.3778 -0.8412
vn 0.2965 0.6471 -0.7024
vn 0.3322 0.3530 -0.8747
vn 0.1728 0.3636 -0.9154
vn 0.1180 0.3773 -0.9185
vn 0.5704 0.2494 -0.7826
vn 0.4389 0.3962 -0.8065
vn -0.4746 0.2245 -0.8511
vn -0.1615 0.1984 -0.9667
vn 0.4312 0.6905 -0.5807
vn 0.7952 0.4269 -0.4307
vn 0.9191 0.2366 -0.3151
vn 0.8852 0.4420 -0.1452
vn 0.9616 0.0427 -0.2712
vn 0.9893 -0.0247 -0.1440
vn 0.9965 -0.0645 -0.0534
vn 0.9016 0.2043 -0.3814
vn 0.2840 0.5685 -0.7721
vn 0.9942 -0.0595 -0.0899
vn 0.9797 -0.0465 -0.1949
vn 0.9424 -0.0592 -0.3291
vn 0.9354 0.0042 -0.3537
vn 0.9269 -0.0737 -0.3681
vn 0.8108 0.5670 -0.1450
vn -0.4429 0.4898 0.7510
vn 0.5717 0.7913 0.2166
vn 0.3939 0.7644 0.5104
vn 0.8503 0.5038 0.1523
vn -0.4215 0.3442 0.8390
vn 0.6669 0.2725 0.6935
vn 0.3783 0.5676 0.7312
vn 0.5834 0.6631 -0.4689
vn 0.9129 0.3926 0.1116
vn -0.0170 0.5096 0.8602
vn -0.1006 0.4002 0.9109
vn 0.9008 -0.1262 0.4155
vn 0.9218 -0.0060 0.3875
vn 0.9284 0.0255 0.3706
vn 0.9358 0.0529 0.3485
vn 0.9429 0.0757 0.3245
vn 0.9503 0.0981 0.2956
vn 0.9636 0.1445 0.2250
vn 0.9707 0.1902 0.1468
vn 0.9717 0.2047 0.1178
vn 0.4761 -0.3726 -0.7966
vn 0.9718 0.2063 0.1142
vn 0.9717 0.2057 0.1165
vn 0.1017 -0.3540 -0.9297
vn 0.5174 -0.1126 -0.8483
vn -0.0481 -0.4876 -0.8718
vn 0.9752 0.2083 0.0749
vn 0.9748 0.1989 -0.1006
vn 0.9099 0.1412 -0.3900
vn 0.7869 0.0550 -0.6146
vn 0.6999 -0.0111 -0.7142
vn 0.6355 -0.0798 -0.7680
vn 0.0481 0.1385 0.9892
vn 0.0809 0.0081 0.9967
vn 0.8836 0.4547 0.1120
vn 0.7907 -0.0804 0.6069
vn 0.9128 -0.0140 0.4082
vn -0.0264 0.4259 0.9044
vn 0.1402 0.5078 0.8500
vn 0.1810 0.6194 0.7639
vn 0.7783 0.1628 0.6064
vn 0.2726 0.8079 0.5224
vn 0.4724 0.8686 0.1496
vn 0.6890 0.7220 0.0636
vn 0.6034 0.7428 0.2900
vn 0.6085 0.7934 -0.0169
vn 0.4744 0.0764 -0.8770
vn 0.7227 0.6231 0.2991
vn 0.1098 -0.9922 -0.0596
vn 0.3193 -0.5872 -0.7438
vn 0.7527 0.1550 -0.6398
vn -0.0464 0.6904 0.7219
vn -0.2741 0.9085 0.3155
vn 0.2899 0.9289 0.2303
vn -0.0429 0.9938 -0.1024
vn 0.6007 0.7385 -0.3061
vn -0.1992 0.9185 -0.3416
vn -0.6201 0.7793 -0.0903
vn -0.1833 0.4680 0.8645
vn 0.9055 0.2759 0.3225
vn -0.0266 -0.4169 0.9086
vn 0.5224 0.2133 -0.8256
vn -0.1218 0.7734 0.6221
vn 0.1531 0.0206 0.9880
vn -0.8882 0.3688 0.2739
vn 0.9477 0.2784 -0.1559
vn -0.1334 0.9675 0.2149
vn -0.5447 0.7763 -0.3173
vn 0.3396 0.9246 -0.1728
vn -0.2790 0.9206 -0.2732
vn -0.0754 0.8998 -0.4297
vn 0.2135 0.9123 0.3496
vn -0.4050 0.8203 -0.4039
vn 0.9123 0.3707 0.1742
vn -0.3206 0.1451 -0.9361
vn 0.7907 0.4247 -0.4411
vn 0.1456 0.9864 0.0768
vn 0.8407 0.2978 0.4523
vn 0.0687 0.7497 0.6583
vn 0.3410 0.9069 0.2477
vn 0.3504 0.9284 0.1240
vn 0.1620 0.5840 0.7954
vn -0.2251 0.8860 0.4054
vn -0.0887 0.6811 -0.7268
vn 0.1395 0.3677 0.9194
vn 0.4060 0.0957 0.9088
vn 0.1484 0.6269 0.7648
vn 0.6752 0.5741 0.4632
vn 0.2769 0.2495 0.9279
vn 0.1719 0.7102 0.6827
vn 0.9242 0.2619 -0.2781
vn 0.7287 -0.5762 -0.3702
vn 0.6405 0.6970 0.3223
vn 0.2789 0.6098 0.7419
vn 0.9011 0.4310 0.0476
vn -0.9235 -0.1439 -0.3556
vn 0.8415 0.1902 0.5057
vn 0.5301 0.8353 -0.1459
vn 0.6717 0.3357 -0.6604
vn 0.8344 -0.0392 -0.5498
vn 0.8519 -0.2332 0.4689
vn 0.9404 0.2893 0.1786
vn 0.8962 -0.3278 -0.2990
vn 0.0808 0.2436 0.9665
vn -0.4194 0.8718 0.2531
vn 0.0121 0.4312 0.9022
vn 0.0078 0.3486 0.9372
vn -0.6102 0.2761 0.7426
vn -0.6596 -0.0092 0.7516
vn 0.4930 0.5141 0.7019
vn 0.6900 -0.1451 0.7091
vn 0.9282 -0.2107 0.3068
vn 0.9088 0.1145 0.4011
vn -0.0367 0.8886 0.4572
vn 0.1204 0.5933 0.7959
vn 0.4954 0.3448 0.7973
vn 0.1247 0.6890 0.7139
vn -0.8120 0.5697 -0.1268
vn -0.6892 0.6185 0.3774
vn -0.8969 0.0940 0.4320
vn -0.0094 0.5809 0.8140
vn -0.4126 0.8308 0.3735
vn -0.2264 0.7420 0.6310
vn 0.1157 0.4928 0.8624
vn -0.0153 0.8510 0.5250
vn 0.5113 0.2513 0.8218
vn 0.2694 0.5327 0.8023
vn -0.2708 0.9437 0.1897
vn 0.5548 0.1324 0.8213
vn 0.2878 0.5645 0.7736
vn 0.0992 0.5397 0.8360
vn -0.3060 0.5736 -0.7598
vn -0.2808 0.5722 -0.7706
vn -0.2626 0.7036 -0.6603
vn -0.2157 0.3571 -0.9088
vn -0.5956 0.3115 -0.7404
vn -0.2968 0.3102 -0.9031
vn 0.2169 0.2572 -0.9417
vn -0.0804 0.3898 -0.9174
vn 0.0117 0.3193 -0.9476
vn 0.0996 0.3064 -0.9467
vn -0.0639 0.0217 -0.9977
vn -0.0098 0.6112 0.7914
vn 0.0098 -0.6116 -0.7911
vn 0.4451 0.6868 -0.5747
vn -0.0256 0.6482 -0.7610
vn 0.2216 0.7899 -0.5718
vn 0.2229 0.2529 -0.9415
vn -0.0119 0.5762 -0.8173
vn -0.0405 0.5721 -0.8192
vn -0.3498 0.6008 -0.7188
vn -0.3269 0.7222 -0.6096
vn -0.3096 0.9099 -0.2761
vn -0.1018 0.6906 -0.7161
vn -0.2011 0.6433 -0.7387
vn -0.4493 0.7153 -0.5353
vn -0.6881 0.5730 -0.4453
vn 0.0097 -0.6113 -0.7913
vn -0.6363 0.6525 -0.4116
vn -0.4397 0.8962 0.0588
vn -0.5396 0.8377 0.0848
vn -0.5045 0.8611 0.0631
vn -0.3603 0.8722 -0.3307
vn -0.4295 0.6063 -0.6693
vn -0.4222 0.6275 -0.6542
vn -0.4793 0.8764 -0.0472
vn -0.5781 0.6843 -0.4445
vn -0.8978 0.3889 -0.2067
vn -0.4389 0.7056 -0.5563
vn -0.3921 0.6358 -0.6648
vn 0.0760 0.8363 -0.5430
vn 0.0030 0.7886 -0.6149
vn -0.8999 0.3946 -0.1857
vn -0.0099 0.6114 0.7913
vn -0.7275 0.6247 0.2838
vn -0.7299 0.2187 -0.6476
vn -0.8303 0.3171 -0.4583
vn -0.4995 0.8271 -0.2577
vn -0.4963 0.7741 -0.3930
vn -0.8246 -0.1336 -0.5498
vn -0.6072 0.0900 -0.7894
vn -0.2074 0.3021 -0.9305
vn 0.0026 0.3687 -0.9295
vn -0.6596 -0.5927 -0.4621
vn -0.6687 0.7376 0.0935
vn -0.7717 0.6249 0.1182
vn -0.3322 0.9170 0.2209
vn -0.2061 0.7731 0.5998
vn 0.2121 0.4882 0.8466
vn -0.7658 0.5459 0.3401
vn -0.5250 0.6889 0.4997
vn -0.4531 0.5932 0.6654
vn -0.9818 -0.1737 0.0772
vn -0.1466 0.8767 0.4582
vn -0.3523 0.8763 0.3286
vn -0.2543 0.8191 0.5142
vn 0.0835 0.8538 0.5138
vn 0.4422 0.3296 0.8342
vn 0.8416 -0.0932 0.5321
vn 0.2061 -0.0432 0.9776
vn 0.2958 0.5728 0.7644
vn -0.1700 -0.7738 0.6101
vn 0.0245 -0.8668 0.4980
vn 0.2906 0.9467 0.1392
vn -0.0620 0.3460 0.9362
vn -0.1481 -0.2092 0.9666
vn -0.4392 0.3389 0.8321
vn -0.0124 -0.4665 0.8844
vn -0.3171 -0.7310 0.6042
vn -0.4519 -0.6412 0.6201
vn -0.5089 -0.5960 0.6211
vn -0.4752 -0.6207 0.6236
vn -0.4791 -0.6192 0.6221
vn -0.4602 -0.6269 0.6287
vn -0.2465 -0.6624 0.7075
vn -0.1879 -0.5003 0.8452
vn -0.5009 -0.7054 0.5015
vn -0.2825 -0.9127 0.2952
vn -0.2543 -0.9189 0.3017
vn -0.6052 -0.7538 0.2558
vn -0.6612 -0.7188 0.2147
vn -0.5156 -0.8177 0.2561
vn -0.4844 -0.7974 0.3598
vn -0.3499 -0.8043 0.4803
vn -0.2483 0.2439 0.9375
vn 0.1831 -0.8518 0.4908
vn -0.0291 -0.7819 0.6227
vn -0.1343 -0.7705 0.6231
vn 0.0357 -0.9596 0.2790
vn 0.0791 -0.9608 0.2657
vn -0.0983 -0.9315 0.3502
vn -0.3240 -0.9406 -0.1014
vn -0.5222 -0.8117 -0.2618
vn 0.3317 -0.8544 0.4000
vn 0.2276 -0.9584 0.1721
vn -0.3237 -0.8948 0.3074
vn 0.2225 -0.8114 0.5405
vn 0.0124 -0.9333 0.3589
vn 0.1816 -0.8917 0.4147
vn -0.1580 -0.9215 0.3549
vn -0.2770 -0.8909 0.3599
vn 0.2810 -0.8579 0.4302
vn 0.2092 -0.8792 0.4280
vn -0.0553 -0.9166 0.3960
vn 0.3103 -0.9077 0.2825
vn 0.4272 -0.8271 0.3653
vn 0.4361 -0.8209 0.3688
vn 0.3543 -0.8643 0.3570
vn 0.4940 -0.7911 0.3606
vn 0.3991 -0.8466 0.3522
vn -0.0794 -0.8792 0.4699
vn 0.1038 -0.8836 0.4565
vn -0.5660 -0.8215 -0.0684
vn 0.4050 -0.9088 0.1002
vn -0.0736 -0.9932 0.0903
vn -0.7198 -0.6908 -0.0688
vn 0.6301 -0.7708 0.0943
vn 0.5395 -0.8306 0.1383
vn 0.2832 -0.9363 0.2077
vn 0.3192 -0.9305 0.1798
vn 0.2130 -0.7317 0.6475
vn 0.1118 -0.7630 0.6367
vn -0.1059 -0.7949 0.5974
vn 0.0505 -0.7984 0.6000
vn -0.1007 -0.7867 0.6091
vn 0.1698 -0.8751 0.4532
vn 0.2156 -0.6825 0.6984
vn 0.2843 -0.1710 0.9434
vn 0.2878 -0.5413 0.7900
vn -0.0283 -0.7760 0.6301
vn -0.0941 -0.8583 0.5044
vn -0.2289 -0.6889 0.6878
vn 0.0468 -0.7938 0.6063
vn 0.0253 -0.8063 0.5909
vn 0.0032 -0.3418 0.9398
vn -0.1651 -0.4093 0.8973
vn 0.5191 -0.4078 0.7511
vn 0.4442 -0.6292 0.6378
vn 0.4204 -0.6809 0.5997
vn 0.4164 -0.6819 0.6013
vn 0.2884 -0.8027 0.5220
vn 0.2384 -0.8286 0.5066
vn 0.3536 -0.7506 0.5581
vn 0.2777 -0.7294 0.6252
vn 0.1768 -0.8469 0.5015
vn 0.1431 -0.8546 0.4992
vn 0.1711 -0.8534 0.4923
vn -0.0825 -0.5337 0.8416
vn 0.0003 -0.3649 0.9311
vn -0.2968 -0.8262 0.4788
vn -0.2577 -0.8593 0.4418
vn -0.1948 -0.8755 0.4422
vn -0.2811 -0.8476 0.4501
vn -0.0621 -0.9007 0.4300
vn 0.0220 -0.8900 0.4554
vn 0.1114 -0.8621 0.4943
vn -0.4236 -0.5703 0.7038
vn 0.0953 -0.9286 0.3587
vn -0.0560 -0.9376 0.3431
vn -0.0372 -0.9367 0.3483
vn -0.1426 -0.8500 0.5072
vn 0.1029 -0.8721 0.4785
vn 0.1336 -0.9318 0.3374
vn -0.3009 -0.7979 0.5224
vn -0.4494 -0.7927 0.4118
vn 0.1035 -0.7797 0.6175
vn 0.0792 0.3944 0.9155
vn -0.0393 -0.0955 0.9946
vn 0.3740 -0.1670 0.9123
vn 0.0665 -0.9933 -0.0940
vn 0.2020 0.6246 0.7543
vn 0.1149 0.0773 0.9904
vn 0.5699 0.2498 0.7828
vn 0.1202 -0.0491 0.9915
vn 0.1564 -0.1883 0.9696
vn 0.2112 0.3246 0.9220
vn 0.6986 0.7105 0.0844
vn -0.0726 0.9861 0.1496
vn 0.3501 -0.2295 0.9081
vn 0.2904 -0.1797 0.9399
vn 0.6927 -0.1337 0.7087
vn 0.1782 -0.0417 0.9831
vn 0.9735 0.0955 -0.2079
vn 0.9891 0.0708 0.1291
vn 0.9769 0.1439 -0.1580
vn 0.9668 0.1788 -0.1827
vn 0.9828 0.1293 -0.1320
vn 0.9979 0.0468 -0.0440
vn 0.9762 0.1127 0.1855
vn 0.0004 -0.5952 0.8036
vn -0.6145 -0.5963 0.5166
vn 0.1772 -0.9011 0.3958
vn -0.9443 -0.1037 0.3123
vn -0.9625 -0.0204 0.2707
vn -0.9415 -0.0592 0.3316
vn -0.0941 -0.4222 0.9016
vn -0.5277 -0.3068 0.7921
vn -0.2776 -0.3345 0.9006
vn 0.3052 -0.5420 0.7830
vn 0.3806 -0.6324 0.6747
vn -0.6002 -0.3141 0.7356
vn 0.4364 -0.7157 0.5453
vn 0.5021 -0.3044 0.8095
vn 0.5644 -0.8185 0.1073
vn 0.4880 -0.7981 0.3535
vn 0.2578 -0.6828 0.6836
vn -0.2739 -0.5070 0.8173
vn 0.3022 -0.5431 0.7834
vn 0.4892 0.2673 0.8302
vn 0.5248 -0.0926 0.8462
vn 0.4859 -0.4363 0.7573
vn 0.5318 -0.2652 0.8043
vn 0.5597 -0.0368 0.8279
vn 0.5697 0.0064 0.8219
vn 0.5750 0.0442 0.8169
vn 0.5525 -0.0050 0.8335
vn 0.5520 -0.0167 0.8337
vn 0.5870 0.0214 0.8093
vn 0.6174 0.0440 0.7855
vn 0.6112 0.0481 0.7900
vn 0.5258 0.0489 0.8492
vn 0.5086 0.0434 0.8599
vn 0.0709 -0.4062 0.9110
vn 0.7867 0.4766 0.3924
vn 0.7623 0.5075 0.4018
vn 0.8914 0.2435 0.3822
vn 0.9419 -0.0661 0.3292
vn 0.9446 -0.0117 0.3279
vn 0.9324 0.1494 0.3292
vn 0.9277 0.1793 0.3275
vn 0.9274 0.0897 0.3631
vn 0.9029 -0.0442 0.4276
vn 0.8387 -0.1730 0.5163
vn -0.3031 -0.5035 0.8091
vn -0.2234 -0.5804 0.7831
vn -0.1970 -0.5022 0.8420
vn -0.2019 -0.7925 0.5754
vn -0.2034 -0.5082 0.8369
vn -0.2879 -0.3221 0.9019
vn -0.3044 -0.3118 0.9001
vn -0.2856 -0.3178 0.9041
vn 0.7512 -0.2789 0.5982
vn 0.7010 -0.3222 0.6363
vn 0.7498 -0.2935 0.5930
vn 0.8269 -0.2401 0.5086
vn 0.6717 -0.2967 0.6788
vn -0.3581 -0.3006 0.8840
vn -0.0042 -0.3453 0.9385
vn -0.8283 -0.1385 0.5429
vn -0.0994 -0.2465 0.9640
vn -0.4969 -0.2274 0.8375
vn 0.1142 -0.2300 0.9665
vn -0.0694 0.0256 0.9973
vn -0.4394 -0.4228 0.7926
vn -0.1100 -0.2619 0.9588
vn -0.0672 0.0654 0.9956
vn -0.0098 0.6114 0.7913
vn 0.0235 -0.3799 0.9247
vn 0.1581 -0.4106 0.8980
vn 0.0247 -0.3076 0.9512
vn -0.1840 -0.2681 0.9457
vn -0.1621 -0.6867 0.7086
vn 0.0034 -0.6712 0.7413
vn -0.2738 -0.5365 0.7983
vn 0.2285 -0.4668 0.8543
vn -0.1322 0.9218 -0.3643
vn -0.6615 0.5822 -0.4727
vn -0.9667 -0.0967 -0.2370
vn 0.1095 0.2395 -0.9647
vn 0.5980 0.7888 0.1422
vn 0.3200 0.9421 -0.1003
vn 0.7155 0.6259 0.3104
vn 0.7599 0.4868 0.4308
vn 0.7607 0.2636 0.5931
vn 0.6292 -0.1050 0.7701
vn -0.1051 -0.6884 0.7177
vn 0.3063 -0.4732 0.8260
vn -0.6677 -0.6600 0.3445
vn -0.0609 -0.6636 0.7456
vn 0.2164 0.6460 0.7320
vn 0.6317 -0.1690 0.7566
vn 0.1397 -0.1819 0.9734
vn 0.1281 -0.1005 0.9867
vn 0.4596 -0.0049 0.8881
vn 0.6388 -0.0062 0.7694
vn 0.7073 -0.0881 0.7014
vn 0.7277 -0.2082 0.6535
vn 0.7077 -0.3582 0.6090
vn 0.5915 -0.0639 0.8038
vn 0.3745 0.5943 0.7117
vn 0.7182 0.0599 0.6932
vn 0.7458 -0.2085 0.6327
vn 0.7086 -0.5080 0.4897
vn 0.7080 -0.5080 0.4906
vn 0.7158 -0.4937 0.4938
vn 0.7295 -0.4650 0.5017
vn 0.6919 -0.4929 0.5275
vn 0.6439 -0.5240 0.5575
vn 0.6783 -0.5349 0.5037
vn 0.6733 -0.5186 0.5269
vn 0.6387 -0.5989 0.4831
vn 0.6144 -0.6824 0.3961
vn 0.6292 -0.5610 0.5379
vn 0.6787 -0.6028 0.4195
vn 0.6765 -0.6031 0.4227
vn 0.6254 -0.6570 0.4209
vn 0.5950 -0.6852 0.4202
vn 0.5710 -0.7022 0.4253
vn 0.5105 -0.7356 0.4453
vn 0.4604 -0.7544 0.4680
vn 0.4402 -0.7948 0.4178
vn 0.3671 -0.8657 0.3403
vn 0.4083 -0.8415 0.3537
vn 0.4918 -0.7883 0.3697
vn 0.6172 -0.6982 0.3627
vn 0.7221 -0.6035 0.3382
vn 0.6970 -0.6208 0.3588
vn 0.6280 -0.6690 0.3975
vn 0.5386 -0.7200 0.4375
vn 0.6104 -0.6759 0.4130
vn 0.5504 -0.5548 0.6238
vn 0.4712 -0.2999 0.8295
vn 0.4168 0.8180 0.3963
vn 0.6579 -0.1387 0.7402
vn 0.3340 0.4710 0.8165
vn 0.3720 -0.1080 0.9219
vn 0.5387 -0.6331 0.5559
vn 0.2093 -0.2723 0.9392
vn 0.3251 -0.8880 0.3251
vn 0.5260 -0.6604 0.5358
vn 0.3281 -0.5990 0.7304
vn 0.4601 0.0742 0.8847
vn -0.0944 -0.9930 -0.0716
vn 0.3551 -0.1294 0.9258
vn 0.1674 -0.5213 0.8368
vn 0.1239 -0.8726 0.4725
vn 0.2870 -0.8940 0.3442
vn -0.0171 -0.8683 0.4958
vn -0.1387 -0.4539 0.8802
vn -0.2594 -0.5147 0.8172
vn 0.2051 0.6574 0.7251
vn -0.3724 -0.9167 0.1449
vn -0.2142 -0.6925 0.6888
vn 0.5624 0.7981 -0.2162
vn 0.8713 0.2277 0.4347
vn 0.8355 -0.3830 -0.3940
vn 0.2420 -0.4252 -0.8722
vn 0.2784 0.1086 0.9543
vn -0.0726 -0.0524 0.9960
vn 0.0474 -0.3385 0.9398
vn -0.0925 0.4521 0.8871
vn 0.0180 0.3774 0.9259
vn 0.0563 0.6828 0.7285
vn 0.1222 0.6352 0.7626
vn -0.0008 0.7271 -0.6865
vn 0.2232 0.3574 0.9069
vn 0.4501 0.3128 0.8364
vn 0.4683 0.2039 0.8597
vn 0.2144 0.6412 0.7368
vn 0.2397 0.6009 0.7625
vn 0.1541 0.6226 0.7672
vn 0.1172 -0.3154 0.9417
vn -0.6650 0.1868 0.7231
vn -0.2210 -0.0490 0.9740
vn -0.3074 0.1747 -0.9354
vn 0.2707 0.4123 0.8699
vn 0.8600 0.4996 0.1038
vn 0.3041 -0.2844 0.9092
vn -0.2966 -0.2161 0.9302
vn 0.2254 -0.1876 0.9560
vn -0.1449 0.3871 0.9106
vn -0.0504 0.2260 0.9728
vn 0.4687 -0.7767 0.4208
vn 0.5147 0.0058 0.8573
vn 0.2453 0.7834 0.5710
vn 0.1563 0.9848 0.0753
vn 0.3949 -0.4184 0.8179
vn 0.1660 -0.1484 0.9749
vn 0.6958 -0.0532 0.7163
vn -0.0600 -0.0053 0.9982
vn -0.0444 -0.3916 0.9191
vn 0.2167 0.0960 0.9715
vn 0.6479 0.7092 0.2781
vn -0.1083 0.2970 0.9487
vn -0.4762 -0.6995 0.5329
vn 0.3429 0.8444 0.4117
vn -0.1044 0.0237 0.9943
vn 0.8032 -0.1939 -0.5633
vn 0.8256 -0.2383 -0.5115
vn 0.6899 -0.4028 -0.6014
vn 0.6922 -0.4130 -0.5919
vn 0.6941 -0.4180 -0.5862
vn 0.6983 -0.4205 -0.5793
vn 0.7148 -0.4265 -0.5542
vn 0.7888 -0.2898 -0.5420
vn 0.7289 -0.4300 -0.5327
vn 0.7179 -0.4315 -0.5462
vn 0.6966 -0.4053 -0.5921
vn 0.7203 -0.3031 -0.6239
vn 0.7289 -0.2641 -0.6316
vn 0.8876 0.4377 0.1437
vn -0.2280 0.4714 0.8520
vn 0.7313 -0.2808 -0.6216
vn 0.7398 -0.3160 -0.5940
vn 0.7437 -0.3309 -0.5808
vn 0.7420 -0.3276 -0.5849
vn 0.7486 -0.3337 -0.5729
vn 0.7670 -0.3478 -0.5392
vn 0.8043 -0.3674 -0.4670
vn 0.8552 -0.3829 -0.3493
vn 0.6053 -0.6179 -0.5018
vn 0.0980 -0.8458 -0.5244
vn 0.2400 -0.7712 -0.5897
vn 0.8471 0.4966 0.1891
vn 0.4161 0.6437 0.6423
vn 0.9682 -0.0180 -0.2496
vn -0.1454 0.6226 0.7689
vn 0.8667 0.1072 0.4872
vn -0.6793 -0.7315 -0.0583
vn 0.1343 0.8635 0.4860
vn -0.0488 0.7964 -0.6028
vn 0.6653 0.7348 -0.1322
vn 0.9005 0.2723 0.3390
vn -0.9481 -0.0966 -0.3030
vn 0.0442 0.9100 0.4123
vn -0.1887 0.9377 -0.2917
vn 0.4447 0.8375 -0.3174
vn -0.5947 -0.6423 -0.4834
vn -0.7921 0.6073 -0.0607
vn 0.1630 0.9735 0.1603
vn -0.0336 -0.3984 -0.9166
vn 0.7900 0.4646 0.4001
vn 0.9143 -0.3866 -0.1205
vn 0.4943 0.6933 0.5244
vn 0.0868 0.7577 0.6468
vn 0.7794 0.6264 -0.0066
vn 0.0374 0.9972 -0.0641
vn 0.9205 0.2058 0.3322
vn 0.2342 0.8539 0.4648
vn 0.2840 0.8156 0.5041
vn 0.4193 0.8181 0.3935
vn 0.9829 0.1822 0.0273
vn 0.2421 0.8346 0.4948
vn 0.9698 0.1992 0.1407
vn 0.4193 0.6044 0.6774
vn -0.2462 0.5604 0.7908
vn -0.1491 0.8243 0.5462
vn -0.1595 0.6305 0.7596
vn 0.4081 0.5296 0.7436
vn 0.4031 0.4778 0.7806
vn -0.3843 0.5428 0.7468
vn 0.1033 0.6191 0.7785
vn 0.8138 0.5765 0.0734
vn 0.6377 0.7703 -0.0023
vn 0.3205 -0.8859 -0.3353
vn 0.4969 -0.8632 0.0892
vn 0.5206 -0.8492 0.0888
vn 0.5762 -0.8129 0.0852
vn 0.6149 -0.7865 0.0581
vn 0.6428 -0.7658 0.0174
vn 0.7150 -0.5991 -0.3603
vn 0.6730 -0.7376 -0.0551
vn 0.6176 -0.3057 -0.7246
vn 0.4821 -0.1188 -0.8680
vn -0.1446 0.6489 0.7470
vn 0.5466 0.1595 -0.8221
vn 0.5672 0.1222 -0.8145
vn 0.5946 0.0802 -0.8000
vn 0.6106 0.0608 -0.7896
vn 0.5503 0.0513 -0.8334
vn 0.5224 -0.0399 -0.8518
vn 0.5475 0.1498 -0.8233
vn 0.0242 0.7509 0.6600
vn 0.4466 0.4266 0.7864
vn 0.2655 0.6318 0.7283
vn -0.1467 0.9837 0.1042
vn -0.0988 0.6765 0.7297
vn -0.1526 0.7850 0.6004
vn 0.2255 0.8583 0.4609
vn -0.1067 0.8251 0.5549
vn 0.4028 0.2111 0.8906
vn 0.0972 0.2446 -0.9648
vn -0.1336 0.9259 0.3535
vn 0.7657 0.6396 -0.0682
vn -0.3525 -0.7143 -0.6046
vn 0.4560 0.8549 -0.2473
vn 0.8817 0.3878 0.2687
vn 0.6091 0.7063 0.3608
vn 0.5648 0.5417 0.6226
vn 0.8566 0.4586 0.2366
vn 0.9494 -0.1985 -0.2434
vn 0.5928 0.7471 0.3006
vn 0.8843 0.4491 0.1274
vn 0.9190 0.3470 -0.1870
vn 0.9198 0.2669 -0.2876
vn 0.9295 0.1805 -0.3217
vn 0.9300 0.0781 -0.3593
vn 0.8603 -0.1089 -0.4980
vn 0.9291 0.0161 -0.3695
vn 0.8976 -0.2295 -0.3763
vn 0.7718 -0.5443 -0.3287
vn 0.5083 -0.8483 -0.1482
vn 0.2057 -0.9750 0.0837
vn 0.0173 -0.9992 0.0360
vn 0.5286 0.0776 -0.8453
vn 0.4505 0.1078 -0.8862
vn 0.9748 -0.1081 -0.1953
vn 0.9488 -0.3037 -0.0869
vn 0.5691 0.6968 0.4366
vn 0.9831 -0.0275 0.1809
vn 0.3788 0.9110 -0.1633
vn 0.9977 0.0455 -0.0498
vn -0.0272 0.4251 -0.9047
vn -0.4287 0.4048 -0.8077
vn 0.5197 0.5258 -0.6734
vn 0.6938 0.3883 -0.6065
vn 0.2697 0.4259 -0.8637
vn 0.8751 0.3206 -0.3626
vn -0.5723 0.1623 -0.8039
vn 0.8963 0.3177 -0.3093
vn 0.9338 0.3092 -0.1801
vn -0.6393 -0.2740 -0.7185
vn -0.6702 -0.3090 -0.6748
vn -0.7125 -0.3430 -0.6122
vn 0.9515 0.2956 -0.0851
vn 0.9676 0.2383 -0.0830
vn 0.9616 0.2582 -0.0934
vn 0.2038 0.7225 0.6607
vn 0.4451 0.8181 0.3641
vn 0.6458 0.2003 0.7367
vn 0.1172 0.9091 0.3998
vn 0.0130 0.8734 0.4868
vn -0.3260 -0.5095 -0.7964
vn 0.5381 0.0203 0.8426
vn -0.0663 0.9975 -0.0235
vn -0.3052 -0.7935 -0.5264
vn -0.3909 -0.7840 -0.4822
vn -0.3120 -0.8491 -0.4262
vn 0.5211 0.7529 -0.4020
vn 0.6117 0.6294 -0.4793
vn 0.5133 0.7217 -0.4644
vn 0.3510 0.9071 -0.2321
vn 0.3874 0.5051 -0.7713
vn 0.6125 0.6851 -0.3943
vn 0.7557 0.4648 -0.4614
vn 0.4123 0.8392 -0.3545
vn 0.8451 0.2897 -0.4492
vn 0.8251 0.2875 -0.4864
vn 0.6678 0.4559 -0.5883
vn 0.7257 0.4690 -0.5034
vn -0.1713 0.1369 -0.9757
vn 0.8128 0.4310 -0.3920
vn 0.5857 0.4210 -0.6927
vn -0.0612 0.5941 -0.8021
vn -0.2284 0.3311 -0.9155
vn 0.2922 0.2095 -0.9331
vn -0.0179 0.4844 -0.8746
vn -0.2801 0.1993 -0.9390
vn -0.4302 0.0829 -0.8989
vn 0.8166 -0.4337 -0.3808
vn 0.8967 -0.0975 -0.4317
vn 0.6574 0.6238 -0.4228
vn -0.3921 0.9104 -0.1318
vn 0.0167 0.9717 -0.2357
vn 0.9036 0.3663 0.2222
vn 0.8026 0.0245 0.5960
vn 0.6948 -0.7178 0.0454
vn 0.1301 -0.9824 0.1341
vn 0.1701 -0.9692 0.1779
vn 0.1555 -0.9735 0.1675
vn 0.2706 -0.9334 0.2358
vn 0.5790 -0.7142 0.3932
vn 0.8504 -0.2376 0.4695
vn 0.8941 0.1198 0.4316
vn 0.8864 0.2545 0.3867
vn 0.8858 0.2138 0.4120
vn 0.8671 0.0118 0.4980
vn 0.9972 0.0368 -0.0649
vn 0.9979 -0.0573 -0.0294
vn 0.9921 -0.1112 0.0583
vn 0.9283 -0.3048 0.2131
vn 0.8928 -0.3575 0.2741
vn 0.8254 -0.4213 0.3758
vn 0.7277 -0.4709 0.4987
vn 0.5500 -0.4911 0.6755
vn 0.4457 -0.6037 0.6610
vn 0.2543 -0.8328 0.4918
vn 0.1255 -0.8984 0.4208
vn 0.1394 -0.8955 0.4227
vn 0.1721 -0.8836 0.4355
vn 0.2336 -0.8708 0.4325
vn 0.3403 -0.8417 0.4192
vn 0.3732 -0.8311 0.4123
vn 0.2723 -0.8400 0.4693
vn 0.2094 -0.9138 0.3481
vn 0.3300 -0.7516 0.5712
vn 0.8739 0.0167 0.4859
vn 0.8803 -0.0175 0.4741
vn 0.8662 -0.0600 0.4960
vn 0.8728 -0.1222 0.4725
vn 0.8785 0.0267 0.4769
vn 0.8608 -0.1366 0.4904
vn 0.5195 -0.6959 0.4958
vn 0.9537 -0.0252 0.2996
vn 0.6502 0.4156 0.6360
vn -0.5449 0.8343 -0.0836
vn -0.2118 0.9618 -0.1735
vn 0.1250 0.9631 0.2382
vn -0.5864 0.1397 -0.7979
vn 0.8570 0.1350 0.4973
vn 0.2271 -0.9714 0.0701
vn 0.2736 -0.9609 0.0424
vn 0.6054 0.4350 0.6665
vn 0.6739 -0.4884 0.5543
vn 0.3221 -0.9302 0.1759
vn 0.6878 -0.5656 0.4551
vn 0.8707 -0.2169 0.4413
vn 0.9359 0.1075 0.3355
vn 0.9293 0.1473 0.3387
vn 0.8606 -0.0776 0.5034
vn 0.7997 -0.1832 0.5717
vn 0.8173 -0.1017 0.5672
vn 0.8094 -0.0476 0.5853
vn 0.8140 -0.0650 0.5772
vn 0.8097 -0.0831 0.5809
vn 0.7922 -0.2039 0.5752
vn 0.7912 -0.2157 0.5722
vn 0.8284 -0.0465 0.5583
vn 0.7356 -0.0076 0.6774
vn 0.8836 0.2117 0.4176
vn 0.9427 0.0690 0.3263
vn 0.8549 -0.0385 0.5173
vn 0.6306 -0.4219 0.6515
vn 0.8100 -0.0940 0.5788
vn 0.8286 -0.0461 0.5579
vn 0.8069 -0.0072 0.5907
vn 0.7864 0.0832 0.6121
vn 0.7848 0.1265 0.6067
vn 0.7731 0.1199 0.6229
vn 0.7626 0.0083 0.6468
vn 0.8061 0.2204 0.5492
vn 0.1333 -0.0476 0.9899
vn 0.5936 -0.2651 0.7598
vn 0.3276 0.4135 0.8495
vn -0.7593 0.5945 0.2645
vn 0.7695 -0.0889 0.6324
vn 0.8382 -0.0113 0.5453
vn 0.8049 -0.0273 0.5928
vn 0.7274 0.0054 0.6862
vn 0.7278 -0.0529 0.6837
vn 0.7024 -0.0605 0.7092
vn 0.7412 -0.0618 0.6685
vn 0.7618 -0.0635 0.6447
vn 0.7871 -0.0738 0.6123
vn 0.8385 -0.0998 0.5357
vn 0.7279 0.0495 0.6838
vn 0.8593 -0.5049 0.0818
vn 0.8188 0.1922 0.5409
vn 0.2942 0.9518 0.0870
vn -0.4109 0.9114 -0.0235
vn 0.9115 0.4111 -0.0127
vn 0.5876 -0.7740 0.2359
vn 0.9498 -0.0617 0.3067
vn 0.5782 -0.1185 0.8072
vn 0.5881 0.4094 0.6975
vn 0.6267 0.1619 0.7623
vn 0.6019 0.0203 0.7983
vn 0.6045 0.0051 0.7966
vn 0.6225 0.1773 0.7623
vn 0.6444 0.0949 0.7588
vn 0.6618 0.1324 0.7379
vn 0.7978 0.0551 0.6004
vn 0.8516 -0.1892 0.4889
vn 0.8603 -0.1467 0.4883
vn 0.8669 -0.1223 0.4832
vn 0.8691 -0.1168 0.4807
vn 0.9908 -0.0358 0.1305
vn 0.8842 -0.1021 0.4559
vn 0.9294 -0.0707 0.3623
vn 0.9986 -0.0485 0.0234
vn 0.7251 0.0594 0.6861
vn 0.8385 0.0951 0.5366
vn 0.5918 0.5517 0.5876
vn -0.8554 0.3592 -0.3731
vn -0.0244 -0.9984 -0.0507
vn 0.6415 0.4585 0.6150
vn 0.5812 0.3768 0.7213
vn -0.0602 0.8222 -0.5660
vn -0.4508 0.7991 -0.3978
vn -0.3927 0.2589 -0.8825
vn -0.0022 0.9280 -0.3726
vn 0.6326 0.3522 0.6898
vn 0.8267 -0.1556 0.5408
vn 0.7217 -0.3470 0.5990
vn 0.7003 -0.4042 0.5885
vn 0.3007 -0.9438 0.1370
vn 0.5644 0.4346 0.7018
vn 0.4910 0.4064 0.7705
vn 0.6667 -0.1398 0.7321
vn 0.5591 0.5250 0.6418
vn 0.4130 0.2673 0.8706
vn 0.5806 0.4328 0.6896
vn 0.5291 0.4998 0.6857
vn 0.2675 0.3876 0.8822
vn 0.8345 0.4570 0.3079
vn 0.7939 0.4664 0.3901
vn 0.8554 0.4486 0.2590
vn 0.1487 0.7924 -0.5915
vn 0.1784 0.1298 0.9754
vn 0.3416 0.1947 0.9194
vn 0.3324 0.4994 0.8001
vn 0.2872 0.6093 0.7391
vn 0.5790 0.0792 -0.8115
vn 0.6266 0.0911 -0.7740
vn 0.5908 0.0747 -0.8034
vn 0.4256 0.0070 -0.9049
vn 0.3871 -0.0172 -0.9219
vn 0.4620 0.0167 -0.8867
vn 0.4660 0.0342 -0.8841
vn -0.7787 -0.3731 -0.5044
vn -0.3196 -0.5150 -0.7954
vn -0.8377 -0.3896 -0.3827
vn -0.7861 -0.4812 -0.3880
vn 0.7064 0.4010 -0.5832
vn 0.6130 0.4244 -0.6664
vn 0.6997 0.3931 -0.5966
vn 0.5935 0.5843 -0.5535
vn 0.1676 -0.2040 -0.9645
vn 0.8349 0.5211 0.1775
vn 0.5380 0.3029 -0.7866
vn 0.7664 0.2422 0.5950
vn 0.5589 0.1911 -0.8069
vn 0.5577 0.3556 -0.7500
vn 0.5480 0.3732 -0.7486
vn 0.4856 0.4617 -0.7423
vn 0.4023 0.5562 -0.7272
vn 0.3795 0.5770 -0.7232
vn 0.3843 0.5741 -0.7230
vn 0.5382 0.7421 -0.3995
vn 0.2920 0.8886 0.3538
vn 0.6243 0.6832 -0.3789
vn -0.1487 0.8467 0.5109
vn -0.3021 0.9193 0.2524
vn 0.5269 0.7083 0.4697
vn 0.0291 0.9559 0.2921
vn -0.7684 -0.2421 0.5924
vn 0.1763 -0.1157 0.9775
vn 0.7249 -0.4691 0.5045
vn -0.1624 -0.9820 0.0966
vn 0.1528 0.6882 0.7093
vn 0.8459 0.0341 0.5323
vn -0.4098 0.8266 0.3858
vn -0.1741 0.2681 0.9475
vn 0.9349 0.2513 -0.2507
vn 0.1367 0.3559 0.9245
vn -0.2947 0.6657 0.6856
vn 0.3854 0.6943 0.6078
vn 0.3859 0.7358 0.5565
vn 0.2394 0.9678 0.0777
vn -0.4619 0.8736 -0.1529
vn 0.5929 0.5276 0.6084
vn 0.4156 0.8393 0.3506
vn 0.5089 0.6530 0.5609
vn 0.5788 0.6125 0.5384
vn 0.6068 0.4031 0.6851
vn -0.8006 0.2884 0.5253
vn -0.2456 0.9578 -0.1493
vn 0.2067 -0.8787 0.4302
vn -0.4647 0.6633 -0.5866
vn 0.6753 0.7141 0.1845
vn 0.0430 0.9933 -0.1071
vn 0.2048 -0.9433 0.2611
vn -0.0943 0.1027 0.9902
vn -0.0333 0.9798 0.1974
vn 0.3099 0.8650 0.3946
vn 0.6867 0.2876 0.6676
vn -0.0782 -0.9965 -0.0282
vn -0.7434 0.2080 -0.6357
vn -0.4260 0.8214 -0.3794
vn 0.3524 0.5841 0.7312
vn 0.1895 0.9360 0.2966
vn -0.7922 0.4188 0.4439
vn -0.1311 -0.3340 0.9334
vn -0.9872 0.0423 0.1537
vn -0.7696 0.5351 0.3484
vn -0.7321 0.6387 0.2369
vn -0.4850 0.4920 0.7230
vn -0.9856 -0.1207 0.1181
vn -0.6339 0.5531 0.5406
vn -0.7708 0.0190 0.6369
vn -0.6323 -0.0695 0.7716
vn -0.2261 -0.5215 0.8228
vn -0.7641 0.5318 0.3651
vn 0.2594 -0.6205 0.7400
vn -0.6853 0.2830 0.6710
vn -0.5432 0.2833 0.7904
vn -0.6726 0.0730 0.7364
vn -0.7216 -0.4681 0.5101
vn -0.8727 0.4721 -0.1249
vn -0.9056 0.3333 -0.2623
vn -0.4968 0.5388 0.6804
vn -0.8954 0.0795 0.4381
vn 0.2352 -0.7834 0.5753
vn -0.4020 0.2863 0.8698
vn -0.1298 -0.9420 0.3094
vn -0.5136 -0.6964 0.5012
vn -0.4951 -0.7335 0.4657
vn -0.5846 -0.4228 0.6924
vn -0.3718 -0.7308 0.5724
vn -0.9672 -0.2063 0.1482
vn -0.4553 -0.0969 0.8851
vn 0.0583 -0.2748 0.9597
vn 0.0589 0.0217 0.9980
vn -0.0925 -0.3605 0.9282
vn -0.2855 0.6760 0.6793
vn -0.1941 -0.2359 0.9522
vn -0.1323 -0.6825 0.7188
vn 0.0557 -0.9155 0.3986
vn -0.0980 0.0670 0.9929
vn -0.2340 -0.0403 0.9714
vn -0.4022 0.0192 0.9154
vn -0.6869 0.4441 0.5752
vn -0.4741 0.6965 0.5386
vn -0.1942 0.7235 -0.6624
vn -0.7885 0.2391 0.5667
vn -0.7486 0.4893 0.4474
vn -0.7458 0.6222 -0.2379
vn -0.3888 0.9134 -0.1204
vn -0.6931 0.4118 0.5917
vn -0.6454 -0.1055 -0.7565
vn -0.6444 -0.0707 -0.7614
vn -0.6237 -0.0364 -0.7808
vn 0.4392 0.5920 0.6758
vn 0.4039 -0.3761 0.8339
vn 0.3670 -0.0389 0.9294
vn 0.1568 0.1985 0.9675
vn 0.1553 0.1937 0.9687
vn -0.9840 0.0268 -0.1763
vn -0.9986 0.0497 -0.0162
vn -0.9568 0.1327 0.2586
vn -0.9832 -0.1233 0.1346
vn -0.8807 0.2424 -0.4070
vn -0.6892 0.6116 -0.3885
vn -0.5660 0.8199 -0.0857
vn 0.6632 0.2780 0.6949
vn 0.0578 0.0375 -0.9976
vn -0.7992 0.2492 -0.5470
vn -0.8869 0.1621 -0.4326
vn -0.9495 0.1213 -0.2895
vn -0.3785 0.7369 -0.5601
vn -0.1121 0.9931 -0.0345
vn -0.1392 0.9126 0.3844
vn -0.3379 0.0572 -0.9394
vn -0.6070 -0.0365 -0.7939
vn -0.6718 0.0264 -0.7403
vn -0.6533 -0.0349 -0.7563
vn 0.2544 0.1148 0.9603
vn -0.8588 -0.4222 0.2902
vn 0.3121 0.1479 0.9384
vn 0.2270 0.1716 0.9586
vn -0.8596 -0.1848 -0.4764
vn 0.3419 0.7351 -0.5855
vn -0.5117 0.8588 0.0275
vn -0.0021 0.7489 -0.6627
vn 0.0788 0.8873 0.4545
vn -0.5693 0.2647 -0.7783
vn 0.0201 0.8228 0.5679
vn 0.3785 0.8869 0.2647
vn 0.3377 0.4007 -0.8517
vn -0.4123 0.9091 0.0594
vn 0.0086 0.7356 -0.6773
vn -0.5796 0.7359 0.3501
vn -0.0526 0.9651 -0.2566
vn -0.8353 0.2327 -0.4981
vn 0.1613 -0.9665 -0.1997
vn -0.0521 0.4202 -0.9060
vn -0.4136 -0.8137 0.4084
vn 0.6999 0.6209 0.3530
vn -0.2895 0.9219 0.2573
vn 0.5150 0.8480 0.1253
vn -0.6209 0.3619 0.6954
vn -0.9640 0.2297 0.1343
vn 0.4290 0.8253 -0.3672
vn 0.9937 -0.0211 0.1100
vn 0.8620 -0.2112 0.4609
vn 0.8571 -0.2448 0.4532
vn 0.8407 -0.3205 0.4365
vn 0.8278 -0.3652 0.4258
vn 0.8619 0.0683 -0.5025
vn 0.1088 0.1775 0.9781
vn -0.8899 -0.1706 -0.4231
vn -0.7384 0.0175 -0.6741
vn -0.8202 -0.0345 -0.5711
vn -0.9435 -0.1955 -0.2675
vn -0.8681 -0.1334 -0.4782
vn -0.7804 -0.0530 -0.6230
vn 0.8783 -0.0705 -0.4728
vn 0.8903 -0.0731 -0.4495
vn 0.4105 0.6674 0.6214
vn 0.5113 0.2950 -0.8072
vn 0.2561 0.2204 -0.9412
vn 0.8528 -0.2966 0.4299
vn 0.5052 0.3596 0.7845
vn 0.1114 0.7795 0.6164
vn 0.5619 -0.4054 0.7210
vn 0.1272 -0.7388 -0.6619
vn 0.3444 0.9233 -0.1701
vn 0.1526 -0.2610 0.9532
vn -0.1934 0.6046 0.7727
vn -0.2331 0.9446 0.2312
vn -0.1277 0.1868 -0.9741
vn -0.0848 0.9345 -0.3458
vn 0.7541 -0.1035 -0.6485
vn -0.1053 0.7782 0.6191
vn -0.1162 0.9913 0.0625
vn 0.3106 0.1926 0.9308
vn 0.8702 0.4237 -0.2512
vn 0.2053 0.3273 0.9223
vn 0.2832 0.8304 0.4798
vn 0.8419 0.1081 0.5287
vn 0.4913 0.2587 0.8317
vn -0.0660 0.8179 0.5716
vn -0.4794 0.3132 -0.8198
vn -0.5835 0.3140 -0.7490
vn -0.8182 0.1088 -0.5646
vn -0.7816 0.2678 -0.5633
vn -0.8190 -0.1097 -0.5633
vn 0.1662 0.8884 0.4280
vn -0.3274 0.9367 0.1239
vn 0.4829 0.0148 0.8756
vn -0.3043 0.0213 0.9523
vn 0.1099 -0.4410 0.8907
vn -0.5308 0.2903 0.7962
vn 0.6035 -0.7971 0.0224
vn 0.7218 -0.6794 -0.1319
vn 0.2208 -0.9622 0.1595
vn 0.7779 -0.5469 -0.3096
vn 0.7017 -0.6899 0.1779
vn 0.7305 -0.0734 -0.6789
vn 0.8641 -0.0088 -0.5033
vn 0.3733 -0.8643 0.3372
vn 0.6026 -0.6975 0.3879
vn 0.4353 -0.8119 0.3891
vn 0.1967 -0.0922 0.9761
vn -0.1870 -0.9719 0.1430
vn 0.1063 0.5545 0.8254
vn -0.3745 -0.3420 0.8618
vn -0.3920 -0.6910 0.6073
vn 0.3091 0.9085 -0.2811
vn 0.1644 0.9845 -0.0609
vn 0.4691 0.3539 0.8091
vn -0.8739 0.2125 0.4373
vn 0.5678 -0.8101 0.1460
vn 0.3103 -0.0439 0.9496
vn 0.1061 0.3552 0.9287
vn 0.0349 0.4910 0.8705
vn 0.4771 0.0856 0.8746
vn 0.2382 -0.8747 -0.4222
vn 0.6308 -0.1431 -0.7627
vn -0.1380 0.9616 -0.2373
vn 0.4549 0.4722 0.7550
vn 0.1927 0.7344 0.6508
vn 0.2863 0.8133 0.5065
vn 0.8045 0.5618 0.1926
vn 0.9247 -0.0772 -0.3728
vn 0.9009 0.4335 -0.0212
vn 0.9819 0.1318 0.1363
vn 0.7054 0.6236 0.3370
vn 0.9231 0.3844 0.0090
vn 0.3082 0.6611 0.6841
vn -0.0886 -0.5009 0.8610
vn 0.4051 0.5618 0.7213
vn -0.7445 -0.1824 -0.6422
vn 0.6892 0.5249 0.4995
vn -0.3501 0.6651 0.6596
vn 0.5629 0.0474 0.8252
vn 0.6843 0.6768 0.2716
vn 0.6201 0.0541 -0.7827
vn 0.5920 0.0599 -0.8037
vn -0.6834 0.6303 0.3683
vn -0.3534 0.6397 0.6826
vn 0.7978 0.3131 -0.5153
vn 0.3292 -0.9442 0.0042
vn 0.3310 0.7715 0.5433
vn 0.4063 -0.9131 -0.0354
vn 0.8662 -0.0625 -0.4957
vn 0.5968 -0.6863 -0.4157
vn 0.5433 0.0695 -0.8367
vn 0.5369 0.0712 -0.8406
vn 0.1400 0.9079 0.3952
vn -0.0912 0.5437 -0.8343
f 28/28/28 15/15/15 2793/2793/2793
f 28/28/28 29/29/29 15/15/15
f 2/2/2 2757/2757/2757 5/5/5
f 5/5/5 2757/2757/2757 8/8/8
f 8/8/8 9/9/9 6/6/6
f 6/6/6 5/5/5 8/8/8
f 2757/2757/2757 30/30/30 8/8/8
f 32/32/32 12/12/12 8/8/8
f 8/8/8 589/589/589 32/32/32
f 6/6/6 9/9/9 10/10/10
f 11/11/11 10/10/10 12/12/12
f 9/9/9 12/12/12 10/10/10
f 12/12/12 9/9/9 8/8/8
f 11/11/11 12/12/12 13/13/13
f 21/21/21 13/13/13 12/12/12
f 589/589/589 8/8/8 30/30/30
f 1316/1316/1316 2752/2752/2752 15/15/15
f 15/15/15 29/29/29 16/16/16
f 15/15/15 16/16/16 1316/1316/1316
f 16/16/16 29/29/29 17/17/17
f 10/10/10 11/11/11 17/17/17
f 17/17/17 11/11/11 18/18/18
f 18/18/18 11/11/11 13/13/13
f 17/17/17 18/18/18 16/16/16
f 18/18/18 1316/1316/1316 16/16/16
f 22/22/22 18/18/18 13/13/13
f 13/13/13 21/21/21 22/22/22
f 19/19/19 22/22/22 20/20/20
f 18/18/18 22/22/22 19/19/19
f 22/22/22 25/25/25 20/20/20
f 25/25/25 22/22/22 599/599/599
f 19/19/19 1316/1316/1316 18/18/18
f 19/19/19 20/20/20 23/23/23
f 23/23/23 25/25/25 24/24/24
f 20/20/20 25/25/25 23/23/23
f 25/25/25 14/14/14 24/24/24
f 24/24/24 602/602/602 2755/2755/2755
f 28/28/28 2793/2793/2793 2756/2756/2756
f 2758/2758/2758 28/28/28 2760/2760/2760
f 2758/2758/2758 29/29/29 28/28/28
f 2761/2761/2761 5/5/5 31/31/31
f 5/5/5 6/6/6 31/31/31
f 30/30/30 2757/2757/2757 7/7/7
f 432/432/432 30/30/30 7/7/7
f 7/7/7 3/3/3 432/432/432
f 31/31/31 6/6/6 10/10/10
f 31/31/31 10/10/10 17/17/17
f 31/31/31 17/17/17 2758/2758/2758
f 2758/2758/2758 17/17/17 29/29/29
f 12/12/12 32/32/32 21/21/21
f 1/1/1 21/21/21 32/32/32
f 34/34/34 85/85/85 33/33/33
f 35/35/35 85/85/85 34/34/34
f 36/36/36 245/245/245 37/37/37
f 35/35/35 38/38/38 85/85/85
f 38/38/38 39/39/39 85/85/85
f 39/39/39 40/40/40 85/85/85
f 40/40/40 41/41/41 85/85/85
f 40/40/40 42/42/42 41/41/41
f 43/43/43 85/85/85 41/41/41
f 44/44/44 37/37/37 45/45/45
f 37/37/37 245/245/245 45/45/45
f 44/44/44 45/45/45 46/46/46
f 45/45/45 245/245/245 47/47/47
f 245/245/245 48/48/48 47/47/47
f 245/245/245 49/49/49 48/48/48
f 43/43/43 50/50/50 85/85/85
f 50/50/50 51/51/51 85/85/85
f 51/51/51 52/52/52 85/85/85
f 52/52/52 2764/2764/2764 85/85/85
f 52/52/52 53/53/53 2764/2764/2764
f 53/53/53 73/73/73 2764/2764/2764
f 85/85/85 2764/2764/2764 147/147/147
f 147/147/147 61/61/61 85/85/85
f 56/56/56 57/57/57 54/54/54
f 56/56/56 58/58/58 57/57/57
f 49/49/49 59/59/59 55/55/55
f 59/59/59 49/49/49 245/245/245
f 245/245/245 61/61/61 59/59/59
f 61/61/61 56/56/56 59/59/59
f 56/56/56 61/61/61 58/58/58
f 58/58/58 60/60/60 57/57/57
f 77/77/77 263/263/263 61/61/61
f 63/63/63 64/64/64 297/297/297
f 61/61/61 62/62/62 63/63/63
f 297/297/297 64/64/64 65/65/65
f 66/66/66 62/62/62 61/61/61
f 61/61/61 67/67/67 66/66/66
f 68/68/68 67/67/67 61/61/61
f 69/69/69 71/71/71 70/70/70
f 299/299/299 70/70/70 71/71/71
f 299/299/299 71/71/71 72/72/72
f 72/72/72 81/81/81 299/299/299
f 2764/2764/2764 73/73/73 74/74/74
f 2764/2764/2764 74/74/74 75/75/75
f 77/77/77 61/61/61 147/147/147
f 61/61/61 263/263/263 68/68/68
f 68/68/68 263/263/263 80/80/80
f 79/79/79 80/80/80 263/263/263
f 79/79/79 263/263/263 81/81/81
f 263/263/263 299/299/299 81/81/81
f 77/77/77 2751/2751/2751 311/311/311
f 77/77/77 78/78/78 2751/2751/2751
f 86/86/86 100/100/100 87/87/87
f 86/86/86 88/88/88 100/100/100
f 89/89/89 100/100/100 88/88/88
f 89/89/89 90/90/90 100/100/100
f 90/90/90 91/91/91 100/100/100
f 91/91/91 92/92/92 100/100/100
f 111/111/111 2795/2795/2795 100/100/100
f 92/92/92 93/93/93 100/100/100
f 93/93/93 94/94/94 100/100/100
f 94/94/94 95/95/95 100/100/100
f 95/95/95 96/96/96 100/100/100
f 97/97/97 98/98/98 96/96/96
f 96/96/96 98/98/98 100/100/100
f 98/98/98 99/99/99 100/100/100
f 99/99/99 101/101/101 100/100/100
f 102/102/102 111/111/111 101/101/101
f 101/101/101 111/111/111 100/100/100
f 102/102/102 103/103/103 111/111/111
f 103/103/103 104/104/104 111/111/111
f 104/104/104 105/105/105 111/111/111
f 105/105/105 106/106/106 111/111/111
f 107/107/107 111/111/111 106/106/106
f 107/107/107 108/108/108 111/111/111
f 109/109/109 111/111/111 108/108/108
f 110/110/110 111/111/111 109/109/109
f 112/112/112 111/111/111 113/113/113
f 111/111/111 110/110/110 113/113/113
f 112/112/112 122/122/122 111/111/111
f 114/114/114 122/122/122 115/115/115
f 122/122/122 112/112/112 115/115/115
f 114/114/114 116/116/116 122/122/122
f 117/117/117 122/122/122 116/116/116
f 122/122/122 117/117/117 118/118/118
f 118/118/118 119/119/119 122/122/122
f 119/119/119 120/120/120 122/122/122
f 121/121/121 122/122/122 120/120/120
f 111/111/111 2768/2768/2768 2795/2795/2795
f 2768/2768/2768 111/111/111 122/122/122
f 122/122/122 123/123/123 2768/2768/2768
f 2768/2768/2768 124/124/124 2769/2769/2769
f 2768/2768/2768 123/123/123 124/124/124
f 149/149/149 148/148/148 124/124/124
f 124/124/124 123/123/123 149/149/149
f 145/145/145 149/149/149 123/123/123
f 149/149/149 145/145/145 143/143/143
f 121/121/121 125/125/125 122/122/122
f 126/126/126 122/122/122 125/125/125
f 126/126/126 127/127/127 122/122/122
f 128/128/128 122/122/122 127/127/127
f 128/128/128 144/144/144 122/122/122
f 128/128/128 129/129/129 144/144/144
f 129/129/129 130/130/130 144/144/144
f 131/131/131 144/144/144 130/130/130
f 131/131/131 134/134/134 144/144/144
f 144/144/144 145/145/145 122/122/122
f 134/134/134 133/133/133 144/144/144
f 135/135/135 136/136/136 144/144/144
f 133/133/133 135/135/135 144/144/144
f 137/137/137 144/144/144 136/136/136
f 138/138/138 132/132/132 142/142/142
f 139/139/139 140/140/140 138/138/138
f 140/140/140 132/132/132 138/138/138
f 150/150/150 132/132/132 140/140/140
f 137/137/137 141/141/141 144/144/144
f 141/141/141 132/132/132 144/144/144
f 142/142/142 132/132/132 141/141/141
f 123/123/123 122/122/122 145/145/145
f 132/132/132 143/143/143 144/144/144
f 145/145/145 144/144/144 143/143/143
f 124/124/124 148/148/148 146/146/146
f 146/146/146 2769/2769/2769 124/124/124
f 148/148/148 166/166/166 146/146/146
f 166/166/166 2808/2808/2808 146/146/146
f 166/166/166 167/167/167 2808/2808/2808
f 2808/2808/2808 167/167/167 168/168/168
f 168/168/168 382/382/382 888/888/888
f 2764/2764/2764 77/77/77 147/147/147
f 143/143/143 165/165/165 149/149/149
f 151/151/151 132/132/132 150/150/150
f 151/151/151 152/152/152 132/132/132
f 152/152/152 153/153/153 132/132/132
f 154/154/154 155/155/155 153/153/153
f 155/155/155 132/132/132 153/153/153
f 184/184/184 132/132/132 155/155/155
f 155/155/155 156/156/156 184/184/184
f 156/156/156 157/157/157 184/184/184
f 157/157/157 158/158/158 184/184/184
f 158/158/158 159/159/159 184/184/184
f 159/159/159 160/160/160 184/184/184
f 161/161/161 162/162/162 163/163/163
f 161/161/161 164/164/164 162/162/162
f 143/143/143 132/132/132 165/165/165
f 165/165/165 132/132/132 172/172/172
f 148/148/148 149/149/149 166/166/166
f 166/166/166 149/149/149 169/169/169
f 171/171/171 169/169/169 149/149/149
f 149/149/149 165/165/165 171/171/171
f 167/167/167 166/166/166 170/170/170
f 170/170/170 166/166/166 169/169/169
f 168/168/168 167/167/167 170/170/170
f 165/165/165 172/172/172 171/171/171
f 174/174/174 305/305/305 300/300/300
f 174/174/174 300/300/300 173/173/173
f 171/171/171 170/170/170 169/169/169
f 171/171/171 176/176/176 170/170/170
f 176/176/176 177/177/177 170/170/170
f 171/171/171 175/175/175 176/176/176
f 178/178/178 177/177/177 175/175/175
f 175/175/175 177/177/177 176/176/176
f 177/177/177 178/178/178 385/385/385
f 180/180/180 174/174/174 173/173/173
f 173/173/173 309/309/309 183/183/183
f 183/183/183 179/179/179 173/173/173
f 174/174/174 180/180/180 305/305/305
f 300/300/300 309/309/309 173/173/173
f 183/183/183 181/181/181 180/180/180
f 173/173/173 179/179/179 180/180/180
f 179/179/179 183/183/183 180/180/180
f 182/182/182 171/171/171 172/172/172
f 171/171/171 182/182/182 175/175/175
f 175/175/175 182/182/182 178/178/178
f 183/183/183 309/309/309 182/182/182
f 309/309/309 308/308/308 182/182/182
f 185/185/185 184/184/184 186/186/186
f 184/184/184 160/160/160 186/186/186
f 185/185/185 187/187/187 184/184/184
f 187/187/187 188/188/188 184/184/184
f 188/188/188 189/189/189 184/184/184
f 184/184/184 162/162/162 132/132/132
f 189/189/189 190/190/190 184/184/184
f 190/190/190 162/162/162 184/184/184
f 162/162/162 190/190/190 163/163/163
f 191/191/191 162/162/162 164/164/164
f 191/191/191 192/192/192 162/162/162
f 192/192/192 200/200/200 162/162/162
f 162/162/162 200/200/200 219/219/219
f 162/162/162 172/172/172 132/132/132
f 162/162/162 219/219/219 172/172/172
f 192/192/192 193/193/193 200/200/200
f 193/193/193 194/194/194 200/200/200
f 194/194/194 195/195/195 200/200/200
f 196/196/196 200/200/200 195/195/195
f 196/196/196 197/197/197 200/200/200
f 197/197/197 198/198/198 200/200/200
f 198/198/198 199/199/199 200/200/200
f 219/219/219 200/200/200 201/201/201
f 199/199/199 202/202/202 200/200/200
f 202/202/202 218/218/218 200/200/200
f 203/203/203 218/218/218 202/202/202
f 204/204/204 218/218/218 203/203/203
f 204/204/204 205/205/205 218/218/218
f 205/205/205 206/206/206 218/218/218
f 200/200/200 218/218/218 201/201/201
f 207/207/207 218/218/218 206/206/206
f 207/207/207 208/208/208 218/218/218
f 209/209/209 218/218/218 208/208/208
f 217/217/217 209/209/209 210/210/210
f 210/210/210 211/211/211 217/217/217
f 211/211/211 212/212/212 217/217/217
f 217/217/217 218/218/218 209/209/209
f 212/212/212 213/213/213 217/217/217
f 214/214/214 217/217/217 213/213/213
f 214/214/214 216/216/216 217/217/217
f 216/216/216 215/215/215 217/217/217
f 201/201/201 220/220/220 219/219/219
f 218/218/218 221/221/221 201/201/201
f 221/221/221 220/220/220 201/201/201
f 221/221/221 218/218/218 377/377/377
f 219/219/219 220/220/220 172/172/172
f 182/182/182 172/172/172 220/220/220
f 220/220/220 181/181/181 183/183/183
f 221/221/221 379/379/379 220/220/220
f 181/181/181 220/220/220 379/379/379
f 220/220/220 183/183/183 182/182/182
f 302/302/302 262/262/262 312/312/312
f 223/223/223 289/289/289 222/222/222
f 223/223/223 224/224/224 289/289/289
f 224/224/224 225/225/225 289/289/289
f 225/225/225 226/226/226 289/289/289
f 226/226/226 227/227/227 289/289/289
f 180/180/180 181/181/181 307/307/307
f 307/307/307 305/305/305 180/180/180
f 229/229/229 259/259/259 228/228/228
f 230/230/230 229/229/229 231/231/231
f 232/232/232 240/240/240 233/233/233
f 85/85/85 245/245/245 240/240/240
f 240/240/240 245/245/245 234/234/234
f 234/234/234 245/245/245 235/235/235
f 234/234/234 233/233/233 240/240/240
f 236/236/236 237/237/237 245/245/245
f 237/237/237 235/235/235 245/245/245
f 232/232/232 238/238/238 240/240/240
f 239/239/239 241/241/241 238/238/238
f 241/241/241 242/242/242 238/238/238
f 242/242/242 240/240/240 238/238/238
f 242/242/242 243/243/243 240/240/240
f 240/240/240 33/33/33 85/85/85
f 33/33/33 240/240/240 243/243/243
f 236/236/236 245/245/245 244/244/244
f 244/244/244 245/245/245 36/36/36
f 85/85/85 61/61/61 245/245/245
f 230/230/230 246/246/246 229/229/229
f 246/246/246 259/259/259 229/229/229
f 247/247/247 248/248/248 259/259/259
f 259/259/259 251/251/251 250/250/250
f 251/251/251 252/252/252 250/250/250
f 250/250/250 247/247/247 259/259/259
f 251/251/251 259/259/259 249/249/249
f 254/254/254 255/255/255 253/253/253
f 255/255/255 58/58/58 253/253/253
f 255/255/255 256/256/256 58/58/58
f 60/60/60 58/58/58 256/256/256
f 259/259/259 258/258/258 257/257/257
f 259/259/259 248/248/248 258/258/258
f 257/257/257 253/253/253 259/259/259
f 253/253/253 58/58/58 259/259/259
f 259/259/259 58/58/58 297/297/297
f 260/260/260 297/297/297 65/65/65
f 299/299/299 260/260/260 70/70/70
f 312/312/312 261/261/261 310/310/310
f 312/312/312 77/77/77 261/261/261
f 261/261/261 77/77/77 310/310/310
f 312/312/312 262/262/262 77/77/77
f 263/263/263 77/77/77 262/262/262
f 228/228/228 264/264/264 229/229/229
f 231/231/231 229/229/229 265/265/265
f 229/229/229 264/264/264 265/265/265
f 265/265/265 264/264/264 266/266/266
f 268/268/268 264/264/264 269/269/269
f 264/264/264 275/275/275 269/269/269
f 270/270/270 269/269/269 275/275/275
f 227/227/227 271/271/271 289/289/289
f 374/374/374 272/272/272 273/273/273
f 274/274/274 273/273/273 272/272/272
f 286/286/286 273/273/273 274/274/274
f 275/275/275 276/276/276 270/270/270
f 275/275/275 278/278/278 276/276/276
f 276/276/276 278/278/278 277/277/277
f 275/275/275 283/283/283 282/282/282
f 283/283/283 275/275/275 273/273/273
f 275/275/275 279/279/279 278/278/278
f 279/279/279 275/275/275 280/280/280
f 275/275/275 282/282/282 281/281/281
f 275/275/275 281/281/281 280/280/280
f 273/273/273 284/284/284 285/285/285
f 273/273/273 287/287/287 284/284/284
f 286/286/286 287/287/287 273/273/273
f 283/283/283 273/273/273 288/288/288
f 285/285/285 288/288/288 273/273/273
f 275/275/275 296/296/296 273/273/273
f 264/264/264 296/296/296 275/275/275
f 246/246/246 290/290/290 259/259/259
f 290/290/290 267/267/267 259/259/259
f 265/265/265 266/266/266 290/290/290
f 266/266/266 267/267/267 290/290/290
f 266/266/266 264/264/264 267/267/267
f 267/267/267 292/292/292 291/291/291
f 267/267/267 294/294/294 259/259/259
f 259/259/259 294/294/294 249/249/249
f 267/267/267 293/293/293 294/294/294
f 267/267/267 291/291/291 293/293/293
f 295/295/295 292/292/292 267/267/267
f 267/267/267 264/264/264 295/295/295
f 264/264/264 268/268/268 295/295/295
f 259/259/259 264/264/264 228/228/228
f 264/264/264 259/259/259 297/297/297
f 297/297/297 299/299/299 264/264/264
f 264/264/264 299/299/299 296/296/296
f 299/299/299 297/297/297 260/260/260
f 298/298/298 263/263/263 262/262/262
f 298/298/298 381/381/381 296/296/296
f 298/298/298 299/299/299 263/263/263
f 296/296/296 299/299/299 298/298/298
f 308/308/308 301/301/301 178/178/178
f 302/302/302 304/304/304 262/262/262
f 303/303/303 304/304/304 302/302/302
f 310/310/310 304/304/304 303/303/303
f 304/304/304 313/313/313 262/262/262
f 306/306/306 178/178/178 301/301/301
f 178/178/178 2761/2761/2761 177/177/177
f 306/306/306 2761/2761/2761 178/178/178
f 308/308/308 178/178/178 387/387/387
f 177/177/177 2761/2761/2761 178/178/178
f 2761/2761/2761 387/387/387 178/178/178
f 2/2/2 306/306/306 301/301/301
f 308/308/308 313/313/313 301/301/301
f 307/307/307 381/381/381 305/305/305
f 300/300/300 305/305/305 314/314/314
f 314/314/314 309/309/309 300/300/300
f 381/381/381 314/314/314 305/305/305
f 182/182/182 308/308/308 178/178/178
f 313/313/313 308/308/308 309/309/309
f 314/314/314 313/313/313 309/309/309
f 302/302/302 312/312/312 303/303/303
f 312/312/312 310/310/310 303/303/303
f 310/310/310 311/311/311 304/304/304
f 77/77/77 311/311/311 310/310/310
f 304/304/304 2757/2757/2757 313/313/313
f 262/262/262 313/313/313 298/298/298
f 298/298/298 313/313/313 381/381/381
f 381/381/381 313/313/313 314/314/314
f 307/307/307 378/378/378 381/381/381
f 315/315/315 333/333/333 316/316/316
f 316/316/316 333/333/333 317/317/317
f 318/318/318 317/317/317 333/333/333
f 319/319/319 318/318/318 333/333/333
f 320/320/320 329/329/329 321/321/321
f 329/329/329 215/215/215 321/321/321
f 322/322/322 329/329/329 320/320/320
f 215/215/215 329/329/329 217/217/217
f 322/322/322 323/323/323 329/329/329
f 325/325/325 323/323/323 324/324/324
f 323/323/323 325/325/325 329/329/329
f 327/327/327 329/329/329 326/326/326
f 329/329/329 325/325/325 326/326/326
f 328/328/328 329/329/329 327/327/327
f 360/360/360 217/217/217 329/329/329
f 331/331/331 330/330/330 332/332/332
f 328/328/328 331/331/331 329/329/329
f 331/331/331 360/360/360 329/329/329
f 332/332/332 360/360/360 331/331/331
f 217/217/217 360/360/360 218/218/218
f 334/334/334 333/333/333 315/315/315
f 334/334/334 335/335/335 333/333/333
f 336/336/336 289/289/289 337/337/337
f 222/222/222 289/289/289 338/338/338
f 339/339/339 338/338/338 289/289/289
f 339/339/339 289/289/289 340/340/340
f 336/336/336 341/341/341 289/289/289
f 341/341/341 340/340/340 289/289/289
f 335/335/335 337/337/337 289/289/289
f 335/335/335 289/289/289 333/333/333
f 319/319/319 333/333/333 342/342/342
f 333/333/333 343/343/343 342/342/342
f 343/343/343 333/333/333 344/344/344
f 345/345/345 344/344/344 333/333/333
f 348/348/348 347/347/347 375/375/375
f 345/345/345 333/333/333 349/349/349
f 333/333/333 375/375/375 349/349/349
f 350/350/350 349/349/349 375/375/375
f 2770/2770/2770 375/375/375 333/333/333
f 350/350/350 375/375/375 351/351/351
f 352/352/352 351/351/351 375/375/375
f 346/346/346 353/353/353 375/375/375
f 347/347/347 346/346/346 375/375/375
f 352/352/352 375/375/375 353/353/353
f 354/354/354 360/360/360 332/332/332
f 354/354/354 355/355/355 360/360/360
f 356/356/356 360/360/360 355/355/355
f 356/356/356 357/357/357 358/358/358
f 356/356/356 365/365/365 360/360/360
f 356/356/356 358/358/358 365/365/365
f 365/365/365 358/358/358 359/359/359
f 368/368/368 218/218/218 360/360/360
f 359/359/359 361/361/361 365/365/365
f 361/361/361 362/362/362 365/365/365
f 362/362/362 363/363/363 365/365/365
f 363/363/363 368/368/368 365/365/365
f 363/363/363 364/364/364 368/368/368
f 364/364/364 367/367/367 368/368/368
f 367/367/367 366/366/366 368/368/368
f 348/348/348 368/368/368 366/366/366
f 368/368/368 348/348/348 375/375/375
f 365/365/365 368/368/368 360/360/360
f 368/368/368 375/375/375 376/376/376
f 368/368/368 376/376/376 377/377/377
f 377/377/377 218/218/218 368/368/368
f 369/369/369 273/273/273 271/271/271
f 273/273/273 289/289/289 271/271/271
f 370/370/370 273/273/273 369/369/369
f 370/370/370 371/371/371 273/273/273
f 371/371/371 372/372/372 273/273/273
f 374/374/374 273/273/273 373/373/373
f 372/372/372 373/373/373 273/273/273
f 289/289/289 273/273/273 333/333/333
f 333/333/333 273/273/273 296/296/296
f 2770/2770/2770 376/376/376 375/375/375
f 296/296/296 381/381/381 2770/2770/2770
f 376/376/376 2770/2770/2770 378/378/378
f 378/378/378 181/181/181 379/379/379
f 378/378/378 307/307/307 181/181/181
f 221/221/221 377/377/377 379/379/379
f 377/377/377 380/380/380 379/379/379
f 380/380/380 376/376/376 379/379/379
f 376/376/376 380/380/380 377/377/377
f 379/379/379 376/376/376 378/378/378
f 381/381/381 378/378/378 2770/2770/2770
f 170/170/170 384/384/384 168/168/168
f 168/168/168 384/384/384 382/382/382
f 382/382/382 386/386/386 383/383/383
f 382/382/382 384/384/384 386/386/386
f 170/170/170 177/177/177 384/384/384
f 177/177/177 385/385/385 384/384/384
f 384/384/384 385/385/385 386/386/386
f 387/387/387 2761/2761/2761 385/385/385
f 178/178/178 308/308/308 385/385/385
f 308/308/308 387/387/387 385/385/385
f 494/494/494 388/388/388 393/393/393
f 388/388/388 2764/2764/2764 389/389/389
f 394/394/394 494/494/494 390/390/390
f 390/390/390 494/494/494 393/393/393
f 391/391/391 494/494/494 394/394/394
f 494/494/494 391/391/391 395/395/395
f 392/392/392 395/395/395 391/391/391
f 397/397/397 494/494/494 395/395/395
f 494/494/494 397/397/397 396/396/396
f 396/396/396 400/400/400 494/494/494
f 396/396/396 398/398/398 400/400/400
f 398/398/398 399/399/399 400/400/400
f 401/401/401 400/400/400 399/399/399
f 400/400/400 401/401/401 402/402/402
f 400/400/400 402/402/402 403/403/403
f 404/404/404 405/405/405 403/403/403
f 407/407/407 406/406/406 412/412/412
f 406/406/406 408/408/408 412/412/412
f 400/400/400 403/403/403 412/412/412
f 412/412/412 403/403/403 405/405/405
f 412/412/412 405/405/405 407/407/407
f 492/492/492 400/400/400 412/412/412
f 413/413/413 424/424/424 412/412/412
f 408/408/408 410/410/410 412/412/412
f 410/410/410 413/413/413 412/412/412
f 411/411/411 413/413/413 409/409/409
f 409/409/409 413/413/413 410/410/410
f 414/414/414 413/413/413 411/411/411
f 414/414/414 416/416/416 413/413/413
f 416/416/416 415/415/415 417/417/417
f 416/416/416 417/417/417 413/413/413
f 417/417/417 418/418/418 413/413/413
f 419/419/419 420/420/420 413/413/413
f 413/413/413 418/418/418 419/419/419
f 412/412/412 421/421/421 492/492/492
f 421/421/421 424/424/424 422/422/422
f 422/422/422 432/432/432 421/421/421
f 412/412/412 424/424/424 421/421/421
f 413/413/413 423/423/423 424/424/424
f 413/413/413 578/578/578 423/423/423
f 423/423/423 425/425/425 424/424/424
f 424/424/424 425/425/425 422/422/422
f 434/434/434 422/422/422 425/425/425
f 428/428/428 579/579/579 427/427/427
f 579/579/579 430/430/430 429/429/429
f 429/429/429 427/427/427 579/579/579
f 430/430/430 579/579/579 420/420/420
f 579/579/579 413/413/413 420/420/420
f 579/579/579 578/578/578 413/413/413
f 578/578/578 425/425/425 423/423/423
f 431/431/431 425/425/425 578/578/578
f 588/588/588 432/432/432 422/422/422
f 422/422/422 434/434/434 433/433/433
f 433/433/433 434/434/434 425/425/425
f 433/433/433 435/435/435 436/436/436
f 436/436/436 435/435/435 2783/2783/2783
f 436/436/436 2783/2783/2783 1/1/1
f 433/433/433 437/437/437 435/435/435
f 425/425/425 437/437/437 433/433/433
f 425/425/425 431/431/431 437/437/437
f 431/431/431 591/591/591 437/437/437
f 438/438/438 451/451/451 439/439/439
f 440/440/440 451/451/451 441/441/441
f 451/451/451 440/440/440 442/442/442
f 441/441/441 451/451/451 438/438/438
f 444/444/444 451/451/451 445/445/445
f 446/446/446 445/445/445 451/451/451
f 444/444/444 439/439/439 451/451/451
f 447/447/447 451/451/451 442/442/442
f 448/448/448 451/451/451 447/447/447
f 448/448/448 449/449/449 451/451/451
f 449/449/449 450/450/450 451/451/451
f 451/451/451 450/450/450 452/452/452
f 451/451/451 452/452/452 453/453/453
f 454/454/454 451/451/451 453/453/453
f 455/455/455 456/456/456 454/454/454
f 454/454/454 456/456/456 451/451/451
f 456/456/456 457/457/457 451/451/451
f 451/451/451 457/457/457 458/458/458
f 574/574/574 451/451/451 459/459/459
f 451/451/451 458/458/458 459/459/459
f 459/459/459 460/460/460 574/574/574
f 461/461/461 462/462/462 574/574/574
f 463/463/463 490/490/490 465/465/465
f 464/464/464 574/574/574 466/466/466
f 467/467/467 574/574/574 468/468/468
f 574/574/574 469/469/469 468/468/468
f 466/466/466 574/574/574 471/471/471
f 574/574/574 467/467/467 471/471/471
f 574/574/574 470/470/470 469/469/469
f 574/574/574 473/473/473 472/472/472
f 574/574/574 472/472/472 475/475/475
f 574/574/574 460/460/460 473/473/473
f 461/461/461 474/474/474 462/462/462
f 475/475/475 461/461/461 574/574/574
f 574/574/574 462/462/462 470/470/470
f 476/476/476 574/574/574 491/491/491
f 443/443/443 476/476/476 2782/2782/2782
f 479/479/479 478/478/478 480/480/480
f 478/478/478 2773/2773/2773 480/480/480
f 2773/2773/2773 477/477/477 480/480/480
f 482/482/482 2773/2773/2773 481/481/481
f 481/481/481 2773/2773/2773 478/478/478
f 482/482/482 483/483/483 2773/2773/2773
f 463/463/463 484/484/484 490/490/490
f 484/484/484 485/485/485 490/490/490
f 487/487/487 490/490/490 486/486/486
f 486/486/486 488/488/488 487/487/487
f 485/485/485 486/486/486 490/490/490
f 489/489/489 477/477/477 487/487/487
f 487/487/487 477/477/477 2773/2773/2773
f 2773/2773/2773 490/490/490 487/487/487
f 2773/2773/2773 574/574/574 490/490/490
f 574/574/574 2773/2773/2773 2103/2103/2103
f 574/574/574 2103/2103/2103 491/491/491
f 476/476/476 491/491/491 2782/2782/2782
f 492/492/492 78/78/78 493/493/493
f 494/494/494 400/400/400 493/493/493
f 495/495/495 497/497/497 496/496/496
f 498/498/498 497/497/497 499/499/499
f 497/497/497 500/500/500 499/499/499
f 498/498/498 496/496/496 497/497/497
f 500/500/500 497/497/497 516/516/516
f 501/501/501 499/499/499 500/500/500
f 502/502/502 501/501/501 503/503/503
f 501/501/501 500/500/500 503/503/503
f 503/503/503 500/500/500 504/504/504
f 500/500/500 522/522/522 504/504/504
f 522/522/522 500/500/500 516/516/516
f 516/516/516 506/506/506 505/505/505
f 507/507/507 506/506/506 508/508/508
f 509/509/509 506/506/506 510/510/510
f 511/511/511 510/510/510 506/506/506
f 511/511/511 506/506/506 512/512/512
f 507/507/507 512/512/512 506/506/506
f 513/513/513 516/516/516 505/505/505
f 513/513/513 514/514/514 516/516/516
f 514/514/514 526/526/526 516/516/516
f 514/514/514 515/515/515 526/526/526
f 509/509/509 505/505/505 506/506/506
f 508/508/508 506/506/506 495/495/495
f 506/506/506 497/497/497 495/495/495
f 506/506/506 516/516/516 497/497/497
f 516/516/516 545/545/545 522/522/522
f 516/516/516 526/526/526 545/545/545
f 504/504/504 522/522/522 517/517/517
f 517/517/517 522/522/522 518/518/518
f 518/518/518 522/522/522 519/519/519
f 519/519/519 522/522/522 520/520/520
f 520/520/520 522/522/522 521/521/521
f 493/493/493 400/400/400 492/492/492
f 579/579/579 522/522/522 580/580/580
f 515/515/515 523/523/523 526/526/526
f 523/523/523 524/524/524 526/526/526
f 525/525/525 526/526/526 524/524/524
f 525/525/525 527/527/527 526/526/526
f 527/527/527 545/545/545 526/526/526
f 527/527/527 528/528/528 545/545/545
f 528/528/528 529/529/529 545/545/545
f 530/530/530 545/545/545 529/529/529
f 520/520/520 521/521/521 531/531/531
f 521/521/521 522/522/522 532/532/532
f 532/532/532 522/522/522 546/546/546
f 545/545/545 530/530/530 534/534/534
f 535/535/535 545/545/545 534/534/534
f 536/536/536 544/544/544 538/538/538
f 544/544/544 545/545/545 535/535/535
f 535/535/535 538/538/538 544/544/544
f 537/537/537 539/539/539 536/536/536
f 544/544/544 539/539/539 540/540/540
f 539/539/539 544/544/544 536/536/536
f 540/540/540 541/541/541 544/544/544
f 542/542/542 544/544/544 541/541/541
f 542/542/542 543/543/543 544/544/544
f 543/543/543 576/576/576 544/544/544
f 544/544/544 576/576/576 545/545/545
f 545/545/545 576/576/576 577/577/577
f 522/522/522 545/545/545 577/577/577
f 546/546/546 426/426/426 533/533/533
f 522/522/522 426/426/426 546/546/546
f 426/426/426 522/522/522 579/579/579
f 426/426/426 579/579/579 428/428/428
f 547/547/547 548/548/548 575/575/575
f 443/443/443 2782/2782/2782 547/547/547
f 575/575/575 443/443/443 547/547/547
f 547/547/547 583/583/583 548/548/548
f 543/543/543 549/549/549 576/576/576
f 549/549/549 550/550/550 576/576/576
f 550/550/550 551/551/551 576/576/576
f 551/551/551 552/552/552 576/576/576
f 553/553/553 576/576/576 554/554/554
f 555/555/555 576/576/576 552/552/552
f 555/555/555 554/554/554 576/576/576
f 553/553/553 556/556/556 576/576/576
f 576/576/576 557/557/557 558/558/558
f 556/556/556 557/557/557 576/576/576
f 559/559/559 570/570/570 560/560/560
f 560/560/560 570/570/570 558/558/558
f 559/559/559 561/561/561 570/570/570
f 562/562/562 570/570/570 563/563/563
f 561/561/561 563/563/563 570/570/570
f 562/562/562 564/564/564 570/570/570
f 564/564/564 565/565/565 570/570/570
f 566/566/566 570/570/570 565/565/565
f 566/566/566 567/567/567 570/570/570
f 568/568/568 570/570/570 567/567/567
f 576/576/576 558/558/558 570/570/570
f 569/569/569 570/570/570 571/571/571
f 568/568/568 572/572/572 570/570/570
f 572/572/572 571/571/571 570/570/570
f 569/569/569 573/573/573 570/570/570
f 573/573/573 451/451/451 570/570/570
f 573/573/573 446/446/446 451/451/451
f 576/576/576 570/570/570 451/451/451
f 576/576/576 451/451/451 574/574/574
f 574/574/574 476/476/476 576/576/576
f 577/577/577 576/576/576 581/581/581
f 575/575/575 581/581/581 443/443/443
f 576/576/576 476/476/476 581/581/581
f 577/577/577 580/580/580 522/522/522
f 579/579/579 580/580/580 578/578/578
f 577/577/577 581/581/581 582/582/582
f 577/577/577 582/582/582 580/580/580
f 582/582/582 578/578/578 580/580/580
f 578/578/578 582/582/582 586/586/586
f 578/578/578 586/586/586 431/431/431
f 548/548/548 583/583/583 582/582/582
f 582/582/582 583/583/583 584/584/584
f 585/585/585 584/584/584 583/583/583
f 582/582/582 581/581/581 548/548/548
f 575/575/575 548/548/548 581/581/581
f 582/582/582 584/584/584 586/586/586
f 581/581/581 476/476/476 443/443/443
f 587/587/587 586/586/586 584/584/584
f 2785/2785/2785 586/586/586 587/587/587
f 422/422/422 433/433/433 588/588/588
f 588/588/588 433/433/433 589/589/589
f 2788/2788/2788 435/435/435 437/437/437
f 2788/2788/2788 437/437/437 591/591/591
f 591/591/591 431/431/431 586/586/586
f 590/590/590 2788/2788/2788 591/591/591
f 593/593/593 624/624/624 592/592/592
f 603/603/603 601/601/601 606/606/606
f 598/598/598 595/595/595 2750/2750/2750
f 595/595/595 598/598/598 597/597/597
f 602/602/602 2750/2750/2750 595/595/595
f 597/597/597 598/598/598 613/613/613
f 595/595/595 597/597/597 594/594/594
f 601/601/601 594/594/594 597/597/597
f 613/613/613 601/601/601 597/597/597
f 613/613/613 605/605/605 601/601/601
f 595/595/595 596/596/596 602/602/602
f 26/26/26 602/602/602 596/596/596
f 609/609/609 621/621/621 603/603/603
f 603/603/603 621/621/621 604/604/604
f 616/616/616 603/603/603 606/606/606
f 605/605/605 606/606/606 601/601/601
f 626/626/626 606/606/606 605/605/605
f 608/608/608 618/618/618 609/609/609
f 610/610/610 608/608/608 609/609/609
f 609/609/609 603/603/603 610/610/610
f 598/598/598 615/615/615 612/612/612
f 615/615/615 598/598/598 611/611/611
f 2783/2783/2783 615/615/615 611/611/611
f 600/600/600 611/611/611 598/598/598
f 612/612/612 613/613/613 598/598/598
f 605/605/605 613/613/613 612/612/612
f 614/614/614 2783/2783/2783 2786/2786/2786
f 614/614/614 630/630/630 612/612/612
f 2783/2783/2783 614/614/614 615/615/615
f 612/612/612 615/615/615 614/614/614
f 608/608/608 610/610/610 620/620/620
f 608/608/608 620/620/620 618/618/618
f 609/609/609 618/618/618 621/621/621
f 610/610/610 603/603/603 616/616/616
f 2912/2912/2912 624/624/624 622/622/622
f 616/616/616 593/593/593 617/617/617
f 617/617/617 593/593/593 592/592/592
f 587/587/587 622/622/622 624/624/624
f 624/624/624 593/593/593 2784/2784/2784
f 593/593/593 625/625/625 2784/2784/2784
f 610/610/610 616/616/616 620/620/620
f 612/612/612 627/627/627 605/605/605
f 612/612/612 630/630/630 627/627/627
f 627/627/627 630/630/630 605/605/605
f 630/630/630 626/626/626 605/605/605
f 629/629/629 2788/2788/2788 625/625/625
f 2788/2788/2788 629/629/629 630/630/630
f 630/630/630 629/629/629 626/626/626
f 629/629/629 628/628/628 626/626/626
f 593/593/593 616/616/616 606/606/606
f 606/606/606 623/623/623 593/593/593
f 628/628/628 623/623/623 606/606/606
f 606/606/606 626/626/626 628/628/628
f 629/629/629 625/625/625 628/628/628
f 625/625/625 623/623/623 628/628/628
f 593/593/593 623/623/623 625/625/625
f 634/634/634 635/635/635 645/645/645
f 635/635/635 636/636/636 645/645/645
f 637/637/637 645/645/645 636/636/636
f 637/637/637 638/638/638 645/645/645
f 639/639/639 645/645/645 640/640/640
f 645/645/645 639/639/639 641/641/641
f 640/640/640 645/645/645 638/638/638
f 642/642/642 644/644/644 641/641/641
f 642/642/642 643/643/643 644/644/644
f 641/641/641 644/644/644 645/645/645
f 645/645/645 644/644/644 691/691/691
f 646/646/646 647/647/647 648/648/648
f 646/646/646 650/650/650 649/649/649
f 646/646/646 648/648/648 650/650/650
f 649/649/649 650/650/650 701/701/701
f 658/658/658 651/651/651 848/848/848
f 653/653/653 848/848/848 652/652/652
f 652/652/652 848/848/848 651/651/651
f 655/655/655 659/659/659 656/656/656
f 655/655/655 657/657/657 659/659/659
f 654/654/654 659/659/659 657/657/657
f 658/658/658 848/848/848 654/654/654
f 848/848/848 659/659/659 654/654/654
f 660/660/660 661/661/661 659/659/659
f 660/660/660 659/659/659 662/662/662
f 662/662/662 659/659/659 663/663/663
f 664/664/664 665/665/665 671/671/671
f 664/664/664 671/671/671 666/666/666
f 668/668/668 669/669/669 671/671/671
f 667/667/667 671/671/671 669/669/669
f 663/663/663 659/659/659 667/667/667
f 659/659/659 671/671/671 667/667/667
f 668/668/668 671/671/671 665/665/665
f 656/656/656 659/659/659 670/670/670
f 670/670/670 659/659/659 661/661/661
f 673/673/673 848/848/848 672/672/672
f 672/672/672 848/848/848 674/674/674
f 848/848/848 653/653/653 674/674/674
f 848/848/848 675/675/675 659/659/659
f 676/676/676 666/666/666 671/671/671
f 676/676/676 671/671/671 677/677/677
f 677/677/677 671/671/671 678/678/678
f 671/671/671 681/681/681 678/678/678
f 678/678/678 681/681/681 679/679/679
f 681/681/681 680/680/680 679/679/679
f 679/679/679 680/680/680 682/682/682
f 682/682/682 680/680/680 683/683/683
f 680/680/680 684/684/684 683/683/683
f 684/684/684 680/680/680 685/685/685
f 680/680/680 681/681/681 685/685/685
f 685/685/685 681/681/681 686/686/686
f 671/671/671 659/659/659 681/681/681
f 659/659/659 692/692/692 681/681/681
f 692/692/692 659/659/659 675/675/675
f 687/687/687 688/688/688 681/681/681
f 686/686/686 681/681/681 689/689/689
f 689/689/689 681/681/681 688/688/688
f 644/644/644 643/643/643 690/690/690
f 687/687/687 681/681/681 690/690/690
f 644/644/644 690/690/690 691/691/691
f 690/690/690 681/681/681 691/691/691
f 681/681/681 692/692/692 691/691/691
f 675/675/675 693/693/693 692/692/692
f 691/691/691 693/693/693 645/645/645
f 693/693/693 646/646/646 645/645/645
f 675/675/675 694/694/694 693/693/693
f 694/694/694 695/695/695 693/693/693
f 694/694/694 675/675/675 868/868/868
f 694/694/694 868/868/868 83/83/83
f 692/692/692 693/693/693 691/691/691
f 693/693/693 695/695/695 696/696/696
f 693/693/693 647/647/647 646/646/646
f 647/647/647 693/693/693 698/698/698
f 693/693/693 699/699/699 698/698/698
f 693/693/693 696/696/696 699/699/699
f 703/703/703 700/700/700 698/698/698
f 698/698/698 700/700/700 647/647/647
f 647/647/647 700/700/700 648/648/648
f 699/699/699 703/703/703 698/698/698
f 650/650/650 878/878/878 701/701/701
f 648/648/648 878/878/878 650/650/650
f 879/879/879 892/892/892 1074/1074/1074
f 2791/2791/2791 1074/1074/1074 892/892/892
f 648/648/648 700/700/700 884/884/884
f 884/884/884 700/700/700 702/702/702
f 703/703/703 702/702/702 700/700/700
f 2792/2792/2792 893/893/893 2793/2793/2793
f 708/708/708 707/707/707 705/705/705
f 709/709/709 708/708/708 705/705/705
f 706/706/706 709/709/709 705/705/705
f 710/710/710 711/711/711 705/705/705
f 711/711/711 706/706/706 705/705/705
f 704/704/704 710/710/710 705/705/705
f 712/712/712 713/713/713 2795/2795/2795
f 712/712/712 2795/2795/2795 714/714/714
f 2795/2795/2795 705/705/705 714/714/714
f 713/713/713 715/715/715 2795/2795/2795
f 714/714/714 705/705/705 707/707/707
f 717/717/717 705/705/705 716/716/716
f 717/717/717 718/718/718 705/705/705
f 704/704/704 705/705/705 719/719/719
f 721/721/721 719/719/719 705/705/705
f 718/718/718 720/720/720 705/705/705
f 705/705/705 720/720/720 721/721/721
f 722/722/722 723/723/723 705/705/705
f 15/15/15 724/724/724 2792/2792/2792
f 633/633/633 2792/2792/2792 1265/1265/1265
f 727/727/727 728/728/728 726/726/726
f 728/728/728 729/729/729 726/726/726
f 725/725/725 744/744/744 749/749/749
f 729/729/729 730/730/730 726/726/726
f 730/730/730 744/744/744 726/726/726
f 731/731/731 744/744/744 730/730/730
f 731/731/731 732/732/732 744/744/744
f 733/733/733 744/744/744 732/732/732
f 744/744/744 733/733/733 762/762/762
f 734/734/734 762/762/762 733/733/733
f 735/735/735 762/762/762 734/734/734
f 762/762/762 735/735/735 736/736/736
f 738/738/738 739/739/739 762/762/762
f 740/740/740 762/762/762 741/741/741
f 762/762/762 747/747/747 741/741/741
f 740/740/740 738/738/738 762/762/762
f 739/739/739 742/742/742 762/762/762
f 737/737/737 742/742/742 743/743/743
f 762/762/762 742/742/742 737/737/737
f 746/746/746 762/762/762 736/736/736
f 746/746/746 745/745/745 762/762/762
f 747/747/747 762/762/762 745/745/745
f 762/762/762 749/749/749 744/744/744
f 725/725/725 749/749/749 779/779/779
f 2800/2800/2800 748/748/748 811/811/811
f 756/756/756 751/751/751 750/750/750
f 752/752/752 756/756/756 750/750/750
f 752/752/752 753/753/753 756/756/756
f 750/750/750 751/751/751 754/754/754
f 755/755/755 756/756/756 753/753/753
f 737/737/737 749/749/749 762/762/762
f 757/757/757 758/758/758 737/737/737
f 758/758/758 749/749/749 737/737/737
f 749/749/749 758/758/758 760/760/760
f 761/761/761 759/759/759 760/760/760
f 760/760/760 759/759/759 749/749/749
f 763/763/763 749/749/749 759/759/759
f 759/759/759 764/764/764 763/763/763
f 764/764/764 765/765/765 763/763/763
f 766/766/766 749/749/749 763/763/763
f 766/766/766 767/767/767 749/749/749
f 767/767/767 756/756/756 749/749/749
f 767/767/767 768/768/768 756/756/756
f 769/769/769 756/756/756 768/768/768
f 756/756/756 769/769/769 751/751/751
f 755/755/755 770/770/770 756/756/756
f 771/771/771 778/778/778 770/770/770
f 778/778/778 756/756/756 770/770/770
f 771/771/771 772/772/772 778/778/778
f 773/773/773 778/778/778 772/772/772
f 774/774/774 778/778/778 775/775/775
f 778/778/778 773/773/773 775/775/775
f 774/774/774 776/776/776 778/778/778
f 777/777/777 778/778/778 776/776/776
f 705/705/705 756/756/756 778/778/778
f 756/756/756 705/705/705 779/779/779
f 779/779/779 749/749/749 756/756/756
f 811/811/811 748/748/748 725/725/725
f 779/779/779 811/811/811 725/725/725
f 779/779/779 705/705/705 723/723/723
f 781/781/781 2801/2801/2801 782/782/782
f 781/781/781 783/783/783 2801/2801/2801
f 782/782/782 2801/2801/2801 784/784/784
f 784/784/784 2801/2801/2801 785/785/785
f 786/786/786 2801/2801/2801 787/787/787
f 785/785/785 2801/2801/2801 786/786/786
f 789/789/789 788/788/788 2801/2801/2801
f 783/783/783 789/789/789 2801/2801/2801
f 645/645/645 646/646/646 2807/2807/2807
f 787/787/787 2801/2801/2801 791/791/791
f 2801/2801/2801 817/817/817 791/791/791
f 792/792/792 791/791/791 817/817/817
f 793/793/793 792/792/792 817/817/817
f 795/795/795 796/796/796 794/794/794
f 794/794/794 797/797/797 795/795/795
f 2802/2802/2802 817/817/817 2801/2801/2801
f 817/817/817 2802/2802/2802 794/794/794
f 798/798/798 797/797/797 794/794/794
f 798/798/798 794/794/794 799/799/799
f 799/799/799 794/794/794 800/800/800
f 794/794/794 805/805/805 800/800/800
f 800/800/800 805/805/805 801/801/801
f 801/801/801 805/805/805 802/802/802
f 805/805/805 804/804/804 803/803/803
f 802/802/802 805/805/805 803/803/803
f 2802/2802/2802 790/790/790 805/805/805
f 794/794/794 2802/2802/2802 805/805/805
f 1170/1170/1170 2800/2800/2800 790/790/790
f 790/790/790 2802/2802/2802 1170/1170/1170
f 790/790/790 2800/2800/2800 811/811/811
f 777/777/777 806/806/806 778/778/778
f 807/807/807 705/705/705 806/806/806
f 705/705/705 778/778/778 806/806/806
f 808/808/808 705/705/705 807/807/807
f 808/808/808 809/809/809 705/705/705
f 716/716/716 705/705/705 809/809/809
f 810/810/810 805/805/805 790/790/790
f 810/810/810 849/849/849 805/805/805
f 779/779/779 723/723/723 871/871/871
f 871/871/871 811/811/811 779/779/779
f 872/872/872 870/870/870 723/723/723
f 790/790/790 811/811/811 867/867/867
f 811/811/811 871/871/871 867/867/867
f 793/793/793 817/817/817 812/812/812
f 812/812/812 817/817/817 813/813/813
f 814/814/814 813/813/813 817/817/817
f 815/815/815 814/814/814 817/817/817
f 815/815/815 817/817/817 816/816/816
f 823/823/823 818/818/818 817/817/817
f 816/816/816 817/817/817 819/819/819
f 819/819/819 817/817/817 820/820/820
f 821/821/821 820/820/820 822/822/822
f 820/820/820 817/817/817 822/822/822
f 822/822/822 817/817/817 818/818/818
f 824/824/824 823/823/823 817/817/817
f 817/817/817 794/794/794 796/796/796
f 817/817/817 796/796/796 824/824/824
f 804/804/804 805/805/805 825/825/825
f 805/805/805 826/826/826 825/825/825
f 826/826/826 805/805/805 827/827/827
f 849/849/849 829/829/829 828/828/828
f 805/805/805 828/828/828 827/827/827
f 805/805/805 849/849/849 828/828/828
f 830/830/830 832/832/832 837/837/837
f 833/833/833 837/837/837 834/834/834
f 838/838/838 839/839/839 837/837/837
f 836/836/836 837/837/837 839/839/839
f 835/835/835 840/840/840 833/833/833
f 840/840/840 837/837/837 833/833/833
f 838/838/838 837/837/837 840/840/840
f 831/831/831 837/837/837 832/832/832
f 831/831/831 834/834/834 837/837/837
f 841/841/841 844/844/844 843/843/843
f 841/841/841 842/842/842 844/844/844
f 830/830/830 837/837/837 842/842/842
f 842/842/842 837/837/837 844/844/844
f 843/843/843 844/844/844 845/845/845
f 845/845/845 844/844/844 846/846/846
f 673/673/673 847/847/847 848/848/848
f 846/846/846 844/844/844 847/847/847
f 844/844/844 848/848/848 847/847/847
f 848/848/848 868/868/868 675/675/675
f 844/844/844 837/837/837 848/848/848
f 868/868/868 848/848/848 837/837/837
f 829/829/829 849/849/849 850/850/850
f 851/851/851 850/850/850 852/852/852
f 850/850/850 849/849/849 852/852/852
f 852/852/852 849/849/849 853/853/853
f 849/849/849 866/866/866 853/853/853
f 849/849/849 810/810/810 866/866/866
f 850/850/850 855/855/855 854/854/854
f 855/855/855 850/850/850 856/856/856
f 856/856/856 850/850/850 857/857/857
f 858/858/858 866/866/866 859/859/859
f 851/851/851 857/857/857 850/850/850
f 860/860/860 866/866/866 861/861/861
f 860/860/860 853/853/853 866/866/866
f 862/862/862 863/863/863 866/866/866
f 861/861/861 866/866/866 863/863/863
f 862/862/862 866/866/866 858/858/858
f 859/859/859 866/866/866 864/864/864
f 864/864/864 866/866/866 865/865/865
f 865/865/865 866/866/866 836/836/836
f 866/866/866 837/837/837 836/836/836
f 810/810/810 790/790/790 867/867/867
f 866/866/866 868/868/868 837/837/837
f 810/810/810 868/868/868 866/866/866
f 868/868/868 810/810/810 867/867/867
f 871/871/871 869/869/869 867/867/867
f 867/867/867 877/877/877 868/868/868
f 723/723/723 870/870/870 871/871/871
f 870/870/870 872/872/872 780/780/780
f 872/872/872 873/873/873 780/780/780
f 871/871/871 870/870/870 875/875/875
f 870/870/870 882/882/882 875/875/875
f 780/780/780 882/882/882 870/870/870
f 882/882/882 780/780/780 874/874/874
f 699/699/699 883/883/883 876/876/876
f 871/871/871 875/875/875 869/869/869
f 869/869/869 875/875/875 877/877/877
f 875/875/875 883/883/883 877/877/877
f 883/883/883 699/699/699 877/877/877
f 869/869/869 877/877/877 867/867/867
f 701/701/701 879/879/879 2809/2809/2809
f 701/701/701 878/878/878 879/879/879
f 879/879/879 1074/1074/1074 892/892/892
f 879/879/879 892/892/892 2809/2809/2809
f 892/892/892 2810/2810/2810 2809/2809/2809
f 881/881/881 2810/2810/2810 892/892/892
f 881/881/881 892/892/892 880/880/880
f 2810/2810/2810 881/881/881 631/631/631
f 632/632/632 631/631/631 880/880/880
f 880/880/880 631/631/631 881/881/881
f 875/875/875 882/882/882 883/883/883
f 883/883/883 882/882/882 890/890/890
f 890/890/890 882/882/882 874/874/874
f 874/874/874 886/886/886 890/890/890
f 878/878/878 648/648/648 884/884/884
f 884/884/884 702/702/702 703/703/703
f 883/883/883 703/703/703 876/876/876
f 884/884/884 703/703/703 883/883/883
f 876/876/876 703/703/703 699/699/699
f 883/883/883 890/890/890 885/885/885
f 884/884/884 883/883/883 885/885/885
f 890/890/890 889/889/889 885/885/885
f 884/884/884 885/885/885 878/878/878
f 878/878/878 885/885/885 879/879/879
f 886/886/886 168/168/168 888/888/888
f 886/886/886 888/888/888 887/887/887
f 885/885/885 889/889/889 880/880/880
f 890/890/890 886/886/886 891/891/891
f 889/889/889 890/890/890 891/891/891
f 885/885/885 880/880/880 892/892/892
f 885/885/885 892/892/892 879/879/879
f 889/889/889 632/632/632 880/880/880
f 889/889/889 891/891/891 632/632/632
f 633/633/633 632/632/632 891/891/891
f 891/891/891 2792/2792/2792 633/633/633
f 2792/2792/2792 891/891/891 893/893/893
f 886/886/886 887/887/887 891/891/891
f 891/891/891 887/887/887 893/893/893
f 895/895/895 2893/2893/2893 894/894/894
f 895/895/895 896/896/896 2893/2893/2893
f 896/896/896 897/897/897 2893/2893/2893
f 898/898/898 2893/2893/2893 897/897/897
f 898/898/898 899/899/899 2893/2893/2893
f 899/899/899 900/900/900 2893/2893/2893
f 901/901/901 2893/2893/2893 900/900/900
f 901/901/901 902/902/902 2893/2893/2893
f 902/902/902 903/903/903 2893/2893/2893
f 903/903/903 904/904/904 2893/2893/2893
f 904/904/904 905/905/905 2893/2893/2893
f 905/905/905 932/932/932 2893/2893/2893
f 905/905/905 906/906/906 932/932/932
f 907/907/907 908/908/908 906/906/906
f 908/908/908 932/932/932 906/906/906
f 909/909/909 932/932/932 908/908/908
f 910/910/910 932/932/932 909/909/909
f 910/910/910 911/911/911 932/932/932
f 911/911/911 913/913/913 932/932/932
f 912/912/912 932/932/932 913/913/913
f 914/914/914 930/930/930 915/915/915
f 930/930/930 912/912/912 915/915/915
f 932/932/932 912/912/912 930/930/930
f 914/914/914 916/916/916 930/930/930
f 916/916/916 917/917/917 930/930/930
f 918/918/918 930/930/930 917/917/917
f 918/918/918 919/919/919 930/930/930
f 920/920/920 930/930/930 919/919/919
f 921/921/921 922/922/922 930/930/930
f 930/930/930 922/922/922 923/923/923
f 921/921/921 930/930/930 924/924/924
f 930/930/930 923/923/923 925/925/925
f 920/920/920 926/926/926 930/930/930
f 926/926/926 927/927/927 930/930/930
f 925/925/925 924/924/924 930/930/930
f 928/928/928 930/930/930 927/927/927
f 929/929/929 930/930/930 931/931/931
f 930/930/930 928/928/928 931/931/931
f 932/932/932 933/933/933 2811/2811/2811
f 934/934/934 930/930/930 929/929/929
f 942/942/942 932/932/932 930/930/930
f 934/934/934 942/942/942 930/930/930
f 935/935/935 942/942/942 934/934/934
f 935/935/935 936/936/936 942/942/942
f 936/936/936 937/937/937 942/942/942
f 938/938/938 942/942/942 937/937/937
f 938/938/938 939/939/939 942/942/942
f 939/939/939 940/940/940 942/942/942
f 941/941/941 942/942/942 940/940/940
f 946/946/946 932/932/932 942/942/942
f 941/941/941 943/943/943 942/942/942
f 944/944/944 946/946/946 943/943/943
f 946/946/946 942/942/942 943/943/943
f 944/944/944 945/945/945 946/946/946
f 945/945/945 947/947/947 946/946/946
f 947/947/947 948/948/948 946/946/946
f 949/949/949 946/946/946 948/948/948
f 949/949/949 950/950/950 946/946/946
f 950/950/950 951/951/951 946/946/946
f 952/952/952 953/953/953 954/954/954
f 955/955/955 946/946/946 951/951/951
f 956/956/956 954/954/954 955/955/955
f 956/956/956 957/957/957 954/954/954
f 957/957/957 958/958/958 954/954/954
f 946/946/946 955/955/955 954/954/954
f 959/959/959 960/960/960 954/954/954
f 959/959/959 954/954/954 961/961/961
f 962/962/962 963/963/963 954/954/954
f 964/964/964 965/965/965 954/954/954
f 964/964/964 954/954/954 966/966/966
f 952/952/952 954/954/954 965/965/965
f 963/963/963 966/966/966 954/954/954
f 967/967/967 968/968/968 954/954/954
f 968/968/968 969/969/969 954/954/954
f 962/962/962 954/954/954 969/969/969
f 967/967/967 954/954/954 960/960/960
f 946/946/946 954/954/954 970/970/970
f 970/970/970 954/954/954 1023/1023/1023
f 946/946/946 933/933/933 932/932/932
f 946/946/946 970/970/970 933/933/933
f 970/970/970 971/971/971 933/933/933
f 971/971/971 1091/1091/1091 1086/1086/1086
f 972/972/972 1040/1040/1040 973/973/973
f 974/974/974 982/982/982 973/973/973
f 976/976/976 975/975/975 974/974/974
f 977/977/977 976/976/976 974/974/974
f 979/979/979 978/978/978 974/974/974
f 979/979/979 974/974/974 980/980/980
f 981/981/981 977/977/977 978/978/978
f 977/977/977 974/974/974 978/978/978
f 984/984/984 983/983/983 973/973/973
f 985/985/985 973/973/973 986/986/986
f 987/987/987 973/973/973 985/985/985
f 989/989/989 988/988/988 973/973/973
f 987/987/987 989/989/989 973/973/973
f 988/988/988 990/990/990 973/973/973
f 990/990/990 991/991/991 973/973/973
f 993/993/993 994/994/994 973/973/973
f 993/993/993 973/973/973 992/992/992
f 995/995/995 996/996/996 973/973/973
f 996/996/996 984/984/984 973/973/973
f 995/995/995 973/973/973 994/994/994
f 991/991/991 997/997/997 973/973/973
f 992/992/992 973/973/973 997/997/997
f 982/982/982 972/972/972 973/973/973
f 972/972/972 1057/1057/1057 998/998/998
f 999/999/999 1000/1000/1000 974/974/974
f 1001/1001/1001 1002/1002/1002 974/974/974
f 1002/1002/1002 1003/1003/1003 974/974/974
f 974/974/974 1003/1003/1003 1004/1004/1004
f 1000/1000/1000 1001/1001/1001 974/974/974
f 1005/1005/1005 974/974/974 973/973/973
f 983/983/983 1005/1005/1005 973/973/973
f 999/999/999 974/974/974 1005/1005/1005
f 1006/1006/1006 974/974/974 1004/1004/1004
f 1006/1006/1006 1007/1007/1007 974/974/974
f 980/980/980 974/974/974 1007/1007/1007
f 1057/1057/1057 972/972/972 982/982/982
f 1167/1167/1167 1171/1171/1171 1057/1057/1057
f 1008/1008/1008 1009/1009/1009 972/972/972
f 1010/1010/1010 972/972/972 1009/1009/1009
f 1010/1010/1010 1011/1011/1011 972/972/972
f 1012/1012/1012 972/972/972 1011/1011/1011
f 1012/1012/1012 1013/1013/1013 972/972/972
f 972/972/972 1013/1013/1013 1014/1014/1014
f 1016/1016/1016 1025/1025/1025 1015/1015/1015
f 1025/1025/1025 972/972/972 1015/1015/1015
f 972/972/972 1014/1014/1014 1015/1015/1015
f 1018/1018/1018 972/972/972 1017/1017/1017
f 1008/1008/1008 972/972/972 1018/1018/1018
f 1017/1017/1017 972/972/972 1019/1019/1019
f 1019/1019/1019 1023/1023/1023 1020/1020/1020
f 1020/1020/1020 1023/1023/1023 1021/1021/1021
f 1023/1023/1023 1022/1022/1022 1021/1021/1021
f 1019/1019/1019 972/972/972 1023/1023/1023
f 1026/1026/1026 1037/1037/1037 972/972/972
f 1024/1024/1024 1027/1027/1027 1025/1025/1025
f 1028/1028/1028 1026/1026/1026 1027/1027/1027
f 1028/1028/1028 1029/1029/1029 1026/1026/1026
f 1025/1025/1025 1027/1027/1027 1026/1026/1026
f 1026/1026/1026 972/972/972 1025/1025/1025
f 1031/1031/1031 1025/1025/1025 1030/1030/1030
f 1024/1024/1024 1025/1025/1025 1032/1032/1032
f 1032/1032/1032 1025/1025/1025 1031/1031/1031
f 1016/1016/1016 1033/1033/1033 1025/1025/1025
f 1033/1033/1033 1030/1030/1030 1025/1025/1025
f 1034/1034/1034 1035/1035/1035 1026/1026/1026
f 1035/1035/1035 1036/1036/1036 1026/1026/1026
f 1036/1036/1036 1037/1037/1037 1026/1026/1026
f 972/972/972 1037/1037/1037 1040/1040/1040
f 1037/1037/1037 1038/1038/1038 1040/1040/1040
f 1039/1039/1039 1040/1040/1040 1038/1038/1038
f 1029/1029/1029 1034/1034/1034 1026/1026/1026
f 1041/1041/1041 973/973/973 1040/1040/1040
f 1042/1042/1042 1040/1040/1040 1039/1039/1039
f 1040/1040/1040 1042/1042/1042 1041/1041/1041
f 1043/1043/1043 1044/1044/1044 1041/1041/1041
f 1044/1044/1044 973/973/973 1041/1041/1041
f 1044/1044/1044 1045/1045/1045 973/973/973
f 1046/1046/1046 1047/1047/1047 1023/1023/1023
f 1046/1046/1046 1023/1023/1023 1048/1048/1048
f 1049/1049/1049 1050/1050/1050 1023/1023/1023
f 1048/1048/1048 1023/1023/1023 1050/1050/1050
f 1022/1022/1022 1023/1023/1023 1051/1051/1051
f 1051/1051/1051 1023/1023/1023 1047/1047/1047
f 1052/1052/1052 1049/1049/1049 1023/1023/1023
f 953/953/953 1053/1053/1053 954/954/954
f 1053/1053/1053 1023/1023/1023 954/954/954
f 1052/1052/1052 1023/1023/1023 1053/1053/1053
f 1023/1023/1023 972/972/972 1056/1056/1056
f 998/998/998 1056/1056/1056 972/972/972
f 1023/1023/1023 1056/1056/1056 970/970/970
f 1054/1054/1054 1061/1061/1061 970/970/970
f 998/998/998 1054/1054/1054 1056/1056/1056
f 970/970/970 1056/1056/1056 1054/1054/1054
f 1045/1045/1045 986/986/986 973/973/973
f 998/998/998 1057/1057/1057 1054/1054/1054
f 1058/1058/1058 1054/1054/1054 1057/1057/1057
f 1057/1057/1057 1171/1171/1171 1058/1058/1058
f 1058/1058/1058 1059/1059/1059 1054/1054/1054
f 1171/1171/1171 1172/1172/1172 1059/1059/1059
f 1171/1171/1171 1059/1059/1059 1058/1058/1058
f 1054/1054/1054 1059/1059/1059 1088/1088/1088
f 1054/1054/1054 1088/1088/1088 1061/1061/1061
f 970/970/970 1061/1061/1061 1060/1060/1060
f 970/970/970 1055/1055/1055 971/971/971
f 1061/1061/1061 1092/1092/1092 1060/1060/1060
f 1091/1091/1091 1055/1055/1055 1060/1060/1060
f 1091/1091/1091 1060/1060/1060 1063/1063/1063
f 1092/1092/1092 1199/1199/1199 1060/1060/1060
f 1060/1060/1060 1199/1199/1199 1063/1063/1063
f 1199/1199/1199 1065/1065/1065 1063/1063/1063
f 1198/1198/1198 1065/1065/1065 1199/1199/1199
f 1062/1062/1062 1063/1063/1063 1065/1065/1065
f 1065/1065/1065 1064/1064/1064 1062/1062/1062
f 1201/1201/1201 1065/1065/1065 1198/1198/1198
f 1065/1065/1065 1066/1066/1066 1064/1064/1064
f 1201/1201/1201 1066/1066/1066 1065/1065/1065
f 1201/1201/1201 1094/1094/1094 1066/1066/1066
f 1067/1067/1067 1062/1062/1062 1064/1064/1064
f 1201/1201/1201 1204/1204/1204 1094/1094/1094
f 1072/1072/1072 1095/1095/1095 1068/1068/1068
f 1072/1072/1072 1071/1071/1071 1095/1095/1095
f 1071/1071/1071 1075/1075/1075 1095/1095/1095
f 1074/1074/1074 1075/1075/1075 1071/1071/1071
f 1073/1073/1073 1075/1075/1075 2813/2813/2813
f 1078/1078/1078 1077/1077/1077 1076/1076/1076
f 1077/1077/1077 1078/1078/1078 2004/2004/2004
f 2004/2004/2004 1079/1079/1079 1080/1080/1080
f 1081/1081/1081 2004/2004/2004 1078/1078/1078
f 1079/1079/1079 2004/2004/2004 1081/1081/1081
f 894/894/894 2893/2893/2893 1080/1080/1080
f 2893/2893/2893 2004/2004/2004 1080/1080/1080
f 1082/1082/1082 954/954/954 958/958/958
f 1082/1082/1082 1083/1083/1083 954/954/954
f 1083/1083/1083 1084/1084/1084 954/954/954
f 961/961/961 954/954/954 1084/1084/1084
f 1091/1091/1091 971/971/971 1055/1055/1055
f 1069/1069/1069 1070/1070/1070 1088/1088/1088
f 1059/1059/1059 1089/1089/1089 1088/1088/1088
f 1089/1089/1089 1069/1069/1069 1088/1088/1088
f 1070/1070/1070 1090/1090/1090 1088/1088/1088
f 1090/1090/1090 1070/1070/1070 1069/1069/1069
f 1091/1091/1091 2817/2817/2817 1086/1086/1086
f 1091/1091/1091 1087/1087/1087 2817/2817/2817
f 1063/1063/1063 1067/1067/1067 1091/1091/1091
f 1067/1067/1067 1087/1087/1087 1091/1091/1091
f 1063/1063/1063 1062/1062/1062 1067/1067/1067
f 1088/1088/1088 1092/1092/1092 1061/1061/1061
f 1092/1092/1092 1088/1088/1088 1090/1090/1090
f 1199/1199/1199 1090/1090/1090 1069/1069/1069
f 1199/1199/1199 1092/1092/1092 1090/1090/1090
f 1064/1064/1064 2837/2837/2837 1242/1242/1242
f 1064/1064/1064 1066/1066/1066 2837/2837/2837
f 1093/1093/1093 1066/1066/1066 1094/1094/1094
f 1204/1204/1204 1071/1071/1071 1068/1068/1068
f 1204/1204/1204 1068/1068/1068 1094/1094/1094
f 1071/1071/1071 1072/1072/1072 1068/1068/1068
f 1095/1095/1095 1075/1075/1075 1068/1068/1068
f 1068/1068/1068 1075/1075/1075 1073/1073/1073
f 1097/1097/1097 1098/1098/1098 1096/1096/1096
f 1098/1098/1098 1099/1099/1099 1096/1096/1096
f 1100/1100/1100 1101/1101/1101 1102/1102/1102
f 1101/1101/1101 1103/1103/1103 1102/1102/1102
f 1099/1099/1099 1102/1102/1102 1096/1096/1096
f 1096/1096/1096 1102/1102/1102 1103/1103/1103
f 1121/1121/1121 1096/1096/1096 1103/1103/1103
f 1101/1101/1101 1105/1105/1105 1103/1103/1103
f 1105/1105/1105 1106/1106/1106 1103/1103/1103
f 1106/1106/1106 1107/1107/1107 1103/1103/1103
f 1107/1107/1107 1108/1108/1108 1103/1103/1103
f 1110/1110/1110 1109/1109/1109 1108/1108/1108
f 1108/1108/1108 1109/1109/1109 1103/1103/1103
f 1109/1109/1109 1111/1111/1111 1103/1103/1103
f 1103/1103/1103 1104/1104/1104 1121/1121/1121
f 1112/1112/1112 1113/1113/1113 1111/1111/1111
f 1114/1114/1114 1113/1113/1113 1112/1112/1112
f 1104/1104/1104 1111/1111/1111 1113/1113/1113
f 1111/1111/1111 1104/1104/1104 1103/1103/1103
f 1113/1113/1113 1115/1115/1115 1104/1104/1104
f 1116/1116/1116 1104/1104/1104 1115/1115/1115
f 1117/1117/1117 1115/1115/1115 1113/1113/1113
f 1118/1118/1118 1104/1104/1104 1116/1116/1116
f 1119/1119/1119 1120/1120/1120 1118/1118/1118
f 1118/1118/1118 1123/1123/1123 1104/1104/1104
f 1124/1124/1124 1123/1123/1123 1120/1120/1120
f 1118/1118/1118 1120/1120/1120 1123/1123/1123
f 1121/1121/1121 1104/1104/1104 1122/1122/1122
f 1122/1122/1122 1104/1104/1104 1129/1129/1129
f 1104/1104/1104 1123/1123/1123 1129/1129/1129
f 1121/1121/1121 1147/1147/1147 982/982/982
f 1121/1121/1121 2819/2819/2819 1147/1147/1147
f 1124/1124/1124 1126/1126/1126 1125/1125/1125
f 1125/1125/1125 1123/1123/1123 1124/1124/1124
f 1123/1123/1123 1125/1125/1125 1127/1127/1127
f 1127/1127/1127 1128/1128/1128 1123/1123/1123
f 1129/1129/1129 1123/1123/1123 1128/1128/1128
f 1128/1128/1128 1130/1130/1130 1129/1129/1129
f 1130/1130/1130 1131/1131/1131 1129/1129/1129
f 1132/1132/1132 1129/1129/1129 1133/1133/1133
f 1131/1131/1131 1134/1134/1134 1129/1129/1129
f 1134/1134/1134 1133/1133/1133 1129/1129/1129
f 1132/1132/1132 1135/1135/1135 1129/1129/1129
f 1135/1135/1135 1136/1136/1136 1129/1129/1129
f 1129/1129/1129 2820/2820/2820 1122/1122/1122
f 1137/1137/1137 1138/1138/1138 2820/2820/2820
f 1138/1138/1138 1139/1139/1139 2820/2820/2820
f 1136/1136/1136 1140/1140/1140 1129/1129/1129
f 1140/1140/1140 2820/2820/2820 1129/1129/1129
f 1140/1140/1140 1141/1141/1141 2820/2820/2820
f 1141/1141/1141 1142/1142/1142 2820/2820/2820
f 1142/1142/1142 1143/1143/1143 2820/2820/2820
f 1143/1143/1143 1144/1144/1144 2820/2820/2820
f 1144/1144/1144 1145/1145/1145 2820/2820/2820
f 1137/1137/1137 2820/2820/2820 1145/1145/1145
f 1121/1121/1121 1122/1122/1122 1146/1146/1146
f 2819/2819/2819 1121/1121/1121 1146/1146/1146
f 1122/1122/1122 2820/2820/2820 1146/1146/1146
f 1150/1150/1150 1148/1148/1148 1149/1149/1149
f 1152/1152/1152 1153/1153/1153 1148/1148/1148
f 1153/1153/1153 1151/1151/1151 1148/1148/1148
f 1151/1151/1151 1096/1096/1096 1148/1148/1148
f 1154/1154/1154 1164/1164/1164 1151/1151/1151
f 1150/1150/1150 1155/1155/1155 1148/1148/1148
f 1156/1156/1156 1148/1148/1148 1155/1155/1155
f 1152/1152/1152 1148/1148/1148 1156/1156/1156
f 1148/1148/1148 1121/1121/1121 974/974/974
f 1121/1121/1121 1148/1148/1148 1096/1096/1096
f 1159/1159/1159 1158/1158/1158 1160/1160/1160
f 1158/1158/1158 1096/1096/1096 1160/1160/1160
f 1161/1161/1161 1160/1160/1160 1096/1096/1096
f 1096/1096/1096 1163/1163/1163 1161/1161/1161
f 1163/1163/1163 1096/1096/1096 1151/1151/1151
f 1158/1158/1158 1157/1157/1157 1096/1096/1096
f 1157/1157/1157 1097/1097/1097 1096/1096/1096
f 1164/1164/1164 1163/1163/1163 1151/1151/1151
f 1162/1162/1162 1163/1163/1163 1164/1164/1164
f 1165/1165/1165 1148/1148/1148 975/975/975
f 1148/1148/1148 974/974/974 975/975/975
f 1165/1165/1165 975/975/975 1166/1166/1166
f 1148/1148/1148 1165/1165/1165 1149/1149/1149
f 974/974/974 1121/1121/1121 982/982/982
f 1057/1057/1057 982/982/982 1167/1167/1167
f 982/982/982 1147/1147/1147 1167/1167/1167
f 1196/1196/1196 1171/1171/1171 1167/1167/1167
f 1196/1196/1196 1167/1167/1167 1168/1168/1168
f 1168/1168/1168 1202/1202/1202 1196/1196/1196
f 1147/1147/1147 1170/1170/1170 1167/1167/1167
f 1167/1167/1167 2824/2824/2824 1169/1169/1169
f 1169/1169/1169 1168/1168/1168 1167/1167/1167
f 1196/1196/1196 1172/1172/1172 1171/1171/1171
f 1199/1199/1199 1089/1089/1089 1172/1172/1172
f 1172/1172/1172 1089/1089/1089 1059/1059/1059
f 1199/1199/1199 1069/1069/1069 1089/1089/1089
f 1173/1173/1173 1169/1169/1169 1174/1174/1174
f 1173/1173/1173 1175/1175/1175 1169/1169/1169
f 1177/1177/1177 1169/1169/1169 1178/1178/1178
f 1176/1176/1176 1178/1178/1178 1169/1169/1169
f 1179/1179/1179 2824/2824/2824 1180/1180/1180
f 1181/1181/1181 1180/1180/1180 2824/2824/2824
f 1176/1176/1176 1169/1169/1169 1179/1179/1179
f 1169/1169/1169 2824/2824/2824 1179/1179/1179
f 1182/1182/1182 1169/1169/1169 1183/1183/1183
f 1174/1174/1174 1169/1169/1169 1182/1182/1182
f 1177/1177/1177 1183/1183/1183 1169/1169/1169
f 1184/1184/1184 1188/1188/1188 1185/1185/1185
f 1188/1188/1188 2825/2825/2825 1185/1185/1185
f 2825/2825/2825 1186/1186/1186 1187/1187/1187
f 2825/2825/2825 1169/1169/1169 1186/1186/1186
f 1175/1175/1175 1186/1186/1186 1169/1169/1169
f 1187/1187/1187 1185/1185/1185 2825/2825/2825
f 1189/1189/1189 2825/2825/2825 1188/1188/1188
f 1190/1190/1190 2825/2825/2825 1189/1189/1189
f 2825/2825/2825 1168/1168/1168 1169/1169/1169
f 1181/1181/1181 2824/2824/2824 1191/1191/1191
f 1191/1191/1191 2824/2824/2824 1192/1192/1192
f 1192/1192/1192 2824/2824/2824 1193/1193/1193
f 1190/1190/1190 1194/1194/1194 2825/2825/2825
f 1194/1194/1194 1195/1195/1195 2825/2825/2825
f 1168/1168/1168 2807/2807/2807 1202/1202/1202
f 1196/1196/1196 1197/1197/1197 1172/1172/1172
f 1196/1196/1196 1202/1202/1202 1197/1197/1197
f 1198/1198/1198 1199/1199/1199 1200/1200/1200
f 1197/1197/1197 1202/1202/1202 1199/1199/1199
f 1202/1202/1202 1200/1200/1200 1199/1199/1199
f 1201/1201/1201 1198/1198/1198 1200/1200/1200
f 1205/1205/1205 1201/1201/1201 1200/1200/1200
f 1203/1203/1203 1205/1205/1205 1200/1200/1200
f 649/649/649 1203/1203/1203 1200/1200/1200
f 1203/1203/1203 1206/1206/1206 1205/1205/1205
f 1205/1205/1205 1204/1204/1204 1201/1201/1201
f 1071/1071/1071 1205/1205/1205 1206/1206/1206
f 1204/1204/1204 1205/1205/1205 1071/1071/1071
f 1203/1203/1203 2809/2809/2809 1206/1206/1206
f 1207/1207/1207 1071/1071/1071 1206/1206/1206
f 1071/1071/1071 1207/1207/1207 1074/1074/1074
f 1207/1207/1207 2829/2829/2829 1074/1074/1074
f 1074/1074/1074 2829/2829/2829 2813/2813/2813
f 1258/1258/1258 1212/1212/1212 1249/1249/1249
f 1212/1212/1212 1258/1258/1258 1213/1213/1213
f 1258/1258/1258 1215/1215/1215 1213/1213/1213
f 1215/1215/1215 1259/1259/1259 1225/1225/1225
f 1259/1259/1259 1226/1226/1226 1225/1225/1225
f 1212/1212/1212 1213/1213/1213 1216/1216/1216
f 1220/1220/1220 1216/1216/1216 1213/1213/1213
f 1217/1217/1217 1229/1229/1229 1216/1216/1216
f 1216/1216/1216 1220/1220/1220 2832/2832/2832
f 1218/1218/1218 2832/2832/2832 1220/1220/1220
f 1220/1220/1220 1219/1219/1219 1230/1230/1230
f 1222/1222/1222 1224/1224/1224 1220/1220/1220
f 1215/1215/1215 1220/1220/1220 1213/1213/1213
f 1215/1215/1215 1225/1225/1225 1220/1220/1220
f 1221/1221/1221 1248/1248/1248 1214/1214/1214
f 1262/1262/1262 2847/2847/2847 1225/1225/1225
f 1222/1222/1222 1220/1220/1220 1225/1225/1225
f 1225/1225/1225 1223/1223/1223 1222/1222/1222
f 1224/1224/1224 1222/1222/1222 1223/1223/1223
f 1225/1225/1225 1276/1276/1276 1223/1223/1223
f 2843/2843/2843 1223/1223/1223 1276/1276/1276
f 1219/1219/1219 1220/1220/1220 2831/2831/2831
f 2831/2831/2831 1220/1220/1220 1224/1224/1224
f 1225/1225/1225 1227/1227/1227 1223/1223/1223
f 1227/1227/1227 1225/1225/1225 1226/1226/1226
f 1220/1220/1220 1230/1230/1230 1218/1218/1218
f 1232/1232/1232 1233/1233/1233 2844/2844/2844
f 1273/1273/1273 1218/1218/1218 1230/1230/1230
f 1232/1232/1232 2843/2843/2843 1233/1233/1233
f 1238/1238/1238 1239/1239/1239 2817/2817/2817
f 1211/1211/1211 1239/1239/1239 1238/1238/1238
f 2817/2817/2817 2836/2836/2836 1237/1237/1237
f 1239/1239/1239 1211/1211/1211 1243/1243/1243
f 1240/1240/1240 1244/1244/1244 1905/1905/1905
f 1242/1242/1242 1243/1243/1243 1211/1211/1211
f 2837/2837/2837 1245/1245/1245 1243/1243/1243
f 1240/1240/1240 1243/1243/1243 1244/1244/1244
f 1245/1245/1245 1244/1244/1244 1243/1243/1243
f 1244/1244/1244 1245/1245/1245 1257/1257/1257
f 1257/1257/1257 1253/1253/1253 1244/1244/1244
f 1245/1245/1245 2818/2818/2818 1257/1257/1257
f 1246/1246/1246 1249/1249/1249 1212/1212/1212
f 1246/1246/1246 1257/1257/1257 2818/2818/2818
f 1251/1251/1251 1246/1246/1246 2818/2818/2818
f 1247/1247/1247 1257/1257/1257 1256/1256/1256
f 1247/1247/1247 1256/1256/1256 1251/1251/1251
f 1249/1249/1249 1251/1251/1251 2838/2838/2838
f 2838/2838/2838 1073/1073/1073 1249/1249/1249
f 1250/1250/1250 1249/1249/1249 1073/1073/1073
f 1249/1249/1249 1250/1250/1250 1258/1258/1258
f 1251/1251/1251 1249/1249/1249 1246/1246/1246
f 1214/1214/1214 1256/1256/1256 1221/1221/1221
f 1244/1244/1244 1253/1253/1253 1255/1255/1255
f 1252/1252/1252 1905/1905/1905 1254/1254/1254
f 1257/1257/1257 1246/1246/1246 1253/1253/1253
f 2878/2878/2878 1252/1252/1252 1254/1254/1254
f 1253/1253/1253 1246/1246/1246 1255/1255/1255
f 1255/1255/1255 1246/1246/1246 1241/1241/1241
f 1212/1212/1212 1216/1216/1216 1241/1241/1241
f 1241/1241/1241 1216/1216/1216 1229/1229/1229
f 1241/1241/1241 1246/1246/1246 1212/1212/1212
f 1256/1256/1256 1257/1257/1257 1248/1248/1248
f 1256/1256/1256 1248/1248/1248 1221/1221/1221
f 1250/1250/1250 1266/1266/1266 1259/1259/1259
f 1258/1258/1258 1250/1250/1250 1259/1259/1259
f 1235/1235/1235 1214/1214/1214 1248/1248/1248
f 1250/1250/1250 1260/1260/1260 1266/1266/1266
f 1258/1258/1258 1259/1259/1259 1215/1215/1215
f 1259/1259/1259 1261/1261/1261 1226/1226/1226
f 1261/1261/1261 1263/1263/1263 1267/1267/1267
f 1259/1259/1259 1266/1266/1266 1261/1261/1261
f 1261/1261/1261 1266/1266/1266 1260/1260/1260
f 1209/1209/1209 1263/1263/1263 1261/1261/1261
f 1209/1209/1209 1264/1264/1264 1263/1263/1263
f 1225/1225/1225 2847/2847/2847 1276/1276/1276
f 1267/1267/1267 1226/1226/1226 1261/1261/1261
f 1264/1264/1264 2840/2840/2840 1263/1263/1263
f 1263/1263/1263 2840/2840/2840 1267/1267/1267
f 1267/1267/1267 2840/2840/2840 2839/2839/2839
f 1274/1274/1274 1288/1288/1288 1275/1275/1275
f 1274/1274/1274 1275/1275/1275 1277/1277/1277
f 2843/2843/2843 1276/1276/1276 1311/1311/1311
f 1277/1277/1277 1275/1275/1275 1278/1278/1278
f 1277/1277/1277 1278/1278/1278 1281/1281/1281
f 1289/1289/1289 1279/1279/1279 1278/1278/1278
f 1231/1231/1231 1274/1274/1274 1272/1272/1272
f 1274/1274/1274 1277/1277/1277 1272/1272/1272
f 1304/1304/1304 1273/1273/1273 1272/1272/1272
f 1272/1272/1272 1280/1280/1280 1304/1304/1304
f 1272/1272/1272 1277/1277/1277 1280/1280/1280
f 1321/1321/1321 1277/1277/1277 1281/1281/1281
f 1288/1288/1288 1290/1290/1290 1275/1275/1275
f 1271/1271/1271 1287/1287/1287 1282/1282/1282
f 1282/1282/1282 1287/1287/1287 1288/1288/1288
f 1284/1284/1284 1271/1271/1271 1224/1224/1224
f 1284/1284/1284 1287/1287/1287 1271/1271/1271
f 1285/1285/1285 1284/1284/1284 1283/1283/1283
f 1284/1284/1284 1286/1286/1286 1287/1287/1287
f 1284/1284/1284 1285/1285/1285 1286/1286/1286
f 1288/1288/1288 1287/1287/1287 1291/1291/1291
f 1275/1275/1275 1289/1289/1289 1278/1278/1278
f 1275/1275/1275 1290/1290/1290 1289/1289/1289
f 1293/1293/1293 1325/1325/1325 1290/1290/1290
f 1291/1291/1291 1290/1290/1290 1288/1288/1288
f 1287/1287/1287 1294/1294/1294 1291/1291/1291
f 1291/1291/1291 1293/1293/1293 1290/1290/1290
f 1287/1287/1287 1286/1286/1286 1294/1294/1294
f 1286/1286/1286 1292/1292/1292 1294/1294/1294
f 1292/1292/1292 1269/1269/1269 1294/1294/1294
f 1292/1292/1292 1270/1270/1270 1269/1269/1269
f 1294/1294/1294 1293/1293/1293 1291/1291/1291
f 1293/1293/1293 1294/1294/1294 1269/1269/1269
f 1296/1296/1296 1306/1306/1306 1295/1295/1295
f 1295/1295/1295 1297/1297/1297 1296/1296/1296
f 1297/1297/1297 2924/2924/2924 1303/1303/1303
f 2931/2931/2931 1297/1297/1297 604/604/604
f 1300/1300/1300 1298/1298/1298 1933/1933/1933
f 1298/1298/1298 1300/1300/1300 2924/2924/2924
f 2924/2924/2924 1300/1300/1300 1303/1303/1303
f 1300/1300/1300 1299/1299/1299 1303/1303/1303
f 1303/1303/1303 1299/1299/1299 1301/1301/1301
f 1301/1301/1301 1299/1299/1299 1322/1322/1322
f 1322/1322/1322 1302/1302/1302 1301/1301/1301
f 1322/1322/1322 1326/1326/1326 1302/1302/1302
f 1280/1280/1280 1305/1305/1305 1304/1304/1304
f 1280/1280/1280 1277/1277/1277 1300/1300/1300
f 1280/1280/1280 1300/1300/1300 1933/1933/1933
f 2845/2845/2845 1306/1306/1306 1296/1296/1296
f 1296/1296/1296 1297/1297/1297 2845/2845/2845
f 2845/2845/2845 1297/1297/1297 2931/2931/2931
f 1307/1307/1307 2846/2846/2846 1309/1309/1309
f 1308/1308/1308 1309/1309/1309 2846/2846/2846
f 1310/1310/1310 1311/1311/1311 1276/1276/1276
f 1307/1307/1307 1283/1283/1283 2839/2839/2839
f 1307/1307/1307 1309/1309/1309 1312/1312/1312
f 2842/2842/2842 1310/1310/1310 2847/2847/2847
f 2842/2842/2842 1311/1311/1311 1310/1310/1310
f 1309/1309/1309 1317/1317/1317 1312/1312/1312
f 1308/1308/1308 2848/2848/2848 1313/1313/1313
f 1313/1313/1313 1315/1315/1315 1314/1314/1314
f 1313/1313/1313 1309/1309/1309 1308/1308/1308
f 1309/1309/1309 1313/1313/1313 1317/1317/1317
f 1314/1314/1314 1317/1317/1317 1313/1313/1313
f 1315/1315/1315 1313/1313/1313 2848/2848/2848
f 1317/1317/1317 1314/1314/1314 1319/1319/1319
f 1319/1319/1319 2849/2849/2849 1317/1317/1317
f 1279/1279/1279 1281/1281/1281 1278/1278/1278
f 1279/1279/1279 1320/1320/1320 1281/1281/1281
f 1277/1277/1277 1321/1321/1321 1300/1300/1300
f 1300/1300/1300 1321/1321/1321 1299/1299/1299
f 1279/1279/1279 1321/1321/1321 1320/1320/1320
f 1321/1321/1321 1281/1281/1281 1320/1320/1320
f 1321/1321/1321 1322/1322/1322 1299/1299/1299
f 1312/1312/1312 1285/1285/1285 1307/1307/1307
f 1283/1283/1283 1307/1307/1307 1285/1285/1285
f 1312/1312/1312 1323/1323/1323 1285/1285/1285
f 1312/1312/1312 1317/1317/1317 1323/1323/1323
f 1318/1318/1318 1323/1323/1323 1317/1317/1317
f 1330/1330/1330 1286/1286/1286 1285/1285/1285
f 1323/1323/1323 1330/1330/1330 1285/1285/1285
f 1328/1328/1328 1330/1330/1330 1323/1323/1323
f 1323/1323/1323 1318/1318/1318 1328/1328/1328
f 1317/1317/1317 2849/2849/2849 1318/1318/1318
f 1289/1289/1289 1290/1290/1290 1279/1279/1279
f 1279/1279/1279 1290/1290/1290 1325/1325/1325
f 1324/1324/1324 1318/1318/1318 2849/2849/2849
f 1279/1279/1279 1325/1325/1325 1321/1321/1321
f 1325/1325/1325 1322/1322/1322 1321/1321/1321
f 1325/1325/1325 1326/1326/1326 1322/1322/1322
f 1325/1325/1325 1333/1333/1333 1326/1326/1326
f 1286/1286/1286 1330/1330/1330 1331/1331/1331
f 1318/1318/1318 1329/1329/1329 1328/1328/1328
f 1330/1330/1330 1270/1270/1270 1331/1331/1331
f 1330/1330/1330 1328/1328/1328 1270/1270/1270
f 1292/1292/1292 1331/1331/1331 1270/1270/1270
f 1292/1292/1292 1286/1286/1286 1331/1331/1331
f 1329/1329/1329 1270/1270/1270 1328/1328/1328
f 1329/1329/1329 1332/1332/1332 1270/1270/1270
f 1324/1324/1324 1329/1329/1329 1318/1318/1318
f 1324/1324/1324 1327/1327/1327 1329/1329/1329
f 1293/1293/1293 1333/1333/1333 1325/1325/1325
f 1332/1332/1332 1329/1329/1329 1334/1334/1334
f 1293/1293/1293 1269/1269/1269 1333/1333/1333
f 1332/1332/1332 1269/1269/1269 1270/1270/1270
f 1269/1269/1269 1332/1332/1332 1333/1333/1333
f 1327/1327/1327 1334/1334/1334 1329/1329/1329
f 1332/1332/1332 1334/1334/1334 1333/1333/1333
f 1335/1335/1335 1339/1339/1339 1360/1360/1360
f 1336/1336/1336 1337/1337/1337 1360/1360/1360
f 1337/1337/1337 1338/1338/1338 1360/1360/1360
f 1336/1336/1336 1360/1360/1360 1339/1339/1339
f 1338/1338/1338 1340/1340/1340 1360/1360/1360
f 1340/1340/1340 1341/1341/1341 1360/1360/1360
f 1341/1341/1341 1342/1342/1342 1360/1360/1360
f 1344/1344/1344 1343/1343/1343 1345/1345/1345
f 1347/1347/1347 1346/1346/1346 1345/1345/1345
f 1344/1344/1344 1345/1345/1345 1346/1346/1346
f 1347/1347/1347 1345/1345/1345 1348/1348/1348
f 1348/1348/1348 1345/1345/1345 1349/1349/1349
f 1349/1349/1349 1345/1345/1345 1350/1350/1350
f 1345/1345/1345 1351/1351/1351 1350/1350/1350
f 1353/1353/1353 1342/1342/1342 1352/1352/1352
f 1352/1352/1352 1342/1342/1342 1341/1341/1341
f 1354/1354/1354 1360/1360/1360 1342/1342/1342
f 1354/1354/1354 1357/1357/1357 1360/1360/1360
f 1355/1355/1355 1356/1356/1356 1357/1357/1357
f 1356/1356/1356 1360/1360/1360 1357/1357/1357
f 1358/1358/1358 1359/1359/1359 1360/1360/1360
f 1359/1359/1359 1361/1361/1361 1360/1360/1360
f 1361/1361/1361 1362/1362/1362 1360/1360/1360
f 1358/1358/1358 1360/1360/1360 1356/1356/1356
f 1364/1364/1364 1635/1635/1635 1365/1365/1365
f 1351/1351/1351 1635/1635/1635 1363/1363/1363
f 1635/1635/1635 1364/1364/1364 1363/1363/1363
f 1345/1345/1345 1635/1635/1635 1351/1351/1351
f 1362/1362/1362 1366/1366/1366 1360/1360/1360
f 1366/1366/1366 1635/1635/1635 1360/1360/1360
f 1366/1366/1366 1367/1367/1367 1635/1635/1635
f 1365/1365/1365 1635/1635/1635 1368/1368/1368
f 1367/1367/1367 1369/1369/1369 1635/1635/1635
f 1368/1368/1368 1635/1635/1635 1369/1369/1369
f 1370/1370/1370 1371/1371/1371 1372/1372/1372
f 1372/1372/1372 1384/1384/1384 1373/1373/1373
f 1372/1372/1372 1371/1371/1371 1384/1384/1384
f 1371/1371/1371 1374/1374/1374 1384/1384/1384
f 1375/1375/1375 1384/1384/1384 1374/1374/1374
f 1375/1375/1375 1376/1376/1376 1384/1384/1384
f 1377/1377/1377 1384/1384/1384 1376/1376/1376
f 1384/1384/1384 1377/1377/1377 1378/1378/1378
f 1373/1373/1373 1384/1384/1384 1379/1379/1379
f 1380/1380/1380 1379/1379/1379 1384/1384/1384
f 1384/1384/1384 1381/1381/1381 1380/1380/1380
f 1380/1380/1380 1381/1381/1381 1382/1382/1382
f 1384/1384/1384 1385/1385/1385 1381/1381/1381
f 1381/1381/1381 1385/1385/1385 1383/1383/1383
f 1386/1386/1386 1387/1387/1387 1378/1378/1378
f 1388/1388/1388 1387/1387/1387 1386/1386/1386
f 1378/1378/1378 1387/1387/1387 1384/1384/1384
f 1387/1387/1387 1385/1385/1385 1384/1384/1384
f 1387/1387/1387 1389/1389/1389 1385/1385/1385
f 1387/1387/1387 1390/1390/1390 1389/1389/1389
f 1389/1389/1389 1391/1391/1391 1392/1392/1392
f 1389/1389/1389 1392/1392/1392 1385/1385/1385
f 1392/1392/1392 1393/1393/1393 1385/1385/1385
f 1393/1393/1393 1394/1394/1394 1385/1385/1385
f 1395/1395/1395 1419/1419/1419 1394/1394/1394
f 1394/1394/1394 1419/1419/1419 1385/1385/1385
f 1383/1383/1383 1385/1385/1385 1396/1396/1396
f 1397/1397/1397 1396/1396/1396 1385/1385/1385
f 1397/1397/1397 1385/1385/1385 1398/1398/1398
f 1398/1398/1398 1385/1385/1385 1399/1399/1399
f 1400/1400/1400 1399/1399/1399 1385/1385/1385
f 1400/1400/1400 1385/1385/1385 1401/1401/1401
f 1401/1401/1401 1385/1385/1385 1402/1402/1402
f 1403/1403/1403 1404/1404/1404 1444/1444/1444
f 1406/1406/1406 1405/1405/1405 1444/1444/1444
f 1406/1406/1406 1444/1444/1444 1407/1407/1407
f 1405/1405/1405 1403/1403/1403 1444/1444/1444
f 1408/1408/1408 1407/1407/1407 1444/1444/1444
f 1408/1408/1408 1444/1444/1444 1410/1410/1410
f 1444/1444/1444 1409/1409/1409 1410/1410/1410
f 1410/1410/1410 1409/1409/1409 1411/1411/1411
f 1414/1414/1414 1409/1409/1409 1420/1420/1420
f 1411/1411/1411 1409/1409/1409 1412/1412/1412
f 1409/1409/1409 1413/1413/1413 1412/1412/1412
f 1413/1413/1413 1409/1409/1409 1414/1414/1414
f 1419/1419/1419 1415/1415/1415 1416/1416/1416
f 1415/1415/1415 1417/1417/1417 1416/1416/1416
f 1418/1418/1418 1415/1415/1415 1395/1395/1395
f 1415/1415/1415 1419/1419/1419 1395/1395/1395
f 1422/1422/1422 1421/1421/1421 1423/1423/1423
f 1421/1421/1421 1420/1420/1420 1423/1423/1423
f 1409/1409/1409 1423/1423/1423 1420/1420/1420
f 1422/1422/1422 1423/1423/1423 1424/1424/1424
f 1424/1424/1424 1423/1423/1423 1425/1425/1425
f 1425/1425/1425 1423/1423/1423 1426/1426/1426
f 1426/1426/1426 1423/1423/1423 1427/1427/1427
f 1429/1429/1429 1430/1430/1430 1431/1431/1431
f 1434/1434/1434 1431/1431/1431 1430/1430/1430
f 1431/1431/1431 1434/1434/1434 1432/1432/1432
f 1427/1427/1427 1423/1423/1423 1430/1430/1430
f 1423/1423/1423 1434/1434/1434 1430/1430/1430
f 1433/1433/1433 1432/1432/1432 1434/1434/1434
f 1433/1433/1433 1434/1434/1434 1435/1435/1435
f 1436/1436/1436 1435/1435/1435 1434/1434/1434
f 1436/1436/1436 1434/1434/1434 1437/1437/1437
f 1434/1434/1434 1428/1428/1428 1437/1437/1437
f 1445/1445/1445 1423/1423/1423 1409/1409/1409
f 1423/1423/1423 1445/1445/1445 1419/1419/1419
f 1439/1439/1439 1440/1440/1440 1444/1444/1444
f 1438/1438/1438 1444/1444/1444 1440/1440/1440
f 1442/1442/1442 1444/1444/1444 1443/1443/1443
f 1441/1441/1441 1444/1444/1444 1442/1442/1442
f 1439/1439/1439 1444/1444/1444 1441/1441/1441
f 1360/1360/1360 1409/1409/1409 1444/1444/1444
f 1335/1335/1335 1444/1444/1444 1438/1438/1438
f 1335/1335/1335 1360/1360/1360 1444/1444/1444
f 1444/1444/1444 1404/1404/1404 1443/1443/1443
f 1409/1409/1409 1360/1360/1360 1445/1445/1445
f 1360/1360/1360 1446/1446/1446 1445/1445/1445
f 1360/1360/1360 1447/1447/1447 1446/1446/1446
f 1416/1416/1416 1448/1448/1448 1419/1419/1419
f 1449/1449/1449 1450/1450/1450 1452/1452/1452
f 1450/1450/1450 1451/1451/1451 1452/1452/1452
f 1419/1419/1419 1448/1448/1448 1453/1453/1453
f 1453/1453/1453 1454/1454/1454 1455/1455/1455
f 1453/1453/1453 1455/1455/1455 1452/1452/1452
f 1419/1419/1419 1453/1453/1453 1452/1452/1452
f 1455/1455/1455 1449/1449/1449 1452/1452/1452
f 1402/1402/1402 1385/1385/1385 1456/1456/1456
f 1457/1457/1457 1458/1458/1458 1451/1451/1451
f 1452/1452/1452 1451/1451/1451 1461/1461/1461
f 1451/1451/1451 1458/1458/1458 1461/1461/1461
f 1459/1459/1459 1461/1461/1461 1458/1458/1458
f 1459/1459/1459 1460/1460/1460 1461/1461/1461
f 1462/1462/1462 1461/1461/1461 1460/1460/1460
f 1461/1461/1461 1491/1491/1491 1452/1452/1452
f 1463/1463/1463 1461/1461/1461 1462/1462/1462
f 1463/1463/1463 1464/1464/1464 1461/1461/1461
f 1464/1464/1464 1465/1465/1465 1491/1491/1491
f 1466/1466/1466 1467/1467/1467 1465/1465/1465
f 1467/1467/1467 1468/1468/1468 1465/1465/1465
f 1468/1468/1468 1491/1491/1491 1465/1465/1465
f 1461/1461/1461 1464/1464/1464 1491/1491/1491
f 1452/1452/1452 1491/1491/1491 1419/1419/1419
f 1456/1456/1456 1385/1385/1385 1469/1469/1469
f 1470/1470/1470 1469/1469/1469 1516/1516/1516
f 1469/1469/1469 1385/1385/1385 1516/1516/1516
f 1471/1471/1471 1470/1470/1470 1472/1472/1472
f 1472/1472/1472 1470/1470/1470 1516/1516/1516
f 1474/1474/1474 1473/1473/1473 1516/1516/1516
f 1516/1516/1516 1473/1473/1473 1472/1472/1472
f 1475/1475/1475 1474/1474/1474 1516/1516/1516
f 1476/1476/1476 1475/1475/1475 1516/1516/1516
f 1516/1516/1516 1479/1479/1479 1476/1476/1476
f 1477/1477/1477 1476/1476/1476 1479/1479/1479
f 1445/1445/1445 1385/1385/1385 1419/1419/1419
f 1480/1480/1480 1428/1428/1428 1491/1491/1491
f 1428/1428/1428 1434/1434/1434 1491/1491/1491
f 1480/1480/1480 1491/1491/1491 1481/1481/1481
f 1482/1482/1482 1491/1491/1491 1468/1468/1468
f 1482/1482/1482 1483/1483/1483 1491/1491/1491
f 1481/1481/1481 1491/1491/1491 1484/1484/1484
f 1491/1491/1491 1492/1492/1492 1484/1484/1484
f 1491/1491/1491 1434/1434/1434 1423/1423/1423
f 1423/1423/1423 1419/1419/1419 1491/1491/1491
f 1428/1428/1428 1480/1480/1480 1485/1485/1485
f 1483/1483/1483 1486/1486/1486 1491/1491/1491
f 1486/1486/1486 1487/1487/1487 1491/1491/1491
f 1487/1487/1487 1488/1488/1488 1491/1491/1491
f 1488/1488/1488 1489/1489/1489 1491/1491/1491
f 1484/1484/1484 1492/1492/1492 1493/1493/1493
f 1493/1493/1493 1492/1492/1492 1494/1494/1494
f 1489/1489/1489 1490/1490/1490 1492/1492/1492
f 1495/1495/1495 1492/1492/1492 1490/1490/1490
f 1492/1492/1492 1491/1491/1491 1489/1489/1489
f 1496/1496/1496 1492/1492/1492 1495/1495/1495
f 1496/1496/1496 1497/1497/1497 1492/1492/1492
f 1494/1494/1494 1492/1492/1492 1498/1498/1498
f 1498/1498/1498 1492/1492/1492 1497/1497/1497
f 1445/1445/1445 1446/1446/1446 1499/1499/1499
f 1478/1478/1478 1477/1477/1477 1479/1479/1479
f 1478/1478/1478 1479/1479/1479 1500/1500/1500
f 1500/1500/1500 1479/1479/1479 1501/1501/1501
f 1479/1479/1479 1502/1502/1502 1501/1501/1501
f 1502/1502/1502 1479/1479/1479 1503/1503/1503
f 1516/1516/1516 1499/1499/1499 1479/1479/1479
f 1479/1479/1479 1499/1499/1499 1504/1504/1504
f 1503/1503/1503 1479/1479/1479 1505/1505/1505
f 1479/1479/1479 1506/1506/1506 1507/1507/1507
f 1479/1479/1479 1507/1507/1507 1505/1505/1505
f 1479/1479/1479 1504/1504/1504 1506/1506/1506
f 1506/1506/1506 1504/1504/1504 1508/1508/1508
f 1509/1509/1509 1508/1508/1508 1504/1504/1504
f 1504/1504/1504 1510/1510/1510 1509/1509/1509
f 1510/1510/1510 1504/1504/1504 1511/1511/1511
f 1511/1511/1511 1513/1513/1513 1512/1512/1512
f 1513/1513/1513 1511/1511/1511 1504/1504/1504
f 1513/1513/1513 1446/1446/1446 1514/1514/1514
f 1446/1446/1446 1513/1513/1513 1504/1504/1504
f 1514/1514/1514 1446/1446/1446 1515/1515/1515
f 1515/1515/1515 1446/1446/1446 1518/1518/1518
f 1446/1446/1446 1504/1504/1504 1499/1499/1499
f 1516/1516/1516 1385/1385/1385 1445/1445/1445
f 1445/1445/1445 1499/1499/1499 1516/1516/1516
f 1447/1447/1447 1517/1517/1517 1446/1446/1446
f 1518/1518/1518 1446/1446/1446 1519/1519/1519
f 1520/1520/1520 1519/1519/1519 1446/1446/1446
f 1520/1520/1520 1446/1446/1446 1521/1521/1521
f 1521/1521/1521 1446/1446/1446 1522/1522/1522
f 1524/1524/1524 1522/1522/1522 1446/1446/1446
f 1524/1524/1524 1446/1446/1446 1525/1525/1525
f 1525/1525/1525 1446/1446/1446 1526/1526/1526
f 1446/1446/1446 1523/1523/1523 1526/1526/1526
f 1523/1523/1523 1554/1554/1554 1527/1527/1527
f 1528/1528/1528 1527/1527/1527 1554/1554/1554
f 1523/1523/1523 1446/1446/1446 1554/1554/1554
f 1528/1528/1528 1554/1554/1554 1529/1529/1529
f 1529/1529/1529 1554/1554/1554 1530/1530/1530
f 1531/1531/1531 1530/1530/1530 1554/1554/1554
f 1517/1517/1517 1554/1554/1554 1446/1446/1446
f 1533/1533/1533 1517/1517/1517 1534/1534/1534
f 1517/1517/1517 1532/1532/1532 1534/1534/1534
f 1533/1533/1533 1535/1535/1535 1517/1517/1517
f 1536/1536/1536 1517/1517/1517 1537/1537/1537
f 1535/1535/1535 1537/1537/1537 1517/1517/1517
f 1542/1542/1542 1544/1544/1544 1561/1561/1561
f 1541/1541/1541 1540/1540/1540 1539/1539/1539
f 1539/1539/1539 1540/1540/1540 1542/1542/1542
f 1542/1542/1542 1560/1560/1560 1539/1539/1539
f 1542/1542/1542 1561/1561/1561 1560/1560/1560
f 1542/1542/1542 1543/1543/1543 1544/1544/1544
f 1543/1543/1543 1545/1545/1545 1544/1544/1544
f 1547/1547/1547 1531/1531/1531 1554/1554/1554
f 1547/1547/1547 1554/1554/1554 1548/1548/1548
f 1554/1554/1554 1549/1549/1549 1548/1548/1548
f 1550/1550/1550 1549/1549/1549 1554/1554/1554
f 1550/1550/1550 1554/1554/1554 1551/1551/1551
f 1551/1551/1551 1554/1554/1554 1552/1552/1552
f 1554/1554/1554 1553/1553/1553 1552/1552/1552
f 1555/1555/1555 1554/1554/1554 1556/1556/1556
f 1553/1553/1553 1554/1554/1554 1557/1557/1557
f 1555/1555/1555 1557/1557/1557 1554/1554/1554
f 1536/1536/1536 1556/1556/1556 1554/1554/1554
f 1536/1536/1536 1554/1554/1554 1517/1517/1517
f 1539/1539/1539 1560/1560/1560 2856/2856/2856
f 2856/2856/2856 1560/1560/1560 1558/1558/1558
f 1544/1544/1544 1559/1559/1559 1561/1561/1561
f 1560/1560/1560 1561/1561/1561 1562/1562/1562
f 1560/1560/1560 1562/1562/1562 1558/1558/1558
f 1562/1562/1562 1561/1561/1561 1715/1715/1715
f 1563/1563/1563 1561/1561/1561 1559/1559/1559
f 1561/1561/1561 1563/1563/1563 1715/1715/1715
f 1566/1566/1566 1700/1700/1700 1565/1565/1565
f 1567/1567/1567 1700/1700/1700 1568/1568/1568
f 1568/1568/1568 1700/1700/1700 1569/1569/1569
f 1570/1570/1570 1571/1571/1571 1700/1700/1700
f 1569/1569/1569 1700/1700/1700 1571/1571/1571
f 1700/1700/1700 1572/1572/1572 1570/1570/1570
f 1572/1572/1572 1700/1700/1700 1573/1573/1573
f 1573/1573/1573 1700/1700/1700 1566/1566/1566
f 1574/1574/1574 2856/2856/2856 1576/1576/1576
f 1576/1576/1576 2856/2856/2856 1575/1575/1575
f 1574/1574/1574 1565/1565/1565 2856/2856/2856
f 1565/1565/1565 1700/1700/1700 2856/2856/2856
f 2856/2856/2856 1577/1577/1577 1575/1575/1575
f 1577/1577/1577 2856/2856/2856 1578/1578/1578
f 1578/1578/1578 2856/2856/2856 1579/1579/1579
f 1579/1579/1579 2856/2856/2856 1580/1580/1580
f 1580/1580/1580 2856/2856/2856 1581/1581/1581
f 1581/1581/1581 2856/2856/2856 1582/1582/1582
f 1583/1583/1583 1582/1582/1582 2856/2856/2856
f 1584/1584/1584 1583/1583/1583 2856/2856/2856
f 1591/1591/1591 1600/1600/1600 1586/1586/1586
f 1586/1586/1586 1585/1585/1585 1591/1591/1591
f 1588/1588/1588 1589/1589/1589 1591/1591/1591
f 1590/1590/1590 1591/1591/1591 1589/1589/1589
f 1587/1587/1587 1588/1588/1588 1591/1591/1591
f 1585/1585/1585 1587/1587/1587 1591/1591/1591
f 1592/1592/1592 1628/1628/1628 1591/1591/1591
f 1592/1592/1592 1591/1591/1591 1590/1590/1590
f 1592/1592/1592 1593/1593/1593 1628/1628/1628
f 1593/1593/1593 1594/1594/1594 1628/1628/1628
f 1595/1595/1595 1628/1628/1628 1594/1594/1594
f 1597/1597/1597 1628/1628/1628 1596/1596/1596
f 1628/1628/1628 1595/1595/1595 1596/1596/1596
f 1597/1597/1597 1598/1598/1598 1628/1628/1628
f 1628/1628/1628 1624/1624/1624 1591/1591/1591
f 1599/1599/1599 1600/1600/1600 1591/1591/1591
f 1343/1343/1343 1601/1601/1601 1591/1591/1591
f 1599/1599/1599 1591/1591/1591 1601/1601/1601
f 1591/1591/1591 1345/1345/1345 1343/1343/1343
f 1625/1625/1625 1603/1603/1603 1604/1604/1604
f 1605/1605/1605 1625/1625/1625 1604/1604/1604
f 1606/1606/1606 1625/1625/1625 1605/1605/1605
f 1606/1606/1606 1616/1616/1616 1625/1625/1625
f 1591/1591/1591 1635/1635/1635 1345/1345/1345
f 1625/1625/1625 1602/1602/1602 1603/1603/1603
f 1602/1602/1602 1607/1607/1607 1603/1603/1603
f 1607/1607/1607 1602/1602/1602 1608/1608/1608
f 1609/1609/1609 1608/1608/1608 1602/1602/1602
f 1609/1609/1609 1602/1602/1602 1610/1610/1610
f 1610/1610/1610 1602/1602/1602 1611/1611/1611
f 1615/1615/1615 1602/1602/1602 1634/1634/1634
f 1611/1611/1611 1602/1602/1602 1612/1612/1612
f 1602/1602/1602 1613/1613/1613 1612/1612/1612
f 1615/1615/1615 1614/1614/1614 1613/1613/1613
f 1613/1613/1613 1602/1602/1602 1615/1615/1615
f 1634/1634/1634 1625/1625/1625 1616/1616/1616
f 1634/1634/1634 1617/1617/1617 1615/1615/1615
f 1617/1617/1617 1634/1634/1634 1616/1616/1616
f 1602/1602/1602 1625/1625/1625 1634/1634/1634
f 1591/1591/1591 1624/1624/1624 1627/1627/1627
f 1598/1598/1598 1618/1618/1618 1628/1628/1628
f 1619/1619/1619 1628/1628/1628 1618/1618/1618
f 1628/1628/1628 1619/1619/1619 1620/1620/1620
f 1625/1625/1625 1621/1621/1621 1634/1634/1634
f 1622/1622/1622 1653/1653/1653 1620/1620/1620
f 1622/1622/1622 1623/1623/1623 1653/1653/1653
f 1634/1634/1634 1627/1627/1627 1625/1625/1625
f 1626/1626/1626 1621/1621/1621 1625/1625/1625
f 1626/1626/1626 1625/1625/1625 1630/1630/1630
f 1625/1625/1625 1627/1627/1627 1630/1630/1630
f 1627/1627/1627 1624/1624/1624 1630/1630/1630
f 1620/1620/1620 1653/1653/1653 1628/1628/1628
f 1628/1628/1628 1678/1678/1678 1633/1633/1633
f 1624/1624/1624 1628/1628/1628 1629/1629/1629
f 1629/1629/1629 1628/1628/1628 1633/1633/1633
f 1629/1629/1629 1713/1713/1713 1624/1624/1624
f 1624/1624/1624 1713/1713/1713 1630/1630/1630
f 1630/1630/1630 1713/1713/1713 1712/1712/1712
f 1631/1631/1631 1713/1713/1713 1629/1629/1629
f 1629/1629/1629 1632/1632/1632 1631/1631/1631
f 1629/1629/1629 1633/1633/1633 1632/1632/1632
f 1591/1591/1591 1627/1627/1627 1635/1635/1635
f 1360/1360/1360 1635/1635/1635 1447/1447/1447
f 1634/1634/1634 1636/1636/1636 1627/1627/1627
f 1637/1637/1637 1653/1653/1653 1638/1638/1638
f 1653/1653/1653 1639/1639/1639 1638/1638/1638
f 1639/1639/1639 1653/1653/1653 1623/1623/1623
f 1637/1637/1637 1640/1640/1640 1653/1653/1653
f 1640/1640/1640 1641/1641/1641 1653/1653/1653
f 1641/1641/1641 1642/1642/1642 1653/1653/1653
f 1653/1653/1653 1642/1642/1642 1643/1643/1643
f 1634/1634/1634 1621/1621/1621 1636/1636/1636
f 1646/1646/1646 1653/1653/1653 1647/1647/1647
f 1647/1647/1647 1653/1653/1653 1645/1645/1645
f 1653/1653/1653 1644/1644/1644 1645/1645/1645
f 1643/1643/1643 1644/1644/1644 1653/1653/1653
f 1646/1646/1646 1648/1648/1648 1653/1653/1653
f 1621/1621/1621 1649/1649/1649 1636/1636/1636
f 1636/1636/1636 1635/1635/1635 1627/1627/1627
f 1635/1635/1635 1636/1636/1636 1447/1447/1447
f 1626/1626/1626 1649/1649/1649 1621/1621/1621
f 1649/1649/1649 1712/1712/1712 1538/1538/1538
f 1650/1650/1650 1653/1653/1653 1651/1651/1651
f 1652/1652/1652 1653/1653/1653 1650/1650/1650
f 1653/1653/1653 1678/1678/1678 1628/1628/1628
f 1659/1659/1659 1655/1655/1655 1654/1654/1654
f 1659/1659/1659 1678/1678/1678 1655/1655/1655
f 1658/1658/1658 1657/1657/1657 1656/1656/1656
f 1658/1658/1658 1670/1670/1670 1678/1678/1678
f 1659/1659/1659 1657/1657/1657 1678/1678/1678
f 1657/1657/1657 1658/1658/1658 1678/1678/1678
f 1655/1655/1655 1678/1678/1678 1660/1660/1660
f 1661/1661/1661 1662/1662/1662 1678/1678/1678
f 1661/1661/1661 1678/1678/1678 1663/1663/1663
f 1660/1660/1660 1678/1678/1678 1662/1662/1662
f 1648/1648/1648 1664/1664/1664 1653/1653/1653
f 1651/1651/1651 1653/1653/1653 1664/1664/1664
f 1652/1652/1652 1665/1665/1665 1653/1653/1653
f 1665/1665/1665 1666/1666/1666 1653/1653/1653
f 1666/1666/1666 1667/1667/1667 1653/1653/1653
f 1667/1667/1667 1678/1678/1678 1653/1653/1653
f 1667/1667/1667 1669/1669/1669 1678/1678/1678
f 1668/1668/1668 1678/1678/1678 1669/1669/1669
f 1663/1663/1663 1678/1678/1678 1668/1668/1668
f 1670/1670/1670 1671/1671/1671 1678/1678/1678
f 1672/1672/1672 1678/1678/1678 1671/1671/1671
f 1672/1672/1672 1673/1673/1673 1678/1678/1678
f 1673/1673/1673 1674/1674/1674 1678/1678/1678
f 1674/1674/1674 1690/1690/1690 1678/1678/1678
f 1674/1674/1674 1675/1675/1675 1690/1690/1690
f 1675/1675/1675 1676/1676/1676 1690/1690/1690
f 1676/1676/1676 1677/1677/1677 1690/1690/1690
f 1633/1633/1633 1678/1678/1678 1690/1690/1690
f 1679/1679/1679 1690/1690/1690 1677/1677/1677
f 1679/1679/1679 1680/1680/1680 1690/1690/1690
f 1680/1680/1680 1681/1681/1681 1690/1690/1690
f 1681/1681/1681 1682/1682/1682 1690/1690/1690
f 1682/1682/1682 1683/1683/1683 1690/1690/1690
f 1683/1683/1683 1684/1684/1684 1690/1690/1690
f 1684/1684/1684 1685/1685/1685 1690/1690/1690
f 1685/1685/1685 1686/1686/1686 1690/1690/1690
f 1687/1687/1687 1721/1721/1721 1686/1686/1686
f 1686/1686/1686 1721/1721/1721 1690/1690/1690
f 1688/1688/1688 1721/1721/1721 1687/1687/1687
f 1688/1688/1688 1689/1689/1689 1721/1721/1721
f 1721/1721/1721 1691/1691/1691 1690/1690/1690
f 1633/1633/1633 1690/1690/1690 1691/1691/1691
f 1636/1636/1636 1692/1692/1692 1447/1447/1447
f 1447/1447/1447 1692/1692/1692 1517/1517/1517
f 1517/1517/1517 1692/1692/1692 1693/1693/1693
f 1636/1636/1636 1649/1649/1649 1692/1692/1692
f 1694/1694/1694 1693/1693/1693 1695/1695/1695
f 1696/1696/1696 1693/1693/1693 1697/1697/1697
f 1696/1696/1696 1695/1695/1695 1693/1693/1693
f 1698/1698/1698 1697/1697/1697 1708/1708/1708
f 1697/1697/1697 1693/1693/1693 1708/1708/1708
f 1698/1698/1698 1708/1708/1708 1699/1699/1699
f 1532/1532/1532 1517/1517/1517 1701/1701/1701
f 1701/1701/1701 1517/1517/1517 1702/1702/1702
f 1517/1517/1517 1693/1693/1693 1702/1702/1702
f 1694/1694/1694 1702/1702/1702 1693/1693/1693
f 1699/1699/1699 1708/1708/1708 1703/1703/1703
f 1704/1704/1704 1703/1703/1703 1708/1708/1708
f 1705/1705/1705 1704/1704/1704 1708/1708/1708
f 1705/1705/1705 1708/1708/1708 1706/1706/1706
f 1706/1706/1706 1708/1708/1708 1707/1707/1707
f 1707/1707/1707 1708/1708/1708 1709/1709/1709
f 1709/1709/1709 1708/1708/1708 1710/1710/1710
f 1708/1708/1708 1700/1700/1700 1710/1710/1710
f 1710/1710/1710 1700/1700/1700 1711/1711/1711
f 1700/1700/1700 1567/1567/1567 1711/1711/1711
f 1700/1700/1700 1708/1708/1708 1692/1692/1692
f 1692/1692/1692 1649/1649/1649 1700/1700/1700
f 1538/1538/1538 1539/1539/1539 1700/1700/1700
f 1539/1539/1539 2856/2856/2856 1700/1700/1700
f 1692/1692/1692 1708/1708/1708 1693/1693/1693
f 1539/1539/1539 1538/1538/1538 1541/1541/1541
f 1538/1538/1538 1700/1700/1700 1649/1649/1649
f 1712/1712/1712 1649/1649/1649 1630/1630/1630
f 1649/1649/1649 1626/1626/1626 1630/1630/1630
f 1538/1538/1538 1712/1712/1712 1541/1541/1541
f 1712/1712/1712 1540/1540/1540 1541/1541/1541
f 1713/1713/1713 1631/1631/1631 1729/1729/1729
f 1713/1713/1713 1540/1540/1540 1712/1712/1712
f 1713/1713/1713 1543/1543/1543 1540/1540/1540
f 1713/1713/1713 1546/1546/1546 1543/1543/1543
f 1631/1631/1631 1632/1632/1632 1714/1714/1714
f 1729/1729/1729 1631/1631/1631 1714/1714/1714
f 1689/1689/1689 1716/1716/1716 1721/1721/1721
f 1716/1716/1716 1717/1717/1717 1721/1721/1721
f 1717/1717/1717 1718/1718/1718 1721/1721/1721
f 1718/1718/1718 1719/1719/1719 1721/1721/1721
f 1719/1719/1719 1720/1720/1720 1721/1721/1721
f 1720/1720/1720 1722/1722/1722 1721/1721/1721
f 1722/1722/1722 1723/1723/1723 1721/1721/1721
f 1722/1722/1722 1724/1724/1724 1723/1723/1723
f 1725/1725/1725 1723/1723/1723 1724/1724/1724
f 1723/1723/1723 1691/1691/1691 1721/1721/1721
f 1633/1633/1633 1691/1691/1691 1726/1726/1726
f 1633/1633/1633 1726/1726/1726 1632/1632/1632
f 1632/1632/1632 1726/1726/1726 1727/1727/1727
f 1729/1729/1729 1546/1546/1546 1713/1713/1713
f 1546/1546/1546 1729/1729/1729 1728/1728/1728
f 1729/1729/1729 1714/1714/1714 1728/1728/1728
f 1730/1730/1730 1546/1546/1546 1728/1728/1728
f 1733/1733/1733 2857/2857/2857 1730/1730/1730
f 1714/1714/1714 1731/1731/1731 1728/1728/1728
f 1728/1728/1728 1732/1732/1732 1730/1730/1730
f 1733/1733/1733 1730/1730/1730 1732/1732/1732
f 1732/1732/1732 1728/1728/1728 1733/1733/1733
f 1734/1734/1734 2857/2857/2857 1733/1733/1733
f 1735/1735/1735 1825/1825/1825 1736/1736/1736
f 1737/1737/1737 1736/1736/1736 1825/1825/1825
f 1737/1737/1737 1825/1825/1825 1738/1738/1738
f 1738/1738/1738 1825/1825/1825 1739/1739/1739
f 1740/1740/1740 1739/1739/1739 1825/1825/1825
f 1740/1740/1740 1825/1825/1825 1741/1741/1741
f 1741/1741/1741 1825/1825/1825 1742/1742/1742
f 1743/1743/1743 1742/1742/1742 1825/1825/1825
f 2933/2933/2933 1825/1825/1825 1744/1744/1744
f 1748/1748/1748 1749/1749/1749 1778/1778/1778
f 1746/1746/1746 1750/1750/1750 1751/1751/1751
f 1778/1778/1778 1749/1749/1749 1752/1752/1752
f 1752/1752/1752 1750/1750/1750 1778/1778/1778
f 1750/1750/1750 1746/1746/1746 1778/1778/1778
f 1746/1746/1746 1751/1751/1751 1753/1753/1753
f 1747/1747/1747 1753/1753/1753 1751/1751/1751
f 1745/1745/1745 1757/1757/1757 1753/1753/1753
f 1757/1757/1757 1754/1754/1754 1753/1753/1753
f 1753/1753/1753 1755/1755/1755 1746/1746/1746
f 1753/1753/1753 1754/1754/1754 1755/1755/1755
f 1757/1757/1757 1562/1562/1562 1758/1758/1758
f 1756/1756/1756 1829/1829/1829 1755/1755/1755
f 1562/1562/1562 1757/1757/1757 1745/1745/1745
f 1758/1758/1758 1756/1756/1756 1757/1757/1757
f 1754/1754/1754 1757/1757/1757 1755/1755/1755
f 1757/1757/1757 1756/1756/1756 1755/1755/1755
f 1758/1758/1758 2850/2850/2850 1835/1835/1835
f 2850/2850/2850 1860/1860/1860 1835/1835/1835
f 1860/1860/1860 2850/2850/2850 1835/1835/1835
f 1758/1758/1758 1835/1835/1835 1756/1756/1756
f 1756/1756/1756 1835/1835/1835 1759/1759/1759
f 1835/1835/1835 1760/1760/1760 1759/1759/1759
f 1761/1761/1761 1762/1762/1762 1771/1771/1771
f 1763/1763/1763 1761/1761/1761 1771/1771/1771
f 1764/1764/1764 1763/1763/1763 1771/1771/1771
f 1766/1766/1766 1765/1765/1765 1771/1771/1771
f 1767/1767/1767 1764/1764/1764 1771/1771/1771
f 1767/1767/1767 1771/1771/1771 1765/1765/1765
f 1769/1769/1769 1768/1768/1768 1771/1771/1771
f 1768/1768/1768 1766/1766/1766 1771/1771/1771
f 1769/1769/1769 1771/1771/1771 1770/1770/1770
f 1771/1771/1771 2867/2867/2867 2868/2868/2868
f 1772/1772/1772 1746/1746/1746 1755/1755/1755
f 2868/2868/2868 2867/2867/2867 1772/1772/1772
f 1755/1755/1755 1773/1773/1773 1772/1772/1772
f 1829/1829/1829 1827/1827/1827 1773/1773/1773
f 2868/2868/2868 1772/1772/1772 1773/1773/1773
f 1776/1776/1776 1777/1777/1777 1775/1775/1775
f 1777/1777/1777 1774/1774/1774 1775/1775/1775
f 1774/1774/1774 1778/1778/1778 1775/1775/1775
f 2867/2867/2867 1778/1778/1778 1746/1746/1746
f 1779/1779/1779 1778/1778/1778 1780/1780/1780
f 1748/1748/1748 1778/1778/1778 1779/1779/1779
f 1781/1781/1781 1780/1780/1780 1774/1774/1774
f 1780/1780/1780 1778/1778/1778 1774/1774/1774
f 1778/1778/1778 2867/2867/2867 1775/1775/1775
f 1785/1785/1785 1786/1786/1786 1775/1775/1775
f 1784/1784/1784 1775/1775/1775 1786/1786/1786
f 1776/1776/1776 1775/1775/1775 1784/1784/1784
f 1785/1785/1785 1775/1775/1775 1783/1783/1783
f 1782/1782/1782 1783/1783/1783 1787/1787/1787
f 1783/1783/1783 2867/2867/2867 1787/1787/1787
f 1787/1787/1787 2867/2867/2867 1788/1788/1788
f 1783/1783/1783 1775/1775/1775 2867/2867/2867
f 1788/1788/1788 2867/2867/2867 1790/1790/1790
f 2867/2867/2867 1789/1789/1789 1790/1790/1790
f 1790/1790/1790 1789/1789/1789 1791/1791/1791
f 1792/1792/1792 1793/1793/1793 2867/2867/2867
f 1793/1793/1793 1789/1789/1789 2867/2867/2867
f 1792/1792/1792 2867/2867/2867 1762/1762/1762
f 2867/2867/2867 1771/1771/1771 1762/1762/1762
f 1795/1795/1795 1800/1800/1800 1796/1796/1796
f 1800/1800/1800 1771/1771/1771 1796/1796/1796
f 1770/1770/1770 1771/1771/1771 1798/1798/1798
f 1798/1798/1798 1771/1771/1771 1797/1797/1797
f 1797/1797/1797 1771/1771/1771 1799/1799/1799
f 1799/1799/1799 1771/1771/1771 1800/1800/1800
f 1801/1801/1801 1796/1796/1796 1802/1802/1802
f 1802/1802/1802 1806/1806/1806 1803/1803/1803
f 1771/1771/1771 1806/1806/1806 1796/1796/1796
f 1806/1806/1806 1802/1802/1802 1796/1796/1796
f 1803/1803/1803 1806/1806/1806 1804/1804/1804
f 1810/1810/1810 1805/1805/1805 1806/1806/1806
f 1805/1805/1805 1804/1804/1804 1806/1806/1806
f 1771/1771/1771 2868/2868/2868 1806/1806/1806
f 1807/1807/1807 1808/1808/1808 1806/1806/1806
f 1809/1809/1809 1810/1810/1810 1806/1806/1806
f 1808/1808/1808 1811/1811/1811 1806/1806/1806
f 1811/1811/1811 1812/1812/1812 1806/1806/1806
f 1809/1809/1809 1806/1806/1806 1812/1812/1812
f 1806/1806/1806 2868/2868/2868 1794/1794/1794
f 1773/1773/1773 1794/1794/1794 2868/2868/2868
f 1813/1813/1813 1820/1820/1820 1814/1814/1814
f 1814/1814/1814 1815/1815/1815 1816/1816/1816
f 1814/1814/1814 1820/1820/1820 1815/1815/1815
f 1815/1815/1815 1820/1820/1820 1817/1817/1817
f 1817/1817/1817 1820/1820/1820 1818/1818/1818
f 1818/1818/1818 1820/1820/1820 1819/1819/1819
f 1820/1820/1820 1827/1827/1827 1825/1825/1825
f 1827/1827/1827 1820/1820/1820 1794/1794/1794
f 1821/1821/1821 1807/1807/1807 1806/1806/1806
f 1821/1821/1821 1806/1806/1806 1813/1813/1813
f 1794/1794/1794 1820/1820/1820 1806/1806/1806
f 1806/1806/1806 1820/1820/1820 1813/1813/1813
f 1822/1822/1822 1819/1819/1819 1820/1820/1820
f 1823/1823/1823 1822/1822/1822 1820/1820/1820
f 1823/1823/1823 1820/1820/1820 1824/1824/1824
f 1820/1820/1820 1825/1825/1825 1824/1824/1824
f 1826/1826/1826 1824/1824/1824 1825/1825/1825
f 1826/1826/1826 1825/1825/1825 1735/1735/1735
f 1827/1827/1827 1794/1794/1794 1773/1773/1773
f 1829/1829/1829 1773/1773/1773 1755/1755/1755
f 1829/1829/1829 1830/1830/1830 1827/1827/1827
f 1756/1756/1756 1759/1759/1759 1829/1829/1829
f 1759/1759/1759 1831/1831/1831 1829/1829/1829
f 1759/1759/1759 1836/1836/1836 1831/1831/1831
f 1831/1831/1831 1836/1836/1836 1833/1833/1833
f 1831/1831/1831 1833/1833/1833 1829/1829/1829
f 1833/1833/1833 1864/1864/1864 1863/1863/1863
f 1829/1829/1829 1833/1833/1833 1830/1830/1830
f 1833/1833/1833 1836/1836/1836 1864/1864/1864
f 1830/1830/1830 1744/1744/1744 1827/1827/1827
f 1827/1827/1827 1744/1744/1744 1825/1825/1825
f 1861/1861/1861 1828/1828/1828 1833/1833/1833
f 1828/1828/1828 1832/1832/1832 1833/1833/1833
f 1863/1863/1863 2887/2887/2887 1833/1833/1833
f 1744/1744/1744 1833/1833/1833 1832/1832/1832
f 1830/1830/1830 1833/1833/1833 1744/1744/1744
f 1834/1834/1834 1760/1760/1760 1545/1545/1545
f 1837/1837/1837 1865/1865/1865 1838/1838/1838
f 1760/1760/1760 1836/1836/1836 1759/1759/1759
f 1760/1760/1760 1834/1834/1834 1836/1836/1836
f 1834/1834/1834 1837/1837/1837 1836/1836/1836
f 1834/1834/1834 1865/1865/1865 1837/1837/1837
f 1836/1836/1836 1837/1837/1837 1867/1867/1867
f 1836/1836/1836 1867/1867/1867 1864/1864/1864
f 1864/1864/1864 1867/1867/1867 1868/1868/1868
f 1839/1839/1839 2851/2851/2851 1840/1840/1840
f 1841/1841/1841 1840/1840/1840 2851/2851/2851
f 1841/1841/1841 2851/2851/2851 1842/1842/1842
f 2851/2851/2851 1843/1843/1843 1842/1842/1842
f 1843/1843/1843 2851/2851/2851 1844/1844/1844
f 1845/1845/1845 1844/1844/1844 2851/2851/2851
f 1845/1845/1845 2851/2851/2851 1846/1846/1846
f 2851/2851/2851 1847/1847/1847 1846/1846/1846
f 1849/1849/1849 1847/1847/1847 2851/2851/2851
f 1849/1849/1849 2851/2851/2851 1850/1850/1850
f 1851/1851/1851 1852/1852/1852 1848/1848/1848
f 1853/1853/1853 1848/1848/1848 1747/1747/1747
f 1848/1848/1848 1753/1753/1753 1747/1747/1747
f 1853/1853/1853 1851/1851/1851 1848/1848/1848
f 1854/1854/1854 1850/1850/1850 2851/2851/2851
f 1855/1855/1855 1854/1854/1854 2851/2851/2851
f 1855/1855/1855 2851/2851/2851 1856/1856/1856
f 2851/2851/2851 1857/1857/1857 1856/1856/1856
f 1857/1857/1857 2851/2851/2851 1858/1858/1858
f 2851/2851/2851 1859/1859/1859 1858/1858/1858
f 1848/1848/1848 1852/1852/1852 2851/2851/2851
f 2851/2851/2851 1852/1852/1852 1859/1859/1859
f 1862/1862/1862 1828/1828/1828 1861/1861/1861
f 1862/1862/1862 1861/1861/1861 1833/1833/1833
f 1828/1828/1828 1862/1862/1862 2886/2886/2886
f 2886/2886/2886 1869/1869/1869 1828/1828/1828
f 2886/2886/2886 1862/1862/1862 2887/2887/2887
f 1862/1862/1862 1833/1833/1833 2887/2887/2887
f 1865/1865/1865 1866/1866/1866 1838/1838/1838
f 1942/1942/1942 1838/1838/1838 1866/1866/1866
f 1942/1942/1942 1837/1837/1837 1838/1838/1838
f 1942/1942/1942 1867/1867/1867 1837/1837/1837
f 2832/2832/2832 1870/1870/1870 1925/1925/1925
f 1872/1872/1872 1871/1871/1871 1875/1875/1875
f 1875/1875/1875 1871/1871/1871 1925/1925/1925
f 1870/1870/1870 1875/1875/1875 1925/1925/1925
f 1870/1870/1870 1873/1873/1873 1875/1875/1875
f 1873/1873/1873 1877/1877/1877 1875/1875/1875
f 1876/1876/1876 1875/1875/1875 1877/1877/1877
f 1875/1875/1875 1876/1876/1876 1878/1878/1878
f 1879/1879/1879 1873/1873/1873 1870/1870/1870
f 1877/1877/1877 1873/1873/1873 1874/1874/1874
f 1881/1881/1881 1884/1884/1884 1885/1885/1885
f 1885/1885/1885 1883/1883/1883 1881/1881/1881
f 1882/1882/1882 1885/1885/1885 1884/1884/1884
f 1882/1882/1882 2392/2392/2392 1885/1885/1885
f 1882/1882/1882 1872/1872/1872 2392/2392/2392
f 1886/1886/1886 1888/1888/1888 1926/1926/1926
f 1886/1886/1886 1926/1926/1926 1887/1887/1887
f 1887/1887/1887 2874/2874/2874 1886/1886/1886
f 1886/1886/1886 2872/2872/2872 1888/1888/1888
f 1930/1930/1930 1926/1926/1926 1888/1888/1888
f 1930/1930/1930 1889/1889/1889 1887/1887/1887
f 1888/1888/1888 2392/2392/2392 1872/1872/1872
f 1887/1887/1887 1889/1889/1889 2874/2874/2874
f 2895/2895/2895 1934/1934/1934 2835/2835/2835
f 1897/1897/1897 2896/2896/2896 2895/2895/2895
f 2835/2835/2835 1897/1897/1897 2895/2895/2895
f 2895/2895/2895 2896/2896/2896 1892/1892/1892
f 2835/2835/2835 1901/1901/1901 1893/1893/1893
f 1893/1893/1893 1894/1894/1894 2835/2835/2835
f 1897/1897/1897 2835/2835/2835 1894/1894/1894
f 1896/1896/1896 1901/1901/1901 2835/2835/2835
f 2896/2896/2896 1897/1897/1897 1898/1898/1898
f 1897/1897/1897 1894/1894/1894 1911/1911/1911
f 1900/1900/1900 1898/1898/1898 1897/1897/1897
f 1897/1897/1897 1911/1911/1911 1900/1900/1900
f 1898/1898/1898 1900/1900/1900 1899/1899/1899
f 1901/1901/1901 1911/1911/1911 1893/1893/1893
f 1893/1893/1893 1911/1911/1911 1894/1894/1894
f 1901/1901/1901 2877/2877/2877 1911/1911/1911
f 2877/2877/2877 1902/1902/1902 1900/1900/1900
f 1900/1900/1900 1903/1903/1903 1899/1899/1899
f 1909/1909/1909 1908/1908/1908 1955/1955/1955
f 1909/1909/1909 1951/1951/1951 1899/1899/1899
f 1899/1899/1899 1908/1908/1908 1909/1909/1909
f 1899/1899/1899 1903/1903/1903 1908/1908/1908
f 1955/1955/1955 1908/1908/1908 1910/1910/1910
f 1908/1908/1908 1922/1922/1922 1910/1910/1910
f 1910/1910/1910 1922/1922/1922 1924/1924/1924
f 2877/2877/2877 1900/1900/1900 1911/1911/1911
f 1913/1913/1913 1891/1891/1891 1912/1912/1912
f 1891/1891/1891 1890/1890/1890 1912/1912/1912
f 1912/1912/1912 1890/1890/1890 1910/1910/1910
f 1924/1924/1924 1912/1912/1912 1910/1910/1910
f 1914/1914/1914 1913/1913/1913 1912/1912/1912
f 1914/1914/1914 1915/1915/1915 1913/1913/1913
f 1914/1914/1914 1881/1881/1881 1915/1915/1915
f 1914/1914/1914 1884/1884/1884 1881/1881/1881
f 1912/1912/1912 1916/1916/1916 1914/1914/1914
f 1912/1912/1912 1924/1924/1924 1916/1916/1916
f 1917/1917/1917 1916/1916/1916 1918/1918/1918
f 1916/1916/1916 1924/1924/1924 1918/1918/1918
f 1916/1916/1916 1917/1917/1917 1914/1914/1914
f 1884/1884/1884 1914/1914/1914 1917/1917/1917
f 1918/1918/1918 1884/1884/1884 1917/1917/1917
f 1908/1908/1908 1903/1903/1903 1922/1922/1922
f 1919/1919/1919 1923/1923/1923 1922/1922/1922
f 1903/1903/1903 1900/1900/1900 1902/1902/1902
f 1929/1929/1929 1903/1903/1903 1920/1920/1920
f 1903/1903/1903 1919/1919/1919 1922/1922/1922
f 1903/1903/1903 1929/1929/1929 1919/1919/1919
f 1919/1919/1919 1929/1929/1929 1927/1927/1927
f 1904/1904/1904 1903/1903/1903 1902/1902/1902
f 1903/1903/1903 1904/1904/1904 1920/1920/1920
f 1907/1907/1907 1921/1921/1921 1904/1904/1904
f 1921/1921/1921 1920/1920/1920 1904/1904/1904
f 1920/1920/1920 1921/1921/1921 1929/1929/1929
f 2877/2877/2877 1923/1923/1923 1902/1902/1902
f 1923/1923/1923 1927/1927/1927 1922/1922/1922
f 1922/1922/1922 1927/1927/1927 1924/1924/1924
f 1904/1904/1904 1906/1906/1906 1907/1907/1907
f 1907/1907/1907 1217/1217/1217 1925/1925/1925
f 1919/1919/1919 1927/1927/1927 1923/1923/1923
f 1907/1907/1907 1929/1929/1929 1921/1921/1921
f 1925/1925/1925 1871/1871/1871 1907/1907/1907
f 1926/1926/1926 1872/1872/1872 1882/1882/1882
f 1924/1924/1924 1927/1927/1927 1926/1926/1926
f 1924/1924/1924 1926/1926/1926 1918/1918/1918
f 1929/1929/1929 1926/1926/1926 1927/1927/1927
f 1926/1926/1926 1884/1884/1884 1918/1918/1918
f 1926/1926/1926 1882/1882/1882 1884/1884/1884
f 1929/1929/1929 1871/1871/1871 1926/1926/1926
f 1887/1887/1887 1926/1926/1926 1928/1928/1928
f 1871/1871/1871 1929/1929/1929 1907/1907/1907
f 1871/1871/1871 1928/1928/1928 1926/1926/1926
f 1871/1871/1871 1872/1872/1872 1926/1926/1926
f 1871/1871/1871 1930/1930/1930 1928/1928/1928
f 1926/1926/1926 1930/1930/1930 1871/1871/1871
f 1875/1875/1875 1888/1888/1888 1872/1872/1872
f 1928/1928/1928 1930/1930/1930 1887/1887/1887
f 1875/1875/1875 1931/1931/1931 1888/1888/1888
f 1877/1877/1877 1878/1878/1878 1876/1876/1876
f 1888/1888/1888 1931/1931/1931 1930/1930/1930
f 1931/1931/1931 1875/1875/1875 1930/1930/1930
f 2880/2880/2880 1930/1930/1930 1878/1878/1878
f 1889/1889/1889 1930/1930/1930 2880/2880/2880
f 1930/1930/1930 1875/1875/1875 1878/1878/1878
f 1873/1873/1873 1879/1879/1879 1874/1874/1874
f 1874/1874/1874 1879/1879/1879 1880/1880/1880
f 1874/1874/1874 1880/1880/1880 2882/2882/2882
f 1880/1880/1880 1305/1305/1305 1932/1932/1932
f 1880/1880/1880 1932/1932/1932 2882/2882/2882
f 2883/2883/2883 1913/1913/1913 1915/1915/1915
f 2883/2883/2883 1915/1915/1915 2944/2944/2944
f 2944/2944/2944 1915/1915/1915 1883/1883/1883
f 1915/1915/1915 1881/1881/1881 1883/1883/1883
f 1883/1883/1883 2453/2453/2453 2944/2944/2944
f 1883/1883/1883 1885/1885/1885 2884/2884/2884
f 1936/1936/1936 1892/1892/1892 1947/1947/1947
f 1940/1940/1940 1937/1937/1937 1938/1938/1938
f 1939/1939/1939 1940/1940/1940 1938/1938/1938
f 1734/1734/1734 1944/1944/1944 1941/1941/1941
f 1942/1942/1942 1941/1941/1941 1943/1943/1943
f 1944/1944/1944 1734/1734/1734 2016/2016/2016
f 1944/1944/1944 2016/2016/2016 1948/1948/1948
f 1935/1935/1935 1936/1936/1936 1947/1947/1947
f 1948/1948/1948 1947/1947/1947 1946/1946/1946
f 1946/1946/1946 1949/1949/1949 1948/1948/1948
f 1941/1941/1941 1944/1944/1944 1949/1949/1949
f 1949/1949/1949 1950/1950/1950 1941/1941/1941
f 1948/1948/1948 1949/1949/1949 1944/1944/1944
f 1949/1949/1949 1946/1946/1946 1950/1950/1950
f 1943/1943/1943 1950/1950/1950 1954/1954/1954
f 1943/1943/1943 1941/1941/1941 1950/1950/1950
f 1950/1950/1950 1951/1951/1951 1954/1954/1954
f 1950/1950/1950 1946/1946/1946 1951/1951/1951
f 1942/1942/1942 1943/1943/1943 1954/1954/1954
f 2889/2889/2889 1942/1942/1942 1954/1954/1954
f 2871/2871/2871 2889/2889/2889 1954/1954/1954
f 2871/2871/2871 1954/1954/1954 1952/1952/1952
f 2870/2870/2870 1953/1953/1953 1939/1939/1939
f 1952/1952/1952 1957/1957/1957 2871/2871/2871
f 2871/2871/2871 1953/1953/1953 2870/2870/2870
f 1953/1953/1953 2871/2871/2871 1957/1957/1957
f 1955/1955/1955 1952/1952/1952 1954/1954/1954
f 1952/1952/1952 1955/1955/1955 1957/1957/1957
f 1951/1951/1951 2888/2888/2888 1954/1954/1954
f 1909/1909/1909 1955/1955/1955 1954/1954/1954
f 1957/1957/1957 1955/1955/1955 1958/1958/1958
f 1957/1957/1957 1958/1958/1958 2027/2027/2027
f 1958/1958/1958 1955/1955/1955 1890/1890/1890
f 1959/1959/1959 1960/1960/1960 1961/1961/1961
f 1962/1962/1962 1963/1963/1963 2890/2890/2890
f 1964/1964/1964 1965/1965/1965 2890/2890/2890
f 1968/1968/1968 1969/1969/1969 1966/1966/1966
f 1969/1969/1969 1967/1967/1967 1966/1966/1966
f 1969/1969/1969 1971/1971/1971 1967/1967/1967
f 1972/1972/1972 1973/1973/1973 1961/1961/1961
f 1972/1972/1972 1961/1961/1961 1974/1974/1974
f 1961/1961/1961 1966/1966/1966 1974/1974/1974
f 1959/1959/1959 1961/1961/1961 1973/1973/1973
f 1970/1970/1970 1974/1974/1974 1967/1967/1967
f 1974/1974/1974 1966/1966/1966 1967/1967/1967
f 1975/1975/1975 1968/1968/1968 2890/2890/2890
f 1968/1968/1968 1966/1966/1966 2890/2890/2890
f 1965/1965/1965 1975/1975/1975 2890/2890/2890
f 1961/1961/1961 2890/2890/2890 1966/1966/1966
f 1961/1961/1961 2006/2006/2006 2890/2890/2890
f 2005/2005/2005 2013/2013/2013 2006/2006/2006
f 1976/1976/1976 1961/1961/1961 1977/1977/1977
f 1961/1961/1961 1960/1960/1960 1977/1977/1977
f 1976/1976/1976 1978/1978/1978 1961/1961/1961
f 1979/1979/1979 1961/1961/1961 1978/1978/1978
f 1979/1979/1979 1981/1981/1981 1961/1961/1961
f 1979/1979/1979 1980/1980/1980 1981/1981/1981
f 1982/1982/1982 1961/1961/1961 1981/1981/1981
f 1982/1982/1982 1983/1983/1983 1961/1961/1961
f 1983/1983/1983 1984/1984/1984 1961/1961/1961
f 1985/1985/1985 1986/1986/1986 1984/1984/1984
f 1961/1961/1961 1984/1984/1984 1993/1993/1993
f 1984/1984/1984 1986/1986/1986 1993/1993/1993
f 1987/1987/1987 1993/1993/1993 1986/1986/1986
f 1987/1987/1987 1988/1988/1988 1993/1993/1993
f 1988/1988/1988 1989/1989/1989 1993/1993/1993
f 1991/1991/1991 1996/1996/1996 1990/1990/1990
f 1991/1991/1991 1992/1992/1992 1996/1996/1996
f 1990/1990/1990 1993/1993/1993 1989/1989/1989
f 1996/1996/1996 1993/1993/1993 1990/1990/1990
f 1993/1993/1993 2006/2006/2006 1961/1961/1961
f 2006/2006/2006 1993/1993/1993 1996/1996/1996
f 1998/1998/1998 1994/1994/1994 1996/1996/1996
f 1995/1995/1995 1996/1996/1996 1994/1994/1994
f 1992/1992/1992 1997/1997/1997 1996/1996/1996
f 1998/1998/1998 1996/1996/1996 1999/1999/1999
f 1997/1997/1997 1999/1999/1999 1996/1996/1996
f 1995/1995/1995 2000/2000/2000 1996/1996/1996
f 2001/2001/2001 2002/2002/2002 2000/2000/2000
f 2003/2003/2003 2000/2000/2000 2002/2002/2002
f 1996/1996/1996 2005/2005/2005 2006/2006/2006
f 1996/1996/1996 2004/2004/2004 2005/2005/2005
f 2007/2007/2007 2008/2008/2008 2890/2890/2890
f 2008/2008/2008 2009/2009/2009 2890/2890/2890
f 2009/2009/2009 2010/2010/2010 2890/2890/2890
f 2890/2890/2890 2010/2010/2010 1962/1962/1962
f 1964/1964/1964 2890/2890/2890 1963/1963/1963
f 2012/2012/2012 2011/2011/2011 2013/2013/2013
f 2013/2013/2013 2005/2005/2005 2014/2014/2014
f 2013/2013/2013 2014/2014/2014 2012/2012/2012
f 2012/2012/2012 1945/1945/1945 2011/2011/2011
f 2014/2014/2014 1945/1945/1945 2012/2012/2012
f 2011/2011/2011 1945/1945/1945 2020/2020/2020
f 1945/1945/1945 2014/2014/2014 2015/2015/2015
f 1935/1935/1935 1945/1945/1945 2015/2015/2015
f 2015/2015/2015 1934/1934/1934 1935/1935/1935
f 2017/2017/2017 2020/2020/2020 2018/2018/2018
f 1733/1733/1733 2019/2019/2019 2016/2016/2016
f 2019/2019/2019 1948/1948/1948 2016/2016/2016
f 2020/2020/2020 2019/2019/2019 2018/2018/2018
f 1947/1947/1947 2019/2019/2019 2020/2020/2020
f 2019/2019/2019 1947/1947/1947 1948/1948/1948
f 1945/1945/1945 1947/1947/1947 2020/2020/2020
f 1947/1947/1947 1945/1945/1945 1935/1935/1935
f 1935/1935/1935 1934/1934/1934 1936/1936/1936
f 2022/2022/2022 2023/2023/2023 2021/2021/2021
f 2022/2022/2022 2414/2414/2414 2023/2023/2023
f 1940/1940/1940 2024/2024/2024 1937/1937/1937
f 1937/1937/1937 2024/2024/2024 2021/2021/2021
f 1940/1940/1940 2025/2025/2025 2024/2024/2024
f 2024/2024/2024 2022/2022/2022 2021/2021/2021
f 2024/2024/2024 2942/2942/2942 2022/2022/2022
f 1939/1939/1939 2026/2026/2026 1940/1940/1940
f 1939/1939/1939 1953/1953/1953 2026/2026/2026
f 1940/1940/1940 2026/2026/2026 2025/2025/2025
f 1953/1953/1953 1957/1957/1957 2026/2026/2026
f 1957/1957/1957 1956/1956/1956 2026/2026/2026
f 2027/2027/2027 1956/1956/1956 1957/1957/1957
f 2026/2026/2026 1956/1956/1956 2027/2027/2027
f 2028/2028/2028 2147/2147/2147 2135/2135/2135
f 2029/2029/2029 2900/2900/2900 2135/2135/2135
f 2029/2029/2029 2135/2135/2135 2030/2030/2030
f 2900/2900/2900 2034/2034/2034 2135/2135/2135
f 2135/2135/2135 2031/2031/2031 2028/2028/2028
f 2135/2135/2135 2034/2034/2034 2032/2032/2032
f 2032/2032/2032 2034/2034/2034 2033/2033/2033
f 2037/2037/2037 2124/2124/2124 2036/2036/2036
f 2037/2037/2037 2038/2038/2038 2124/2124/2124
f 2124/2124/2124 2038/2038/2038 2039/2039/2039
f 2040/2040/2040 2041/2041/2041 2124/2124/2124
f 2039/2039/2039 2040/2040/2040 2124/2124/2124
f 2036/2036/2036 2124/2124/2124 2042/2042/2042
f 2124/2124/2124 2043/2043/2043 2042/2042/2042
f 2035/2035/2035 2042/2042/2042 2043/2043/2043
f 2046/2046/2046 2132/2132/2132 2044/2044/2044
f 2046/2046/2046 2045/2045/2045 2132/2132/2132
f 2041/2041/2041 2044/2044/2044 2124/2124/2124
f 2124/2124/2124 2044/2044/2044 2132/2132/2132
f 2047/2047/2047 2132/2132/2132 2048/2048/2048
f 2045/2045/2045 2049/2049/2049 2132/2132/2132
f 2048/2048/2048 2132/2132/2132 2049/2049/2049
f 2047/2047/2047 2050/2050/2050 2132/2132/2132
f 2131/2131/2131 2132/2132/2132 2051/2051/2051
f 2051/2051/2051 2132/2132/2132 2050/2050/2050
f 2034/2034/2034 2052/2052/2052 2033/2033/2033
f 2052/2052/2052 2103/2103/2103 2033/2033/2033
f 2054/2054/2054 2053/2053/2053 2111/2111/2111
f 2057/2057/2057 2903/2903/2903 2058/2058/2058
f 2903/2903/2903 2057/2057/2057 2059/2059/2059
f 2055/2055/2055 2058/2058/2058 2056/2056/2056
f 2056/2056/2056 2058/2058/2058 2903/2903/2903
f 2903/2903/2903 2059/2059/2059 2060/2060/2060
f 2060/2060/2060 2063/2063/2063 2903/2903/2903
f 2063/2063/2063 2054/2054/2054 2903/2903/2903
f 2054/2054/2054 2111/2111/2111 2903/2903/2903
f 2065/2065/2065 2101/2101/2101 2066/2066/2066
f 2067/2067/2067 2101/2101/2101 2130/2130/2130
f 2068/2068/2068 2101/2101/2101 2067/2067/2067
f 2066/2066/2066 2101/2101/2101 2069/2069/2069
f 2069/2069/2069 2101/2101/2101 2070/2070/2070
f 2070/2070/2070 2101/2101/2101 2071/2071/2071
f 2071/2071/2071 2101/2101/2101 2068/2068/2068
f 2072/2072/2072 2064/2064/2064 2073/2073/2073
f 2073/2073/2073 2064/2064/2064 2074/2074/2074
f 2076/2076/2076 2075/2075/2075 2077/2077/2077
f 2075/2075/2075 2064/2064/2064 2077/2077/2077
f 2079/2079/2079 2064/2064/2064 2078/2078/2078
f 2074/2074/2074 2064/2064/2064 2079/2079/2079
f 2078/2078/2078 2064/2064/2064 2075/2075/2075
f 2080/2080/2080 2062/2062/2062 2081/2081/2081
f 2082/2082/2082 2062/2062/2062 2083/2083/2083
f 2062/2062/2062 2080/2080/2080 2083/2083/2083
f 2062/2062/2062 2084/2084/2084 2081/2081/2081
f 2084/2084/2084 2062/2062/2062 2085/2085/2085
f 2082/2082/2082 2061/2061/2061 2062/2062/2062
f 2085/2085/2085 2062/2062/2062 2086/2086/2086
f 2086/2086/2086 2062/2062/2062 2087/2087/2087
f 2072/2072/2072 2087/2087/2087 2062/2062/2062
f 2062/2062/2062 2903/2903/2903 2111/2111/2111
f 2062/2062/2062 2064/2064/2064 2072/2072/2072
f 2111/2111/2111 2064/2064/2064 2062/2062/2062
f 2088/2088/2088 2100/2100/2100 2089/2089/2089
f 2090/2090/2090 2100/2100/2100 2091/2091/2091
f 2100/2100/2100 2090/2090/2090 2092/2092/2092
f 2100/2100/2100 2092/2092/2092 2089/2089/2089
f 2093/2093/2093 2077/2077/2077 2064/2064/2064
f 2093/2093/2093 2064/2064/2064 2094/2094/2094
f 2094/2094/2094 2096/2096/2096 2095/2095/2095
f 2100/2100/2100 2096/2096/2096 2094/2094/2094
f 2064/2064/2064 2100/2100/2100 2094/2094/2094
f 2088/2088/2088 2096/2096/2096 2100/2100/2100
f 2097/2097/2097 2100/2100/2100 2099/2099/2099
f 2065/2065/2065 2098/2098/2098 2101/2101/2101
f 2099/2099/2099 2100/2100/2100 2098/2098/2098
f 2098/2098/2098 2100/2100/2100 2101/2101/2101
f 2097/2097/2097 2091/2091/2091 2100/2100/2100
f 2064/2064/2064 2101/2101/2101 2100/2100/2100
f 2103/2103/2103 2101/2101/2101 2102/2102/2102
f 2102/2102/2102 2101/2101/2101 2064/2064/2064
f 2103/2103/2103 2102/2102/2102 2033/2033/2033
f 2111/2111/2111 2102/2102/2102 2064/2064/2064
f 2116/2116/2116 2102/2102/2102 2111/2111/2111
f 2102/2102/2102 2116/2116/2116 2115/2115/2115
f 2111/2111/2111 2105/2105/2105 2104/2104/2104
f 2105/2105/2105 2111/2111/2111 2106/2106/2106
f 2106/2106/2106 2111/2111/2111 2107/2107/2107
f 2108/2108/2108 2111/2111/2111 2109/2109/2109
f 2107/2107/2107 2111/2111/2111 2110/2110/2110
f 2108/2108/2108 2110/2110/2110 2111/2111/2111
f 2112/2112/2112 2111/2111/2111 2113/2113/2113
f 2114/2114/2114 2113/2113/2113 2111/2111/2111
f 2112/2112/2112 2109/2109/2109 2111/2111/2111
f 2053/2053/2053 2114/2114/2114 2111/2111/2111
f 2111/2111/2111 2289/2289/2289 2116/2116/2116
f 2289/2289/2289 2293/2293/2293 2116/2116/2116
f 2032/2032/2032 2116/2116/2116 2293/2293/2293
f 2116/2116/2116 2032/2032/2032 2033/2033/2033
f 2102/2102/2102 2115/2115/2115 2033/2033/2033
f 2115/2115/2115 2116/2116/2116 2033/2033/2033
f 2118/2118/2118 2128/2128/2128 2117/2117/2117
f 2120/2120/2120 2128/2128/2128 2118/2118/2118
f 2120/2120/2120 2119/2119/2119 2128/2128/2128
f 2121/2121/2121 2128/2128/2128 2119/2119/2119
f 2123/2123/2123 2128/2128/2128 2122/2122/2122
f 2121/2121/2121 2122/2122/2122 2128/2128/2128
f 2126/2126/2126 2125/2125/2125 2101/2101/2101
f 2127/2127/2127 2128/2128/2128 2129/2129/2129
f 2129/2129/2129 2128/2128/2128 2123/2123/2123
f 2127/2127/2127 2126/2126/2126 2128/2128/2128
f 2126/2126/2126 2101/2101/2101 2128/2128/2128
f 2125/2125/2125 2130/2130/2130 2101/2101/2101
f 2128/2128/2128 2101/2101/2101 2124/2124/2124
f 2131/2131/2131 2117/2117/2117 2132/2132/2132
f 2117/2117/2117 2128/2128/2128 2132/2132/2132
f 2128/2128/2128 2124/2124/2124 2132/2132/2132
f 2103/2103/2103 2124/2124/2124 2101/2101/2101
f 2133/2133/2133 2134/2134/2134 2301/2301/2301
f 2147/2147/2147 2301/2301/2301 2135/2135/2135
f 2030/2030/2030 2136/2136/2136 2137/2137/2137
f 2301/2301/2301 2134/2134/2134 2136/2136/2136
f 2135/2135/2135 2136/2136/2136 2030/2030/2030
f 2301/2301/2301 2136/2136/2136 2135/2135/2135
f 2308/2308/2308 2138/2138/2138 2136/2136/2136
f 2032/2032/2032 2031/2031/2031 2135/2135/2135
f 2306/2306/2306 2914/2914/2914 2310/2310/2310
f 2306/2306/2306 2310/2310/2310 2329/2329/2329
f 2141/2141/2141 2294/2294/2294 2295/2295/2295
f 2295/2295/2295 2250/2250/2250 2141/2141/2141
f 2142/2142/2142 2143/2143/2143 2145/2145/2145
f 2143/2143/2143 2144/2144/2144 2145/2145/2145
f 2190/2190/2190 2149/2149/2149 2142/2142/2142
f 2295/2295/2295 2302/2302/2302 2149/2149/2149
f 2295/2295/2295 2149/2149/2149 2250/2250/2250
f 2302/2302/2302 2303/2303/2303 2146/2146/2146
f 2190/2190/2190 2250/2250/2250 2149/2149/2149
f 2143/2143/2143 2148/2148/2148 2144/2144/2144
f 2143/2143/2143 2142/2142/2142 2148/2148/2148
f 2144/2144/2144 2148/2148/2148 2031/2031/2031
f 2144/2144/2144 2031/2031/2031 2145/2145/2145
f 2302/2302/2302 2146/2146/2146 2149/2149/2149
f 2028/2028/2028 2148/2148/2148 2147/2147/2147
f 2148/2148/2148 2149/2149/2149 2147/2147/2147
f 2028/2028/2028 2031/2031/2031 2148/2148/2148
f 2146/2146/2146 2147/2147/2147 2149/2149/2149
f 2148/2148/2148 2142/2142/2142 2149/2149/2149
f 2150/2150/2150 2151/2151/2151 2152/2152/2152
f 2152/2152/2152 2151/2151/2151 2153/2153/2153
f 2154/2154/2154 2153/2153/2153 2151/2151/2151
f 2154/2154/2154 2151/2151/2151 2155/2155/2155
f 2155/2155/2155 2151/2151/2151 2156/2156/2156
f 2151/2151/2151 2248/2248/2248 2156/2156/2156
f 2158/2158/2158 2174/2174/2174 2159/2159/2159
f 2174/2174/2174 2171/2171/2171 2159/2159/2159
f 2160/2160/2160 2174/2174/2174 2158/2158/2158
f 2161/2161/2161 2174/2174/2174 2160/2160/2160
f 2161/2161/2161 2162/2162/2162 2174/2174/2174
f 2163/2163/2163 2157/2157/2157 2164/2164/2164
f 2165/2165/2165 2157/2157/2157 2166/2166/2166
f 2165/2165/2165 2168/2168/2168 2157/2157/2157
f 2168/2168/2168 2164/2164/2164 2157/2157/2157
f 2167/2167/2167 2166/2166/2166 2169/2169/2169
f 2166/2166/2166 2170/2170/2170 2169/2169/2169
f 2166/2166/2166 2157/2157/2157 2170/2170/2170
f 2171/2171/2171 2174/2174/2174 2172/2172/2172
f 2174/2174/2174 2163/2163/2163 2173/2173/2173
f 2174/2174/2174 2173/2173/2173 2172/2172/2172
f 2174/2174/2174 2157/2157/2157 2163/2163/2163
f 2157/2157/2157 2174/2174/2174 2246/2246/2246
f 2246/2246/2246 2236/2236/2236 2157/2157/2157
f 2157/2157/2157 2236/2236/2236 2175/2175/2175
f 2176/2176/2176 2170/2170/2170 2256/2256/2256
f 2177/2177/2177 2176/2176/2176 2256/2256/2256
f 2170/2170/2170 2157/2157/2157 2256/2256/2256
f 2177/2177/2177 2256/2256/2256 2178/2178/2178
f 2178/2178/2178 2256/2256/2256 2179/2179/2179
f 2157/2157/2157 2175/2175/2175 2256/2256/2256
f 2179/2179/2179 2256/2256/2256 2180/2180/2180
f 2180/2180/2180 2256/2256/2256 2181/2181/2181
f 2181/2181/2181 2256/2256/2256 2182/2182/2182
f 2183/2183/2183 2182/2182/2182 2256/2256/2256
f 2183/2183/2183 2256/2256/2256 2184/2184/2184
f 2184/2184/2184 2256/2256/2256 2185/2185/2185
f 2186/2186/2186 2185/2185/2185 2256/2256/2256
f 2186/2186/2186 2256/2256/2256 2187/2187/2187
f 2187/2187/2187 2256/2256/2256 2188/2188/2188
f 2188/2188/2188 2256/2256/2256 2189/2189/2189
f 2257/2257/2257 2258/2258/2258 2175/2175/2175
f 2246/2246/2246 2190/2190/2190 2175/2175/2175
f 2257/2257/2257 2175/2175/2175 2190/2190/2190
f 2156/2156/2156 2248/2248/2248 2191/2191/2191
f 2248/2248/2248 2192/2192/2192 2191/2191/2191
f 2192/2192/2192 2248/2248/2248 2193/2193/2193
f 2193/2193/2193 2248/2248/2248 2194/2194/2194
f 2195/2195/2195 2194/2194/2194 2248/2248/2248
f 2196/2196/2196 2195/2195/2195 2248/2248/2248
f 2197/2197/2197 2196/2196/2196 2248/2248/2248
f 2198/2198/2198 2197/2197/2197 2248/2248/2248
f 2198/2198/2198 2248/2248/2248 2199/2199/2199
f 2199/2199/2199 2248/2248/2248 2200/2200/2200
f 2201/2201/2201 2202/2202/2202 2205/2205/2205
f 2204/2204/2204 2203/2203/2203 2202/2202/2202
f 2203/2203/2203 2205/2205/2205 2202/2202/2202
f 2206/2206/2206 2207/2207/2207 2248/2248/2248
f 2207/2207/2207 2208/2208/2208 2248/2248/2248
f 2206/2206/2206 2248/2248/2248 2203/2203/2203
f 2203/2203/2203 2248/2248/2248 2205/2205/2205
f 2200/2200/2200 2248/2248/2248 2209/2209/2209
f 2209/2209/2209 2248/2248/2248 2210/2210/2210
f 2210/2210/2210 2248/2248/2248 2211/2211/2211
f 2211/2211/2211 2248/2248/2248 2212/2212/2212
f 2248/2248/2248 2213/2213/2213 2212/2212/2212
f 2214/2214/2214 2248/2248/2248 2208/2208/2208
f 2248/2248/2248 2214/2214/2214 2215/2215/2215
f 2213/2213/2213 2248/2248/2248 2215/2215/2215
f 2162/2162/2162 2216/2216/2216 2174/2174/2174
f 2216/2216/2216 2218/2218/2218 2174/2174/2174
f 2218/2218/2218 2217/2217/2217 2174/2174/2174
f 2221/2221/2221 2174/2174/2174 2222/2222/2222
f 2174/2174/2174 2223/2223/2223 2222/2222/2222
f 2223/2223/2223 2220/2220/2220 2224/2224/2224
f 2220/2220/2220 2223/2223/2223 2174/2174/2174
f 2220/2220/2220 2174/2174/2174 2219/2219/2219
f 2174/2174/2174 2217/2217/2217 2219/2219/2219
f 2205/2205/2205 2174/2174/2174 2225/2225/2225
f 2226/2226/2226 2225/2225/2225 2227/2227/2227
f 2225/2225/2225 2228/2228/2228 2227/2227/2227
f 2228/2228/2228 2225/2225/2225 2174/2174/2174
f 2229/2229/2229 2205/2205/2205 2230/2230/2230
f 2205/2205/2205 2225/2225/2225 2230/2230/2230
f 2229/2229/2229 2231/2231/2231 2205/2205/2205
f 2232/2232/2232 2230/2230/2230 2225/2225/2225
f 2226/2226/2226 2232/2232/2232 2225/2225/2225
f 2228/2228/2228 2174/2174/2174 2221/2221/2221
f 2233/2233/2233 2234/2234/2234 2247/2247/2247
f 2235/2235/2235 2247/2247/2247 2234/2234/2234
f 2205/2205/2205 2248/2248/2248 2174/2174/2174
f 2231/2231/2231 2201/2201/2201 2205/2205/2205
f 2237/2237/2237 2238/2238/2238 2247/2247/2247
f 2233/2233/2233 2247/2247/2247 2238/2238/2238
f 2237/2237/2237 2247/2247/2247 2239/2239/2239
f 2239/2239/2239 2247/2247/2247 2240/2240/2240
f 2241/2241/2241 2240/2240/2240 2247/2247/2247
f 2241/2241/2241 2247/2247/2247 2242/2242/2242
f 2242/2242/2242 2247/2247/2247 2244/2244/2244
f 2244/2244/2244 2247/2247/2247 2243/2243/2243
f 2245/2245/2245 2247/2247/2247 2235/2235/2235
f 2243/2243/2243 2247/2247/2247 2245/2245/2245
f 2236/2236/2236 2246/2246/2246 2247/2247/2247
f 2246/2246/2246 2175/2175/2175 2247/2247/2247
f 2247/2247/2247 2175/2175/2175 2236/2236/2236
f 2248/2248/2248 2246/2246/2246 2174/2174/2174
f 2151/2151/2151 2251/2251/2251 2248/2248/2248
f 2140/2140/2140 2294/2294/2294 2251/2251/2251
f 2251/2251/2251 2294/2294/2294 2141/2141/2141
f 2190/2190/2190 2249/2249/2249 2250/2250/2250
f 2246/2246/2246 2251/2251/2251 2249/2249/2249
f 2190/2190/2190 2246/2246/2246 2249/2249/2249
f 2248/2248/2248 2251/2251/2251 2246/2246/2246
f 2251/2251/2251 2141/2141/2141 2249/2249/2249
f 2250/2250/2250 2249/2249/2249 2141/2141/2141
f 2252/2252/2252 2189/2189/2189 2256/2256/2256
f 2252/2252/2252 2256/2256/2256 2253/2253/2253
f 2256/2256/2256 2254/2254/2254 2253/2253/2253
f 2291/2291/2291 2255/2255/2255 2256/2256/2256
f 2256/2256/2256 2255/2255/2255 2254/2254/2254
f 2256/2256/2256 2175/2175/2175 2291/2291/2291
f 2257/2257/2257 2142/2142/2142 2145/2145/2145
f 2253/2253/2253 2254/2254/2254 2259/2259/2259
f 2254/2254/2254 2255/2255/2255 2260/2260/2260
f 2261/2261/2261 2260/2260/2260 2255/2255/2255
f 2255/2255/2255 2262/2262/2262 2261/2261/2261
f 2262/2262/2262 2255/2255/2255 2263/2263/2263
f 2263/2263/2263 2255/2255/2255 2264/2264/2264
f 2264/2264/2264 2255/2255/2255 2265/2265/2265
f 2265/2265/2265 2255/2255/2255 2266/2266/2266
f 2266/2266/2266 2255/2255/2255 2267/2267/2267
f 2267/2267/2267 2255/2255/2255 2268/2268/2268
f 2268/2268/2268 2270/2270/2270 2269/2269/2269
f 2270/2270/2270 2268/2268/2268 2255/2255/2255
f 2269/2269/2269 2270/2270/2270 2271/2271/2271
f 2271/2271/2271 2270/2270/2270 2272/2272/2272
f 2255/2255/2255 2291/2291/2291 2270/2270/2270
f 2175/2175/2175 2258/2258/2258 2291/2291/2291
f 2291/2291/2291 2258/2258/2258 2293/2293/2293
f 2272/2272/2272 2270/2270/2270 2273/2273/2273
f 2270/2270/2270 2274/2274/2274 2273/2273/2273
f 2274/2274/2274 2270/2270/2270 2275/2275/2275
f 2275/2275/2275 2270/2270/2270 2276/2276/2276
f 2276/2276/2276 2270/2270/2270 2277/2277/2277
f 2277/2277/2277 2270/2270/2270 2278/2278/2278
f 2270/2270/2270 2286/2286/2286 2278/2278/2278
f 2278/2278/2278 2286/2286/2286 2279/2279/2279
f 2279/2279/2279 2286/2286/2286 2280/2280/2280
f 2280/2280/2280 2286/2286/2286 2281/2281/2281
f 2281/2281/2281 2286/2286/2286 2282/2282/2282
f 2286/2286/2286 2283/2283/2283 2282/2282/2282
f 2283/2283/2283 2286/2286/2286 2284/2284/2284
f 2284/2284/2284 2286/2286/2286 2285/2285/2285
f 2285/2285/2285 2286/2286/2286 2287/2287/2287
f 2287/2287/2287 2286/2286/2286 2288/2288/2288
f 2286/2286/2286 2111/2111/2111 2288/2288/2288
f 2288/2288/2288 2111/2111/2111 2104/2104/2104
f 2286/2286/2286 2289/2289/2289 2111/2111/2111
f 2286/2286/2286 2270/2270/2270 2289/2289/2289
f 2291/2291/2291 2289/2289/2289 2270/2270/2270
f 2142/2142/2142 2257/2257/2257 2190/2190/2190
f 2290/2290/2290 2257/2257/2257 2145/2145/2145
f 2258/2258/2258 2257/2257/2257 2290/2290/2290
f 2031/2031/2031 2290/2290/2290 2145/2145/2145
f 2290/2290/2290 2293/2293/2293 2258/2258/2258
f 2289/2289/2289 2291/2291/2291 2293/2293/2293
f 2031/2031/2031 2292/2292/2292 2290/2290/2290
f 2032/2032/2032 2292/2292/2292 2031/2031/2031
f 2032/2032/2032 2293/2293/2293 2292/2292/2292
f 2292/2292/2292 2293/2293/2293 2290/2290/2290
f 2908/2908/2908 2296/2296/2296 2294/2294/2294
f 2296/2296/2296 2295/2295/2295 2294/2294/2294
f 2908/2908/2908 2910/2910/2910 2296/2296/2296
f 2910/2910/2910 2304/2304/2304 2296/2296/2296
f 2908/2908/2908 2909/2909/2909 2910/2910/2910
f 2297/2297/2297 2910/2910/2910 2909/2909/2909
f 2298/2298/2298 2133/2133/2133 2299/2299/2299
f 2298/2298/2298 2301/2301/2301 2303/2303/2303
f 2301/2301/2301 2146/2146/2146 2303/2303/2303
f 2298/2298/2298 2300/2300/2300 2133/2133/2133
f 2146/2146/2146 2301/2301/2301 2147/2147/2147
f 2301/2301/2301 2298/2298/2298 2299/2299/2299
f 2299/2299/2299 2133/2133/2133 2301/2301/2301
f 2300/2300/2300 2310/2310/2310 2133/2133/2133
f 2302/2302/2302 2295/2295/2295 2296/2296/2296
f 2302/2302/2302 2296/2296/2296 2303/2303/2303
f 2303/2303/2303 2296/2296/2296 2300/2300/2300
f 2303/2303/2303 2300/2300/2300 2298/2298/2298
f 2296/2296/2296 2304/2304/2304 2300/2300/2300
f 2910/2910/2910 2297/2297/2297 2304/2304/2304
f 2297/2297/2297 2911/2911/2911 2304/2304/2304
f 2304/2304/2304 2305/2305/2305 2300/2300/2300
f 2304/2304/2304 2911/2911/2911 2329/2329/2329
f 2329/2329/2329 2305/2305/2305 2304/2304/2304
f 2300/2300/2300 2305/2305/2305 2329/2329/2329
f 2310/2310/2310 2300/2300/2300 2329/2329/2329
f 2307/2307/2307 2134/2134/2134 2133/2133/2133
f 2307/2307/2307 2913/2913/2913 2134/2134/2134
f 2133/2133/2133 2309/2309/2309 2307/2307/2307
f 2310/2310/2310 2309/2309/2309 2133/2133/2133
f 2913/2913/2913 2136/2136/2136 2134/2134/2134
f 2308/2308/2308 2136/2136/2136 2913/2913/2913
f 2915/2915/2915 2307/2307/2307 2309/2309/2309
f 2310/2310/2310 2914/2914/2914 2354/2354/2354
f 2354/2354/2354 2309/2309/2309 2310/2310/2310
f 2312/2312/2312 2938/2938/2938 2313/2313/2313
f 2939/2939/2939 2312/2312/2312 2951/2951/2951
f 2312/2312/2312 2311/2311/2311 2951/2951/2951
f 2311/2311/2311 2322/2322/2322 2951/2951/2951
f 2313/2313/2313 2314/2314/2314 2312/2312/2312
f 2312/2312/2312 2314/2314/2314 2311/2311/2311
f 2318/2318/2318 2316/2316/2316 2317/2317/2317
f 2317/2317/2317 2349/2349/2349 2318/2318/2318
f 2315/2315/2315 2316/2316/2316 2319/2319/2319
f 2316/2316/2316 2318/2318/2318 2319/2319/2319
f 2315/2315/2315 2319/2319/2319 2325/2325/2325
f 2320/2320/2320 2327/2327/2327 2319/2319/2319
f 2318/2318/2318 2320/2320/2320 2319/2319/2319
f 2328/2328/2328 2323/2323/2323 2922/2922/2922
f 2315/2315/2315 2922/2922/2922 2345/2345/2345
f 2922/2922/2922 2324/2324/2324 2923/2923/2923
f 2922/2922/2922 2323/2323/2323 2324/2324/2324
f 2922/2922/2922 2315/2315/2315 2327/2327/2327
f 2319/2319/2319 2327/2327/2327 2325/2325/2325
f 2922/2922/2922 2327/2327/2327 2328/2328/2328
f 2327/2327/2327 2326/2326/2326 2328/2328/2328
f 2315/2315/2315 2325/2325/2325 2327/2327/2327
f 2320/2320/2320 2321/2321/2321 2327/2327/2327
f 2321/2321/2321 2326/2326/2326 2327/2327/2327
f 2329/2329/2329 2911/2911/2911 2328/2328/2328
f 2328/2328/2328 2326/2326/2326 2329/2329/2329
f 2334/2334/2334 2926/2926/2926 2332/2332/2332
f 2335/2335/2335 2348/2348/2348 2317/2317/2317
f 2317/2317/2317 2348/2348/2348 2349/2349/2349
f 2336/2336/2336 2330/2330/2330 2339/2339/2339
f 2348/2348/2348 2339/2339/2339 2330/2330/2330
f 2928/2928/2928 2333/2333/2333 2339/2339/2339
f 2336/2336/2336 2333/2333/2333 2337/2337/2337
f 2336/2336/2336 2339/2339/2339 2333/2333/2333
f 2338/2338/2338 2337/2337/2337 2333/2333/2333
f 2339/2339/2339 2348/2348/2348 2344/2344/2344
f 2881/2881/2881 2338/2338/2338 2333/2333/2333
f 2337/2337/2337 2338/2338/2338 1933/1933/1933
f 2346/2346/2346 2342/2342/2342 2341/2341/2341
f 2917/2917/2917 2341/2341/2341 2342/2342/2342
f 2342/2342/2342 2343/2343/2343 2917/2917/2917
f 2341/2341/2341 2344/2344/2344 2346/2346/2346
f 2928/2928/2928 2344/2344/2344 2341/2341/2341
f 2345/2345/2345 2316/2316/2316 2315/2315/2315
f 2345/2345/2345 2347/2347/2347 2316/2316/2316
f 2929/2929/2929 2343/2343/2343 2347/2347/2347
f 2929/2929/2929 2347/2347/2347 2345/2345/2345
f 2339/2339/2339 2344/2344/2344 2928/2928/2928
f 2346/2346/2346 2343/2343/2343 2342/2342/2342
f 2344/2344/2344 2335/2335/2335 2346/2346/2346
f 2346/2346/2346 2335/2335/2335 2343/2343/2343
f 2344/2344/2344 2348/2348/2348 2335/2335/2335
f 2343/2343/2343 2335/2335/2335 2347/2347/2347
f 2317/2317/2317 2316/2316/2316 2347/2347/2347
f 2317/2317/2317 2347/2347/2347 2335/2335/2335
f 2930/2930/2930 2318/2318/2318 2349/2349/2349
f 2930/2930/2930 2350/2350/2350 2353/2353/2353
f 2353/2353/2353 2318/2318/2318 2930/2930/2930
f 2320/2320/2320 2318/2318/2318 2353/2353/2353
f 2353/2353/2353 2321/2321/2321 2320/2320/2320
f 2353/2353/2353 2350/2350/2350 2139/2139/2139
f 2353/2353/2353 2139/2139/2139 2321/2321/2321
f 2331/2331/2331 2139/2139/2139 2350/2350/2350
f 2331/2331/2331 2352/2352/2352 2139/2139/2139
f 2362/2362/2362 2933/2933/2933 2368/2368/2368
f 2355/2355/2355 2362/2362/2362 2357/2357/2357
f 2357/2357/2357 2362/2362/2362 2358/2358/2358
f 2359/2359/2359 2358/2358/2358 2362/2362/2362
f 2359/2359/2359 2362/2362/2362 2360/2360/2360
f 2362/2362/2362 2361/2361/2361 2360/2360/2360
f 2361/2361/2361 2362/2362/2362 2363/2363/2363
f 2363/2363/2363 2362/2362/2362 2364/2364/2364
f 2362/2362/2362 2365/2365/2365 2364/2364/2364
f 2362/2362/2362 2356/2356/2356 2365/2365/2365
f 2365/2365/2365 2356/2356/2356 2366/2366/2366
f 2356/2356/2356 2367/2367/2367 2366/2366/2366
f 2362/2362/2362 2368/2368/2368 2356/2356/2356
f 2866/2866/2866 2368/2368/2368 2933/2933/2933
f 2368/2368/2368 2866/2866/2866 2369/2369/2369
f 2367/2367/2367 2356/2356/2356 2370/2370/2370
f 2370/2370/2370 2356/2356/2356 2371/2371/2371
f 2356/2356/2356 2372/2372/2372 2371/2371/2371
f 2372/2372/2372 2356/2356/2356 2373/2373/2373
f 2373/2373/2373 2356/2356/2356 2374/2374/2374
f 2375/2375/2375 2374/2374/2374 2356/2356/2356
f 2375/2375/2375 2356/2356/2356 2376/2376/2376
f 2376/2376/2376 2356/2356/2356 2377/2377/2377
f 2356/2356/2356 2378/2378/2378 2377/2377/2377
f 2356/2356/2356 2688/2688/2688 2378/2378/2378
f 2378/2378/2378 2688/2688/2688 2379/2379/2379
f 2380/2380/2380 2379/2379/2379 2688/2688/2688
f 2356/2356/2356 2383/2383/2383 2688/2688/2688
f 2381/2381/2381 2383/2383/2383 2356/2356/2356
f 2356/2356/2356 2368/2368/2368 2382/2382/2382
f 2368/2368/2368 2369/2369/2369 2382/2382/2382
f 2382/2382/2382 2381/2381/2381 2356/2356/2356
f 2413/2413/2413 2382/2382/2382 2369/2369/2369
f 2382/2382/2382 2413/2413/2413 2384/2384/2384
f 2398/2398/2398 2449/2449/2449 2385/2385/2385
f 2387/2387/2387 2456/2456/2456 2936/2936/2936
f 2456/2456/2456 2387/2387/2387 2397/2397/2397
f 2936/2936/2936 2397/2397/2397 2386/2386/2386
f 2386/2386/2386 2397/2397/2397 2387/2387/2387
f 2386/2386/2386 2387/2387/2387 2395/2395/2395
f 2397/2397/2397 2389/2389/2389 2387/2387/2387
f 2397/2397/2397 2387/2387/2387 2389/2389/2389
f 2936/2936/2936 2401/2401/2401 2397/2397/2397
f 2936/2936/2936 2454/2454/2454 2401/2401/2401
f 2454/2454/2454 2405/2405/2405 2401/2401/2401
f 2390/2390/2390 2388/2388/2388 2387/2387/2387
f 2392/2392/2392 2390/2390/2390 2395/2395/2395
f 2454/2454/2454 2884/2884/2884 2405/2405/2405
f 2884/2884/2884 2409/2409/2409 2405/2405/2405
f 2387/2387/2387 2388/2388/2388 2395/2395/2395
f 2388/2388/2388 2392/2392/2392 2395/2395/2395
f 2391/2391/2391 2395/2395/2395 2396/2396/2396
f 2395/2395/2395 2391/2391/2391 2396/2396/2396
f 2388/2388/2388 2390/2390/2390 2392/2392/2392
f 2392/2392/2392 2393/2393/2393 2396/2396/2396
f 2393/2393/2393 2927/2927/2927 2396/2396/2396
f 2927/2927/2927 2940/2940/2940 2396/2396/2396
f 2393/2393/2393 2394/2394/2394 2927/2927/2927
f 2405/2405/2405 2402/2402/2402 2401/2401/2401
f 2402/2402/2402 2405/2405/2405 2403/2403/2403
f 2401/2401/2401 2402/2402/2402 2498/2498/2498
f 2937/2937/2937 2950/2950/2950 2400/2400/2400
f 2403/2403/2403 2498/2498/2498 2402/2402/2402
f 2950/2950/2950 2497/2497/2497 2400/2400/2400
f 2403/2403/2403 2406/2406/2406 2498/2498/2498
f 2405/2405/2405 2409/2409/2409 2411/2411/2411
f 2405/2405/2405 2411/2411/2411 2403/2403/2403
f 2408/2408/2408 2457/2457/2457 2879/2879/2879
f 2396/2396/2396 2940/2940/2940 2391/2391/2391
f 2457/2457/2457 2408/2408/2408 2941/2941/2941
f 2457/2457/2457 2941/2941/2941 2409/2409/2409
f 2408/2408/2408 2407/2407/2407 2941/2941/2941
f 2409/2409/2409 2941/2941/2941 2411/2411/2411
f 2341/2341/2341 2411/2411/2411 2941/2941/2941
f 2412/2412/2412 2432/2432/2432 2413/2413/2413
f 2416/2416/2416 2412/2412/2412 2414/2414/2414
f 2417/2417/2417 2432/2432/2432 2412/2412/2412
f 2416/2416/2416 2417/2417/2417 2412/2412/2412
f 2416/2416/2416 2415/2415/2415 2417/2417/2417
f 2416/2416/2416 2414/2414/2414 2415/2415/2415
f 2418/2418/2418 2419/2419/2419 2415/2415/2415
f 2444/2444/2444 2415/2415/2415 2419/2419/2419
f 2444/2444/2444 2441/2441/2441 2415/2415/2415
f 2419/2419/2419 2447/2447/2447 2444/2444/2444
f 2419/2419/2419 2897/2897/2897 2420/2420/2420
f 2447/2447/2447 2419/2419/2419 2420/2420/2420
f 2421/2421/2421 2420/2420/2420 2455/2455/2455
f 2422/2422/2422 2954/2954/2954 2423/2423/2423
f 2424/2424/2424 2954/2954/2954 2425/2425/2425
f 2423/2423/2423 2954/2954/2954 2424/2424/2424
f 2425/2425/2425 2954/2954/2954 2426/2426/2426
f 2426/2426/2426 2954/2954/2954 2427/2427/2427
f 2428/2428/2428 2429/2429/2429 2954/2954/2954
f 2429/2429/2429 2427/2427/2427 2954/2954/2954
f 2954/2954/2954 2430/2430/2430 2428/2428/2428
f 2430/2430/2430 2954/2954/2954 2431/2431/2431
f 2433/2433/2433 2437/2437/2437 2434/2434/2434
f 2434/2434/2434 2437/2437/2437 2435/2435/2435
f 2437/2437/2437 2436/2436/2436 2435/2435/2435
f 2431/2431/2431 2954/2954/2954 2438/2438/2438
f 2954/2954/2954 2437/2437/2437 2438/2438/2438
f 2438/2438/2438 2437/2437/2437 2439/2439/2439
f 2439/2439/2439 2437/2437/2437 2433/2433/2433
f 2440/2440/2440 2432/2432/2432 2417/2417/2417
f 2413/2413/2413 2432/2432/2432 2384/2384/2384
f 2384/2384/2384 2432/2432/2432 2710/2710/2710
f 2440/2440/2440 2417/2417/2417 2442/2442/2442
f 2417/2417/2417 2441/2441/2441 2442/2442/2442
f 2415/2415/2415 2441/2441/2441 2417/2417/2417
f 2441/2441/2441 2444/2444/2444 2442/2442/2442
f 2443/2443/2443 2440/2440/2440 2442/2442/2442
f 2442/2442/2442 2450/2450/2450 2443/2443/2443
f 2450/2450/2450 2442/2442/2442 2444/2444/2444
f 2445/2445/2445 2450/2450/2450 2444/2444/2444
f 2447/2447/2447 2446/2446/2446 2444/2444/2444
f 2446/2446/2446 2445/2445/2445 2444/2444/2444
f 2420/2420/2420 2446/2446/2446 2447/2447/2447
f 2385/2385/2385 2451/2451/2451 2448/2448/2448
f 2448/2448/2448 2957/2957/2957 2446/2446/2446
f 2421/2421/2421 2458/2458/2458 2420/2420/2420
f 2420/2420/2420 2458/2458/2458 2446/2446/2446
f 2458/2458/2458 2448/2448/2448 2446/2446/2446
f 2385/2385/2385 2448/2448/2448 2458/2458/2458
f 2957/2957/2957 2445/2445/2445 2446/2446/2446
f 2452/2452/2452 2458/2458/2458 2448/2448/2448
f 2451/2451/2451 2720/2720/2720 2448/2448/2448
f 2448/2448/2448 2720/2720/2720 2452/2452/2452
f 2448/2448/2448 2460/2460/2460 2957/2957/2957
f 2458/2458/2458 2460/2460/2460 2448/2448/2448
f 2458/2458/2458 2452/2452/2452 2449/2449/2449
f 2460/2460/2460 2720/2720/2720 2957/2957/2957
f 2935/2935/2935 2936/2936/2936 2455/2455/2455
f 2936/2936/2936 2456/2456/2456 2455/2455/2455
f 2455/2455/2455 2456/2456/2456 2397/2397/2397
f 2397/2397/2397 2421/2421/2421 2455/2455/2455
f 2884/2884/2884 2457/2457/2457 2409/2409/2409
f 2421/2421/2421 2459/2459/2459 2458/2458/2458
f 2398/2398/2398 2385/2385/2385 2458/2458/2458
f 2397/2397/2397 2459/2459/2459 2421/2421/2421
f 2449/2449/2449 2398/2398/2398 2458/2458/2458
f 2397/2397/2397 2401/2401/2401 2459/2459/2459
f 2458/2458/2458 2459/2459/2459 2460/2460/2460
f 2399/2399/2399 2460/2460/2460 2459/2459/2459
f 2459/2459/2459 2401/2401/2401 2399/2399/2399
f 2461/2461/2461 2465/2465/2465 2462/2462/2462
f 2462/2462/2462 2465/2465/2465 2463/2463/2463
f 2463/2463/2463 2465/2465/2465 2464/2464/2464
f 2464/2464/2464 2465/2465/2465 2466/2466/2466
f 2466/2466/2466 2465/2465/2465 2467/2467/2467
f 2467/2467/2467 2465/2465/2465 2468/2468/2468
f 2469/2469/2469 2468/2468/2468 2465/2465/2465
f 2470/2470/2470 2469/2469/2469 2465/2465/2465
f 2470/2470/2470 2465/2465/2465 2471/2471/2471
f 2472/2472/2472 2473/2473/2473 2465/2465/2465
f 2472/2472/2472 2465/2465/2465 2474/2474/2474
f 2474/2474/2474 2465/2465/2465 2475/2475/2475
f 2465/2465/2465 2477/2477/2477 2475/2475/2475
f 2476/2476/2476 2465/2465/2465 2696/2696/2696
f 2465/2465/2465 2476/2476/2476 2477/2477/2477
f 2530/2530/2530 2477/2477/2477 2478/2478/2478
f 2478/2478/2478 2477/2477/2477 2479/2479/2479
f 2480/2480/2480 2481/2481/2481 2482/2482/2482
f 2483/2483/2483 2484/2484/2484 2482/2482/2482
f 2483/2483/2483 2482/2482/2482 2485/2485/2485
f 2480/2480/2480 2482/2482/2482 2484/2484/2484
f 2481/2481/2481 2486/2486/2486 2482/2482/2482
f 2485/2485/2485 2482/2482/2482 2487/2487/2487
f 2488/2488/2488 2487/2487/2487 2482/2482/2482
f 2482/2482/2482 2486/2486/2486 2688/2688/2688
f 2486/2486/2486 2489/2489/2489 2688/2688/2688
f 2490/2490/2490 2688/2688/2688 2489/2489/2489
f 2490/2490/2490 2491/2491/2491 2688/2688/2688
f 2488/2488/2488 2482/2482/2482 2492/2492/2492
f 2482/2482/2482 2696/2696/2696 2492/2492/2492
f 2492/2492/2492 2696/2696/2696 2493/2493/2493
f 2493/2493/2493 2696/2696/2696 2494/2494/2494
f 2494/2494/2494 2696/2696/2696 2461/2461/2461
f 2696/2696/2696 2465/2465/2465 2461/2461/2461
f 2482/2482/2482 2383/2383/2383 2696/2696/2696
f 2696/2696/2696 2383/2383/2383 2698/2698/2698
f 2934/2934/2934 2495/2495/2495 2712/2712/2712
f 2499/2499/2499 2501/2501/2501 2497/2497/2497
f 2695/2695/2695 2504/2504/2504 2503/2503/2503
f 2505/2505/2505 2695/2695/2695 2503/2503/2503
f 2506/2506/2506 2695/2695/2695 2507/2507/2507
f 2507/2507/2507 2695/2695/2695 2508/2508/2508
f 2509/2509/2509 2510/2510/2510 2511/2511/2511
f 2511/2511/2511 2510/2510/2510 2512/2512/2512
f 2508/2508/2508 2695/2695/2695 2513/2513/2513
f 2695/2695/2695 2510/2510/2510 2513/2513/2513
f 2513/2513/2513 2510/2510/2510 2509/2509/2509
f 2505/2505/2505 2471/2471/2471 2695/2695/2695
f 2471/2471/2471 2465/2465/2465 2695/2695/2695
f 2465/2465/2465 2510/2510/2510 2695/2695/2695
f 2512/2512/2512 2510/2510/2510 2514/2514/2514
f 2514/2514/2514 2510/2510/2510 2515/2515/2515
f 2515/2515/2515 2510/2510/2510 2516/2516/2516
f 2517/2517/2517 2516/2516/2516 2510/2510/2510
f 2517/2517/2517 2510/2510/2510 2519/2519/2519
f 2510/2510/2510 2520/2520/2520 2519/2519/2519
f 2510/2510/2510 2518/2518/2518 2520/2520/2520
f 2521/2521/2521 2522/2522/2522 2510/2510/2510
f 2523/2523/2523 2524/2524/2524 2465/2465/2465
f 2524/2524/2524 2510/2510/2510 2465/2465/2465
f 2521/2521/2521 2510/2510/2510 2524/2524/2524
f 2522/2522/2522 2525/2525/2525 2510/2510/2510
f 2525/2525/2525 2526/2526/2526 2510/2510/2510
f 2523/2523/2523 2465/2465/2465 2473/2473/2473
f 2510/2510/2510 2526/2526/2526 2518/2518/2518
f 2475/2475/2475 2477/2477/2477 2527/2527/2527
f 2528/2528/2528 2527/2527/2527 2477/2477/2477
f 2528/2528/2528 2477/2477/2477 2529/2529/2529
f 2530/2530/2530 2531/2531/2531 2477/2477/2477
f 2529/2529/2529 2477/2477/2477 2531/2531/2531
f 2934/2934/2934 2533/2533/2533 2532/2532/2532
f 2476/2476/2476 2696/2696/2696 2532/2532/2532
f 2476/2476/2476 2532/2532/2532 2533/2533/2533
f 2536/2536/2536 2535/2535/2535 2581/2581/2581
f 2537/2537/2537 2536/2536/2536 2581/2581/2581
f 2537/2537/2537 2581/2581/2581 2538/2538/2538
f 2538/2538/2538 2581/2581/2581 2539/2539/2539
f 2540/2540/2540 2539/2539/2539 2581/2581/2581
f 2581/2581/2581 2541/2541/2541 2540/2540/2540
f 2541/2541/2541 2581/2581/2581 2542/2542/2542
f 2543/2543/2543 2542/2542/2542 2581/2581/2581
f 2544/2544/2544 2543/2543/2543 2581/2581/2581
f 2545/2545/2545 2546/2546/2546 2477/2477/2477
f 2546/2546/2546 2479/2479/2479 2477/2477/2477
f 2545/2545/2545 2477/2477/2477 2547/2547/2547
f 2547/2547/2547 2477/2477/2477 2548/2548/2548
f 2548/2548/2548 2477/2477/2477 2549/2549/2549
f 2550/2550/2550 2549/2549/2549 2477/2477/2477
f 2550/2550/2550 2477/2477/2477 2551/2551/2551
f 2552/2552/2552 2551/2551/2551 2477/2477/2477
f 2552/2552/2552 2477/2477/2477 2553/2553/2553
f 2555/2555/2555 2554/2554/2554 2563/2563/2563
f 2555/2555/2555 2563/2563/2563 2556/2556/2556
f 2557/2557/2557 2563/2563/2563 2558/2558/2558
f 2558/2558/2558 2563/2563/2563 2559/2559/2559
f 2559/2559/2559 2563/2563/2563 2560/2560/2560
f 2556/2556/2556 2563/2563/2563 2557/2557/2557
f 2554/2554/2554 2553/2553/2553 2563/2563/2563
f 2553/2553/2553 2477/2477/2477 2563/2563/2563
f 2477/2477/2477 2476/2476/2476 2533/2533/2533
f 2533/2533/2533 2563/2563/2563 2477/2477/2477
f 2560/2560/2560 2563/2563/2563 2561/2561/2561
f 2561/2561/2561 2563/2563/2563 2562/2562/2562
f 2563/2563/2563 2581/2581/2581 2562/2562/2562
f 2535/2535/2535 2562/2562/2562 2581/2581/2581
f 2563/2563/2563 2570/2570/2570 2581/2581/2581
f 2544/2544/2544 2581/2581/2581 2564/2564/2564
f 2564/2564/2564 2581/2581/2581 2565/2565/2565
f 2581/2581/2581 2566/2566/2566 2565/2565/2565
f 2565/2565/2565 2566/2566/2566 2567/2567/2567
f 2568/2568/2568 2567/2567/2567 2566/2566/2566
f 2568/2568/2568 2566/2566/2566 2569/2569/2569
f 2533/2533/2533 2570/2570/2570 2563/2563/2563
f 2533/2533/2533 2534/2534/2534 2570/2570/2570
f 2570/2570/2570 2582/2582/2582 2581/2581/2581
f 2934/2934/2934 2571/2571/2571 2534/2534/2534
f 2571/2571/2571 2934/2934/2934 2711/2711/2711
f 2934/2934/2934 2534/2534/2534 2533/2533/2533
f 2571/2571/2571 2711/2711/2711 2572/2572/2572
f 2717/2717/2717 2573/2573/2573 2713/2713/2713
f 2574/2574/2574 2573/2573/2573 2717/2717/2717
f 2573/2573/2573 2574/2574/2574 2576/2576/2576
f 2713/2713/2713 2573/2573/2573 2576/2576/2576
f 2571/2571/2571 2577/2577/2577 2534/2534/2534
f 2570/2570/2570 2534/2534/2534 2582/2582/2582
f 2534/2534/2534 2577/2577/2577 2660/2660/2660
f 2578/2578/2578 2579/2579/2579 2534/2534/2534
f 2660/2660/2660 2578/2578/2578 2534/2534/2534
f 2582/2582/2582 2583/2583/2583 2581/2581/2581
f 2569/2569/2569 2566/2566/2566 2584/2584/2584
f 2585/2585/2585 2584/2584/2584 2566/2566/2566
f 2585/2585/2585 2566/2566/2566 2586/2586/2586
f 2586/2586/2586 2566/2566/2566 2587/2587/2587
f 2566/2566/2566 2588/2588/2588 2587/2587/2587
f 2596/2596/2596 2589/2589/2589 2566/2566/2566
f 2589/2589/2589 2588/2588/2588 2566/2566/2566
f 2590/2590/2590 2589/2589/2589 2596/2596/2596
f 2590/2590/2590 2596/2596/2596 2591/2591/2591
f 2592/2592/2592 2591/2591/2591 2596/2596/2596
f 2593/2593/2593 2592/2592/2592 2596/2596/2596
f 2594/2594/2594 2593/2593/2593 2596/2596/2596
f 2594/2594/2594 2596/2596/2596 2595/2595/2595
f 2566/2566/2566 2581/2581/2581 2596/2596/2596
f 2583/2583/2583 2596/2596/2596 2581/2581/2581
f 2597/2597/2597 2595/2595/2595 2596/2596/2596
f 2598/2598/2598 2597/2597/2597 2599/2599/2599
f 2596/2596/2596 2599/2599/2599 2597/2597/2597
f 2601/2601/2601 2600/2600/2600 2596/2596/2596
f 2600/2600/2600 2599/2599/2599 2596/2596/2596
f 2601/2601/2601 2596/2596/2596 2602/2602/2602
f 2603/2603/2603 2602/2602/2602 2596/2596/2596
f 2604/2604/2604 2603/2603/2603 2616/2616/2616
f 2603/2603/2603 2596/2596/2596 2616/2616/2616
f 2604/2604/2604 2616/2616/2616 2605/2605/2605
f 2605/2605/2605 2616/2616/2616 2606/2606/2606
f 2607/2607/2607 2606/2606/2606 2616/2616/2616
f 2607/2607/2607 2616/2616/2616 2608/2608/2608
f 2611/2611/2611 2608/2608/2608 2616/2616/2616
f 2609/2609/2609 2616/2616/2616 2610/2610/2610
f 2611/2611/2611 2609/2609/2609 2612/2612/2612
f 2609/2609/2609 2611/2611/2611 2616/2616/2616
f 2625/2625/2625 2596/2596/2596 2583/2583/2583
f 2610/2610/2610 2616/2616/2616 2613/2613/2613
f 2613/2613/2613 2616/2616/2616 2614/2614/2614
f 2616/2616/2616 2615/2615/2615 2614/2614/2614
f 2615/2615/2615 2616/2616/2616 2617/2617/2617
f 2617/2617/2617 2616/2616/2616 2618/2618/2618
f 2619/2619/2619 2618/2618/2618 2616/2616/2616
f 2620/2620/2620 2619/2619/2619 2616/2616/2616
f 2621/2621/2621 2620/2620/2620 2616/2616/2616
f 2622/2622/2622 2621/2621/2621 2616/2616/2616
f 2623/2623/2623 2622/2622/2622 2616/2616/2616
f 2636/2636/2636 2616/2616/2616 2625/2625/2625
f 2596/2596/2596 2625/2625/2625 2616/2616/2616
f 2583/2583/2583 2624/2624/2624 2625/2625/2625
f 2624/2624/2624 2630/2630/2630 2625/2625/2625
f 2625/2625/2625 2630/2630/2630 2644/2644/2644
f 2582/2582/2582 2534/2534/2534 2583/2583/2583
f 2534/2534/2534 2624/2624/2624 2583/2583/2583
f 2574/2574/2574 2575/2575/2575 2576/2576/2576
f 2576/2576/2576 2575/2575/2575 2627/2627/2627
f 2672/2672/2672 2626/2626/2626 2628/2628/2628
f 2627/2627/2627 2626/2626/2626 2651/2651/2651
f 2534/2534/2534 2579/2579/2579 2624/2624/2624
f 2624/2624/2624 2579/2579/2579 2629/2629/2629
f 2629/2629/2629 2579/2579/2579 2578/2578/2578
f 2624/2624/2624 2629/2629/2629 2630/2630/2630
f 2631/2631/2631 2630/2630/2630 2629/2629/2629
f 2631/2631/2631 2632/2632/2632 2630/2630/2630
f 2140/2140/2140 2649/2649/2649 2632/2632/2632
f 2616/2616/2616 2636/2636/2636 2623/2623/2623
f 2636/2636/2636 2633/2633/2633 2623/2623/2623
f 2633/2633/2633 2636/2636/2636 2634/2634/2634
f 2634/2634/2634 2636/2636/2636 2635/2635/2635
f 2637/2637/2637 2635/2635/2635 2636/2636/2636
f 2638/2638/2638 2637/2637/2637 2636/2636/2636
f 2638/2638/2638 2636/2636/2636 2639/2639/2639
f 2636/2636/2636 2644/2644/2644 2639/2639/2639
f 2640/2640/2640 2639/2639/2639 2644/2644/2644
f 2640/2640/2640 2644/2644/2644 2641/2641/2641
f 2641/2641/2641 2644/2644/2644 2642/2642/2642
f 2643/2643/2643 2642/2642/2642 2644/2644/2644
f 2645/2645/2645 2643/2643/2643 2644/2644/2644
f 2646/2646/2646 2645/2645/2645 2644/2644/2644
f 2647/2647/2647 2646/2646/2646 2644/2644/2644
f 2636/2636/2636 2625/2625/2625 2644/2644/2644
f 2630/2630/2630 2649/2649/2649 2644/2644/2644
f 2632/2632/2632 2649/2649/2649 2630/2630/2630
f 2730/2730/2730 2650/2650/2650 2572/2572/2572
f 2730/2730/2730 2728/2728/2728 2650/2650/2650
f 2572/2572/2572 2650/2650/2650 2577/2577/2577
f 2580/2580/2580 2577/2577/2577 2650/2650/2650
f 2728/2728/2728 2580/2580/2580 2650/2650/2650
f 2580/2580/2580 2660/2660/2660 2577/2577/2577
f 2660/2660/2660 2580/2580/2580 2659/2659/2659
f 2627/2627/2627 2652/2652/2652 2576/2576/2576
f 2627/2627/2627 2651/2651/2651 2652/2652/2652
f 2580/2580/2580 2728/2728/2728 2667/2667/2667
f 2667/2667/2667 2728/2728/2728 2653/2653/2653
f 2580/2580/2580 2667/2667/2667 2654/2654/2654
f 2626/2626/2626 2656/2656/2656 2651/2651/2651
f 2651/2651/2651 2656/2656/2656 2657/2657/2657
f 2626/2626/2626 2675/2675/2675 2656/2656/2656
f 2656/2656/2656 2675/2675/2675 2655/2655/2655
f 2657/2657/2657 2656/2656/2656 2655/2655/2655
f 2657/2657/2657 2655/2655/2655 2658/2658/2658
f 2654/2654/2654 2659/2659/2659 2580/2580/2580
f 2661/2661/2661 2578/2578/2578 2660/2660/2660
f 2660/2660/2660 2659/2659/2659 2661/2661/2661
f 2629/2629/2629 2578/2578/2578 2663/2663/2663
f 2654/2654/2654 2661/2661/2661 2659/2659/2659
f 2654/2654/2654 2665/2665/2665 2666/2666/2666
f 2661/2661/2661 2654/2654/2654 2664/2664/2664
f 2654/2654/2654 2666/2666/2666 2664/2664/2664
f 2663/2663/2663 2631/2631/2631 2629/2629/2629
f 2631/2631/2631 2663/2663/2663 2662/2662/2662
f 2578/2578/2578 2661/2661/2661 2663/2663/2663
f 2661/2661/2661 2952/2952/2952 2663/2663/2663
f 2664/2664/2664 2666/2666/2666 2661/2661/2661
f 2661/2661/2661 2666/2666/2666 2952/2952/2952
f 2669/2669/2669 2653/2653/2653 2670/2670/2670
f 2653/2653/2653 2669/2669/2669 2667/2667/2667
f 2669/2669/2669 2654/2654/2654 2667/2667/2667
f 2669/2669/2669 2668/2668/2668 2654/2654/2654
f 2668/2668/2668 2676/2676/2676 2671/2671/2671
f 2670/2670/2670 2747/2747/2747 2668/2668/2668
f 2669/2669/2669 2670/2670/2670 2668/2668/2668
f 2747/2747/2747 2677/2677/2677 2668/2668/2668
f 2665/2665/2665 2654/2654/2654 2668/2668/2668
f 2665/2665/2665 2668/2668/2668 2671/2671/2671
f 2666/2666/2666 2665/2665/2665 2918/2918/2918
f 2675/2675/2675 2626/2626/2626 2672/2672/2672
f 2672/2672/2672 2673/2673/2673 2674/2674/2674
f 2675/2675/2675 2672/2672/2672 2674/2674/2674
f 2674/2674/2674 2673/2673/2673 2916/2916/2916
f 2655/2655/2655 2675/2675/2675 2916/2916/2916
f 2674/2674/2674 2916/2916/2916 2675/2675/2675
f 2916/2916/2916 2658/2658/2658 2655/2655/2655
f 2322/2322/2322 2658/2658/2658 2916/2916/2916
f 2668/2668/2668 2677/2677/2677 2676/2676/2676
f 2921/2921/2921 2676/2676/2676 2677/2677/2677
f 2679/2679/2679 2678/2678/2678 2677/2677/2677
f 2679/2679/2679 2502/2502/2502 2678/2678/2678
f 2678/2678/2678 2345/2345/2345 2677/2677/2677
f 2680/2680/2680 2437/2437/2437 2681/2681/2681
f 2681/2681/2681 2437/2437/2437 2682/2682/2682
f 2683/2683/2683 2684/2684/2684 2437/2437/2437
f 2682/2682/2682 2437/2437/2437 2685/2685/2685
f 2685/2685/2685 2437/2437/2437 2684/2684/2684
f 2683/2683/2683 2437/2437/2437 2686/2686/2686
f 2687/2687/2687 2688/2688/2688 2491/2491/2491
f 2687/2687/2687 2689/2689/2689 2688/2688/2688
f 2689/2689/2689 2690/2690/2690 2688/2688/2688
f 2688/2688/2688 2690/2690/2690 2695/2695/2695
f 2690/2690/2690 2504/2504/2504 2695/2695/2695
f 2688/2688/2688 2695/2695/2695 2697/2697/2697
f 2692/2692/2692 2697/2697/2697 2691/2691/2691
f 2691/2691/2691 2697/2697/2697 2693/2693/2693
f 2693/2693/2693 2697/2697/2697 2694/2694/2694
f 2506/2506/2506 2694/2694/2694 2695/2695/2695
f 2694/2694/2694 2697/2697/2697 2695/2695/2695
f 2696/2696/2696 2698/2698/2698 2532/2532/2532
f 2686/2686/2686 2437/2437/2437 2699/2699/2699
f 2437/2437/2437 2697/2697/2697 2699/2699/2699
f 2700/2700/2700 2699/2699/2699 2697/2697/2697
f 2700/2700/2700 2697/2697/2697 2701/2701/2701
f 2701/2701/2701 2697/2697/2697 2702/2702/2702
f 2704/2704/2704 2703/2703/2703 2697/2697/2697
f 2704/2704/2704 2697/2697/2697 2705/2705/2705
f 2702/2702/2702 2697/2697/2697 2703/2703/2703
f 2705/2705/2705 2697/2697/2697 2706/2706/2706
f 2707/2707/2707 2706/2706/2706 2708/2708/2708
f 2706/2706/2706 2697/2697/2697 2708/2708/2708
f 2708/2708/2708 2697/2697/2697 2692/2692/2692
f 2383/2383/2383 2532/2532/2532 2698/2698/2698
f 2934/2934/2934 2532/2532/2532 2383/2383/2383
f 2710/2710/2710 2712/2712/2712 2495/2495/2495
f 2713/2713/2713 2716/2716/2716 2714/2714/2714
f 2934/2934/2934 2712/2712/2712 2711/2711/2711
f 2712/2712/2712 2726/2726/2726 2711/2711/2711
f 2710/2710/2710 2726/2726/2726 2712/2712/2712
f 2713/2713/2713 2576/2576/2576 2716/2716/2716
f 2714/2714/2714 2717/2717/2717 2713/2713/2713
f 2714/2714/2714 2716/2716/2716 2715/2715/2715
f 2710/2710/2710 2443/2443/2443 2727/2727/2727
f 2727/2727/2727 2726/2726/2726 2710/2710/2710
f 2716/2716/2716 2652/2652/2652 2715/2715/2715
f 2652/2652/2652 2716/2716/2716 2576/2576/2576
f 2717/2717/2717 2575/2575/2575 2574/2574/2574
f 2714/2714/2714 2715/2715/2715 2717/2717/2717
f 2717/2717/2717 2715/2715/2715 2718/2718/2718
f 2717/2717/2717 2718/2718/2718 2575/2575/2575
f 2723/2723/2723 2733/2733/2733 2719/2719/2719
f 2652/2652/2652 2718/2718/2718 2715/2715/2715
f 2652/2652/2652 2722/2722/2722 2718/2718/2718
f 2718/2718/2718 2722/2722/2722 2575/2575/2575
f 2948/2948/2948 2957/2957/2957 2723/2723/2723
f 2723/2723/2723 2957/2957/2957 2720/2720/2720
f 2575/2575/2575 2722/2722/2722 2627/2627/2627
f 2722/2722/2722 2626/2626/2626 2627/2627/2627
f 2722/2722/2722 2652/2652/2652 2733/2733/2733
f 2722/2722/2722 2733/2733/2733 2723/2723/2723
f 2720/2720/2720 2722/2722/2722 2723/2723/2723
f 2720/2720/2720 2724/2724/2724 2722/2722/2722
f 2722/2722/2722 2724/2724/2724 2626/2626/2626
f 2721/2721/2721 2626/2626/2626 2724/2724/2724
f 2721/2721/2721 2628/2628/2628 2626/2626/2626
f 2726/2726/2726 2725/2725/2725 2711/2711/2711
f 2730/2730/2730 2725/2725/2725 2726/2726/2726
f 2725/2725/2725 2572/2572/2572 2711/2711/2711
f 2730/2730/2730 2572/2572/2572 2725/2725/2725
f 2727/2727/2727 2729/2729/2729 2726/2726/2726
f 2726/2726/2726 2729/2729/2729 2730/2730/2730
f 2727/2727/2727 2734/2734/2734 2729/2729/2729
f 2729/2729/2729 2728/2728/2728 2730/2730/2730
f 2729/2729/2729 2731/2731/2731 2728/2728/2728
f 2734/2734/2734 2731/2731/2731 2729/2729/2729
f 2731/2731/2731 2732/2732/2732 2728/2728/2728
f 2733/2733/2733 2727/2727/2727 2719/2719/2719
f 2733/2733/2733 2736/2736/2736 2727/2727/2727
f 2652/2652/2652 2735/2735/2735 2739/2739/2739
f 2739/2739/2739 2733/2733/2733 2652/2652/2652
f 2736/2736/2736 2734/2734/2734 2727/2727/2727
f 2743/2743/2743 2728/2728/2728 2732/2732/2732
f 2743/2743/2743 2653/2653/2653 2728/2728/2728
f 2736/2736/2736 2746/2746/2746 2734/2734/2734
f 2735/2735/2735 2652/2652/2652 2744/2744/2744
f 2958/2958/2958 2738/2738/2738 2736/2736/2736
f 2736/2736/2736 2733/2733/2733 2958/2958/2958
f 2958/2958/2958 2733/2733/2733 2739/2739/2739
f 2673/2673/2673 2672/2672/2672 2628/2628/2628
f 2628/2628/2628 2737/2737/2737 2673/2673/2673
f 2737/2737/2737 2496/2496/2496 2673/2673/2673
f 2499/2499/2499 2741/2741/2741 2404/2404/2404
f 2736/2736/2736 2738/2738/2738 2741/2741/2741
f 2735/2735/2735 2744/2744/2744 2739/2739/2739
f 2744/2744/2744 2740/2740/2740 2739/2739/2739
f 2497/2497/2497 2739/2739/2739 2740/2740/2740
f 2734/2734/2734 2742/2742/2742 2731/2731/2731
f 2731/2731/2731 2743/2743/2743 2732/2732/2732
f 2653/2653/2653 2743/2743/2743 2731/2731/2731
f 2742/2742/2742 2653/2653/2653 2731/2731/2731
f 2652/2652/2652 2651/2651/2651 2744/2744/2744
f 2746/2746/2746 2742/2742/2742 2734/2734/2734
f 2748/2748/2748 2653/2653/2653 2742/2742/2742
f 2653/2653/2653 2748/2748/2748 2670/2670/2670
f 2746/2746/2746 2736/2736/2736 2745/2745/2745
f 2742/2742/2742 2746/2746/2746 2748/2748/2748
f 2744/2744/2744 2745/2745/2745 2740/2740/2740
f 2745/2745/2745 2736/2736/2736 2740/2740/2740
f 2736/2736/2736 2741/2741/2741 2740/2740/2740
f 2741/2741/2741 2499/2499/2499 2740/2740/2740
f 2497/2497/2497 2740/2740/2740 2499/2499/2499
f 2500/2500/2500 2745/2745/2745 2744/2744/2744
f 2651/2651/2651 2657/2657/2657 2744/2744/2744
f 2746/2746/2746 2745/2745/2745 2748/2748/2748
f 2745/2745/2745 2502/2502/2502 2748/2748/2748
f 2745/2745/2745 2500/2500/2500 2502/2502/2502
f 2747/2747/2747 2670/2670/2670 2748/2748/2748
f 2502/2502/2502 2747/2747/2747 2748/2748/2748
f 2502/2502/2502 2679/2679/2679 2747/2747/2747
f 2677/2677/2677 2747/2747/2747 2679/2679/2679
f 2751/2751/2751 82/82/82 3/3/3
f 32/32/32 433/433/433 1/1/1
f 4/4/4 306/306/306 2/2/2
f 888/888/888 382/382/382 2756/2756/2756
f 383/383/383 2756/2756/2756 382/382/382
f 2793/2793/2793 15/15/15 2749/2749/2749
f 5/5/5 306/306/306 4/4/4
f 4/4/4 2/2/2 5/5/5
f 599/599/599 598/598/598 25/25/25
f 3/3/3 2765/2765/2765 2751/2751/2751
f 611/611/611 22/22/22 21/21/21
f 611/611/611 21/21/21 1/1/1
f 724/724/724 15/15/15 2752/2752/2752
f 2753/2753/2753 2752/2752/2752 1316/1316/1316
f 2849/2849/2849 24/24/24 2755/2755/2755
f 1315/1315/1315 1316/1316/1316 19/19/19
f 19/19/19 2754/2754/2754 1314/1314/1314
f 2754/2754/2754 19/19/19 23/23/23
f 23/23/23 1319/1319/1319 2754/2754/2754
f 602/602/602 26/26/26 2755/2755/2755
f 2849/2849/2849 2755/2755/2755 1324/1324/1324
f 1324/1324/1324 2755/2755/2755 27/27/27
f 1334/1334/1334 27/27/27 1326/1326/1326
f 2755/2755/2755 26/26/26 27/27/27
f 888/888/888 2756/2756/2756 887/887/887
f 7/7/7 304/304/304 3/3/3
f 2756/2756/2756 2760/2760/2760 28/28/28
f 5/5/5 2761/2761/2761 306/306/306
f 31/31/31 2758/2758/2758 2759/2759/2759
f 63/63/63 297/297/297 61/61/61
f 76/76/76 2764/2764/2764 75/75/75
f 2764/2764/2764 76/76/76 2762/2762/2762
f 2764/2764/2764 2762/2762/2762 2763/2763/2763
f 2751/2751/2751 78/78/78 82/82/82
f 78/78/78 421/421/421 82/82/82
f 3/3/3 82/82/82 432/432/432
f 877/877/877 84/84/84 83/83/83
f 83/83/83 84/84/84 695/695/695
f 695/695/695 84/84/84 699/699/699
f 2765/2765/2765 311/311/311 2751/2751/2751
f 2767/2767/2767 2795/2795/2795 2766/2766/2766
f 2767/2767/2767 100/100/100 2795/2795/2795
f 100/100/100 2767/2767/2767 87/87/87
f 2795/2795/2795 2768/2768/2768 722/722/722
f 2769/2769/2769 146/146/146 872/872/872
f 780/780/780 2808/2808/2808 168/168/168
f 493/493/493 77/77/77 2764/2764/2764
f 58/58/58 61/61/61 297/297/297
f 2/2/2 301/301/301 313/313/313
f 2765/2765/2765 304/304/304 311/311/311
f 313/313/313 2757/2757/2757 2/2/2
f 2757/2757/2757 304/304/304 7/7/7
f 304/304/304 2765/2765/2765 3/3/3
f 296/296/296 2770/2770/2770 333/333/333
f 2756/2756/2756 386/386/386 2760/2760/2760
f 2756/2756/2756 383/383/383 386/386/386
f 2758/2758/2758 386/386/386 385/385/385
f 2759/2759/2759 2758/2758/2758 385/385/385
f 386/386/386 2758/2758/2758 2760/2760/2760
f 2761/2761/2761 31/31/31 385/385/385
f 31/31/31 2759/2759/2759 385/385/385
f 2763/2763/2763 2771/2771/2771 2764/2764/2764
f 2771/2771/2771 389/389/389 2764/2764/2764
f 388/388/388 494/494/494 2764/2764/2764
f 78/78/78 77/77/77 493/493/493
f 421/421/421 78/78/78 492/492/492
f 421/421/421 432/432/432 82/82/82
f 432/432/432 588/588/588 30/30/30
f 1/1/1 433/433/433 436/436/436
f 2772/2772/2772 490/490/490 464/464/464
f 2772/2772/2772 465/465/465 490/490/490
f 464/464/464 490/490/490 574/574/574
f 2774/2774/2774 2773/2773/2773 483/483/483
f 2775/2775/2775 2773/2773/2773 2776/2776/2776
f 2774/2774/2774 2776/2776/2776 2773/2773/2773
f 2775/2775/2775 2777/2777/2777 2778/2778/2778
f 2773/2773/2773 2775/2775/2775 2043/2043/2043
f 2778/2778/2778 2043/2043/2043 2775/2775/2775
f 2778/2778/2778 2779/2779/2779 2043/2043/2043
f 2779/2779/2779 2778/2778/2778 2780/2780/2780
f 2124/2124/2124 2103/2103/2103 2773/2773/2773
f 2103/2103/2103 2781/2781/2781 491/491/491
f 2782/2782/2782 491/491/491 2052/2052/2052
f 494/494/494 493/493/493 2764/2764/2764
f 607/607/607 583/583/583 547/547/547
f 585/585/585 583/583/583 2029/2029/2029
f 30/30/30 588/588/588 589/589/589
f 589/589/589 433/433/433 32/32/32
f 587/587/587 2784/2784/2784 2785/2785/2785
f 591/591/591 2785/2785/2785 2784/2784/2784
f 591/591/591 586/586/586 2785/2785/2785
f 622/622/622 585/585/585 2912/2912/2912
f 1303/1303/1303 601/601/601 603/603/603
f 1302/1302/1302 595/595/595 594/594/594
f 601/601/601 1303/1303/1303 594/594/594
f 22/22/22 600/600/600 598/598/598
f 598/598/598 599/599/599 22/22/22
f 598/598/598 2750/2750/2750 25/25/25
f 602/602/602 14/14/14 25/25/25
f 2750/2750/2750 602/602/602 25/25/25
f 14/14/14 602/602/602 24/24/24
f 618/618/618 2331/2331/2331 621/621/621
f 621/621/621 2331/2331/2331 604/604/604
f 27/27/27 596/596/596 1326/1326/1326
f 596/596/596 27/27/27 26/26/26
f 547/547/547 2029/2029/2029 607/607/607
f 583/583/583 607/607/607 2029/2029/2029
f 622/622/622 584/584/584 585/585/585
f 622/622/622 587/587/587 584/584/584
f 2786/2786/2786 2783/2783/2783 435/435/435
f 2786/2786/2786 435/435/435 614/614/614
f 2788/2788/2788 614/614/614 435/435/435
f 1/1/1 2783/2783/2783 611/611/611
f 22/22/22 611/611/611 600/600/600
f 616/616/616 617/617/617 2307/2307/2307
f 616/616/616 2307/2307/2307 620/620/620
f 2787/2787/2787 618/618/618 620/620/620
f 620/620/620 619/619/619 2787/2787/2787
f 2787/2787/2787 2352/2352/2352 618/618/618
f 620/620/620 2915/2915/2915 619/619/619
f 630/630/630 614/614/614 2788/2788/2788
f 590/590/590 625/625/625 2788/2788/2788
f 2912/2912/2912 2137/2137/2137 624/624/624
f 2784/2784/2784 625/625/625 590/590/590
f 587/587/587 624/624/624 2784/2784/2784
f 591/591/591 2784/2784/2784 590/590/590
f 631/631/631 1260/1260/1260 1234/1234/1234
f 632/632/632 1264/1264/1264 631/631/631
f 1264/1264/1264 1209/1209/1209 631/631/631
f 646/646/646 649/649/649 2790/2790/2790
f 877/877/877 83/83/83 868/868/868
f 696/696/696 695/695/695 697/697/697
f 694/694/694 83/83/83 695/695/695
f 699/699/699 84/84/84 877/877/877
f 695/695/695 699/699/699 696/696/696
f 697/697/697 695/695/695 696/696/696
f 2791/2791/2791 892/892/892 2813/2813/2813
f 887/887/887 2756/2756/2756 893/893/893
f 2793/2793/2793 893/893/893 2756/2756/2756
f 2793/2793/2793 2749/2749/2749 2792/2792/2792
f 2792/2792/2792 2749/2749/2749 15/15/15
f 715/715/715 2794/2794/2794 2795/2795/2795
f 2766/2766/2766 2795/2795/2795 2794/2794/2794
f 705/705/705 2795/2795/2795 722/722/722
f 723/723/723 722/722/722 2768/2768/2768
f 2769/2769/2769 723/723/723 2768/2768/2768
f 723/723/723 2769/2769/2769 872/872/872
f 872/872/872 2808/2808/2808 873/873/873
f 872/872/872 146/146/146 2808/2808/2808
f 2808/2808/2808 780/780/780 873/873/873
f 780/780/780 168/168/168 886/886/886
f 2789/2789/2789 632/632/632 633/633/633
f 2752/2752/2752 2848/2848/2848 724/724/724
f 2820/2820/2820 744/744/744 725/725/725
f 2797/2797/2797 726/726/726 2798/2798/2798
f 2797/2797/2797 2799/2799/2799 726/726/726
f 2799/2799/2799 727/727/727 726/726/726
f 725/725/725 748/748/748 1146/1146/1146
f 1146/1146/1146 748/748/748 2800/2800/2800
f 2803/2803/2803 2824/2824/2824 2804/2804/2804
f 2804/2804/2804 2824/2824/2824 788/788/788
f 2824/2824/2824 2801/2801/2801 788/788/788
f 2806/2806/2806 645/645/645 2805/2805/2805
f 2806/2806/2806 634/634/634 645/645/645
f 701/701/701 2809/2809/2809 1203/1203/1203
f 2813/2813/2813 892/892/892 1074/1074/1074
f 780/780/780 886/886/886 874/874/874
f 1060/1060/1060 1055/1055/1055 970/970/970
f 1200/1200/1200 2790/2790/2790 649/649/649
f 2791/2791/2791 1075/1075/1075 1074/1074/1074
f 1251/1251/1251 1214/1214/1214 2812/2812/2812
f 2791/2791/2791 2813/2813/2813 1075/1075/1075
f 2004/2004/2004 2814/2814/2814 2815/2815/2815
f 2004/2004/2004 2815/2815/2815 2816/2816/2816
f 2816/2816/2816 1077/1077/1077 2004/2004/2004
f 932/932/932 2811/2811/2811 2893/2893/2893
f 1085/1085/1085 1086/1086/1086 1237/1237/1237
f 1085/1085/1085 1237/1237/1237 2876/2876/2876
f 2817/2817/2817 1087/1087/1087 1236/1236/1236
f 1087/1087/1087 1067/1067/1067 1238/1238/1238
f 1066/1066/1066 1093/1093/1093 2837/2837/2837
f 1093/1093/1093 1094/1094/1094 2837/2837/2837
f 1068/1068/1068 2818/2818/2818 1094/1094/1094
f 1251/1251/1251 2812/2812/2812 2834/2834/2834
f 2820/2820/2820 725/725/725 1146/1146/1146
f 1139/1139/1139 2821/2821/2821 2820/2820/2820
f 2822/2822/2822 726/726/726 2821/2821/2821
f 726/726/726 2820/2820/2820 2821/2821/2821
f 726/726/726 744/744/744 2820/2820/2820
f 2822/2822/2822 2823/2823/2823 726/726/726
f 2823/2823/2823 2798/2798/2798 726/726/726
f 2819/2819/2819 1146/1146/1146 2800/2800/2800
f 2819/2819/2819 2800/2800/2800 1147/1147/1147
f 1147/1147/1147 2800/2800/2800 1170/1170/1170
f 2824/2824/2824 2802/2802/2802 2801/2801/2801
f 1167/1167/1167 2802/2802/2802 2824/2824/2824
f 1167/1167/1167 1170/1170/1170 2802/2802/2802
f 1193/1193/1193 2824/2824/2824 2826/2826/2826
f 2826/2826/2826 2824/2824/2824 2827/2827/2827
f 2824/2824/2824 2803/2803/2803 2827/2827/2827
f 2828/2828/2828 2825/2825/2825 1195/1195/1195
f 2825/2825/2825 2828/2828/2828 2805/2805/2805
f 645/645/645 1168/1168/1168 2825/2825/2825
f 2825/2825/2825 2805/2805/2805 645/645/645
f 645/645/645 2807/2807/2807 1168/1168/1168
f 1172/1172/1172 1197/1197/1197 1199/1199/1199
f 2807/2807/2807 646/646/646 1202/1202/1202
f 1202/1202/1202 646/646/646 2790/2790/2790
f 2790/2790/2790 1200/1200/1200 1202/1202/1202
f 701/701/701 1203/1203/1203 649/649/649
f 2809/2809/2809 1208/1208/1208 1207/1207/1207
f 1206/1206/1206 2809/2809/2809 1207/1207/1207
f 1234/1234/1234 2810/2810/2810 631/631/631
f 1208/1208/1208 2810/2810/2810 1207/1207/1207
f 1208/1208/1208 2809/2809/2809 2810/2810/2810
f 1207/1207/1207 2810/2810/2810 2829/2829/2829
f 2829/2829/2829 2810/2810/2810 1234/1234/1234
f 1260/1260/1260 1250/1250/1250 1234/1234/1234
f 631/631/631 1261/1261/1261 1260/1260/1260
f 1261/1261/1261 631/631/631 1209/1209/1209
f 632/632/632 2789/2789/2789 1264/1264/1264
f 2811/2811/2811 2830/2830/2830 1210/1210/1210
f 2811/2811/2811 933/933/933 2830/2830/2830
f 1210/1210/1210 2830/2830/2830 933/933/933
f 1210/1210/1210 933/933/933 971/971/971
f 971/971/971 1086/1086/1086 1210/1210/1210
f 2885/2885/2885 1086/1086/1086 1934/1934/1934
f 1238/1238/1238 1067/1067/1067 1211/1211/1211
f 1067/1067/1067 1064/1064/1064 1211/1211/1211
f 1064/1064/1064 1242/1242/1242 1211/1211/1211
f 1216/1216/1216 2832/2832/2832 1217/1217/1217
f 1224/1224/1224 2841/2841/2841 2831/2831/2831
f 1284/1284/1284 1228/1228/1228 1226/1226/1226
f 1226/1226/1226 1228/1228/1228 1227/1227/1227
f 2842/2842/2842 1262/1262/1262 1225/1225/1225
f 1227/1227/1227 1224/1224/1224 1223/1223/1223
f 2843/2843/2843 2842/2842/2842 1223/1223/1223
f 1233/1233/1233 2833/2833/2833 2844/2844/2844
f 1219/1219/1219 1231/1231/1231 1230/1230/1230
f 1232/1232/1232 2844/2844/2844 2843/2843/2843
f 2812/2812/2812 1248/1248/1248 2834/2834/2834
f 1073/1073/1073 2813/2813/2813 1250/1250/1250
f 2829/2829/2829 1250/1250/1250 2813/2813/2813
f 2829/2829/2829 1234/1234/1234 1250/1250/1250
f 1214/1214/1214 1235/1235/1235 2812/2812/2812
f 1248/1248/1248 2812/2812/2812 1235/1235/1235
f 1086/1086/1086 2876/2876/2876 1934/1934/1934
f 1086/1086/1086 1085/1085/1085 2876/2876/2876
f 1086/1086/1086 2817/2817/2817 1237/1237/1237
f 2876/2876/2876 1237/1237/1237 2835/2835/2835
f 2836/2836/2836 2817/2817/2817 1239/1239/1239
f 2817/2817/2817 1236/1236/1236 1238/1238/1238
f 1236/1236/1236 1087/1087/1087 1238/1238/1238
f 1896/1896/1896 1237/1237/1237 2836/2836/2836
f 1902/1902/1902 1254/1254/1254 1905/1905/1905
f 1902/1902/1902 2878/2878/2878 1254/1254/1254
f 1242/1242/1242 2837/2837/2837 1243/1243/1243
f 1094/1094/1094 1245/1245/1245 2837/2837/2837
f 1245/1245/1245 1094/1094/1094 2818/2818/2818
f 1251/1251/1251 2818/2818/2818 1068/1068/1068
f 1068/1068/1068 2838/2838/2838 1251/1251/1251
f 1073/1073/1073 2838/2838/2838 1068/1068/1068
f 1251/1251/1251 2834/2834/2834 1247/1247/1247
f 1247/1247/1247 2834/2834/2834 1257/1257/1257
f 2834/2834/2834 1248/1248/1248 1257/1257/1257
f 1214/1214/1214 1251/1251/1251 1256/1256/1256
f 1905/1905/1905 1252/1252/1252 2877/2877/2877
f 633/633/633 1264/1264/1264 2789/2789/2789
f 2796/2796/2796 633/633/633 1265/1265/1265
f 633/633/633 2796/2796/2796 1264/1264/1264
f 2840/2840/2840 1268/1268/1268 2846/2846/2846
f 1268/1268/1268 2840/2840/2840 1264/1264/1264
f 1264/1264/1264 2846/2846/2846 1268/1268/1268
f 1262/1262/1262 2842/2842/2842 2847/2847/2847
f 2839/2839/2839 1283/1283/1283 1267/1267/1267
f 1226/1226/1226 1267/1267/1267 1283/1283/1283
f 1271/1271/1271 2831/2831/2831 2841/2841/2841
f 1271/1271/1271 2841/2841/2841 1224/1224/1224
f 2831/2831/2831 1288/1288/1288 1274/1274/1274
f 2831/2831/2831 1282/1282/1282 1288/1288/1288
f 2831/2831/2831 1271/1271/1271 1282/1282/1282
f 2842/2842/2842 1225/1225/1225 1223/1223/1223
f 1227/1227/1227 1228/1228/1228 1224/1224/1224
f 2843/2843/2843 1311/1311/1311 2842/2842/2842
f 1284/1284/1284 1224/1224/1224 1228/1228/1228
f 1226/1226/1226 1283/1283/1283 1284/1284/1284
f 1272/1272/1272 1230/1230/1230 1231/1231/1231
f 1230/1230/1230 1272/1272/1272 1273/1273/1273
f 2831/2831/2831 1274/1274/1274 1219/1219/1219
f 1219/1219/1219 1274/1274/1274 1231/1231/1231
f 2843/2843/2843 2833/2833/2833 1233/1233/1233
f 2844/2844/2844 2833/2833/2833 2843/2843/2843
f 2845/2845/2845 2348/2348/2348 1306/1306/1306
f 1297/1297/1297 1303/1303/1303 604/604/604
f 603/603/603 604/604/604 1303/1303/1303
f 595/595/595 1302/1302/1302 596/596/596
f 1301/1301/1301 594/594/594 1303/1303/1303
f 1301/1301/1301 1302/1302/1302 594/594/594
f 596/596/596 1302/1302/1302 1326/1326/1326
f 1295/1295/1295 1306/1306/1306 2336/2336/2336
f 1298/1298/1298 2924/2924/2924 2337/2337/2337
f 2845/2845/2845 2931/2931/2931 2350/2350/2350
f 2792/2792/2792 1308/1308/1308 1265/1265/1265
f 1308/1308/1308 2796/2796/2796 1265/1265/1265
f 2840/2840/2840 2846/2846/2846 1307/1307/1307
f 2840/2840/2840 1307/1307/1307 2839/2839/2839
f 2796/2796/2796 2846/2846/2846 1264/1264/1264
f 2796/2796/2796 1308/1308/1308 2846/2846/2846
f 2847/2847/2847 1310/1310/1310 1276/1276/1276
f 2792/2792/2792 724/724/724 1308/1308/1308
f 724/724/724 2848/2848/2848 1308/1308/1308
f 2752/2752/2752 1315/1315/1315 2848/2848/2848
f 1315/1315/1315 2752/2752/2752 2753/2753/2753
f 2753/2753/2753 1316/1316/1316 1315/1315/1315
f 1319/1319/1319 23/23/23 2849/2849/2849
f 2849/2849/2849 23/23/23 24/24/24
f 1314/1314/1314 1315/1315/1315 19/19/19
f 1319/1319/1319 1314/1314/1314 2754/2754/2754
f 1327/1327/1327 27/27/27 1334/1334/1334
f 1327/1327/1327 1324/1324/1324 27/27/27
f 1333/1333/1333 1334/1334/1334 1326/1326/1326
f 1540/1540/1540 1543/1543/1543 1542/1542/1542
f 1545/1545/1545 1543/1543/1543 1546/1546/1546
f 1715/1715/1715 2850/2850/2850 1562/1562/1562
f 1559/1559/1559 2850/2850/2850 1563/1563/1563
f 1546/1546/1546 1834/1834/1834 1545/1545/1545
f 1546/1546/1546 1564/1564/1564 1834/1834/1834
f 2856/2856/2856 2851/2851/2851 1584/1584/1584
f 2852/2852/2852 1584/1584/1584 2851/2851/2851
f 2852/2852/2852 2851/2851/2851 2853/2853/2853
f 2853/2853/2853 2851/2851/2851 2854/2854/2854
f 2851/2851/2851 2855/2855/2855 2854/2854/2854
f 1715/1715/1715 1563/1563/1563 2850/2850/2850
f 1723/1723/1723 1725/1725/1725 2858/2858/2858
f 1723/1723/1723 2858/2858/2858 2859/2859/2859
f 2860/2860/2860 1723/1723/1723 2859/2859/2859
f 2861/2861/2861 1723/1723/1723 2860/2860/2860
f 2861/2861/2861 2862/2862/2862 1723/1723/1723
f 2890/2890/2890 1723/1723/1723 2862/2862/2862
f 1723/1723/1723 2890/2890/2890 1691/1691/1691
f 2862/2862/2862 2863/2863/2863 2890/2890/2890
f 1743/1743/1743 1825/1825/1825 2864/2864/2864
f 2864/2864/2864 1825/1825/1825 2865/2865/2865
f 2369/2369/2369 1832/1832/1832 1828/1828/1828
f 1848/1848/1848 1745/1745/1745 1753/1753/1753
f 1745/1745/1745 1558/1558/1558 1562/1562/1562
f 2850/2850/2850 1758/1758/1758 1562/1562/1562
f 2867/2867/2867 1746/1746/1746 1772/1772/1772
f 1544/1544/1544 1760/1760/1760 1559/1559/1559
f 1544/1544/1544 1545/1545/1545 1760/1760/1760
f 1559/1559/1559 1835/1835/1835 2850/2850/2850
f 1559/1559/1559 1760/1760/1760 1835/1835/1835
f 1546/1546/1546 1865/1865/1865 1564/1564/1564
f 1564/1564/1564 1865/1865/1865 1834/1834/1834
f 1865/1865/1865 1546/1546/1546 1730/1730/1730
f 2855/2855/2855 2851/2851/2851 2869/2869/2869
f 1839/1839/1839 2869/2869/2869 2851/2851/2851
f 2856/2856/2856 1848/1848/1848 2851/2851/2851
f 1848/1848/1848 2856/2856/2856 1558/1558/1558
f 1848/1848/1848 1558/1558/1558 1745/1745/1745
f 2857/2857/2857 1734/1734/1734 1866/1866/1866
f 2857/2857/2857 1866/1866/1866 1730/1730/1730
f 1866/1866/1866 1865/1865/1865 1730/1730/1730
f 1925/1925/1925 1217/1217/1217 2832/2832/2832
f 1229/1229/1229 1217/1217/1217 1907/1907/1907
f 1879/1879/1879 1218/1218/1218 1273/1273/1273
f 1870/1870/1870 2832/2832/2832 1879/1879/1879
f 1879/1879/1879 2832/2832/2832 1218/1218/1218
f 1879/1879/1879 1273/1273/1273 1880/1880/1880
f 1304/1304/1304 1880/1880/1880 1273/1273/1273
f 1886/1886/1886 2393/2393/2393 2872/2872/2872
f 2393/2393/2393 1888/1888/1888 2872/2872/2872
f 2872/2872/2872 2873/2873/2873 1886/1886/1886
f 2874/2874/2874 2393/2393/2393 1886/1886/1886
f 1946/1946/1946 1898/1898/1898 1899/1899/1899
f 1951/1951/1951 1946/1946/1946 1899/1899/1899
f 1955/1955/1955 1910/1910/1910 1890/1890/1890
f 2875/2875/2875 1891/1891/1891 1913/1913/1913
f 1934/1934/1934 2876/2876/2876 2835/2835/2835
f 1896/1896/1896 2835/2835/2835 1237/1237/1237
f 1936/1936/1936 2895/2895/2895 1892/1892/1892
f 2896/2896/2896 1898/1898/1898 1895/1895/1895
f 2836/2836/2836 1239/1239/1239 1896/1896/1896
f 1243/1243/1243 1896/1896/1896 1239/1239/1239
f 1243/1243/1243 1240/1240/1240 1896/1896/1896
f 1901/1901/1901 1896/1896/1896 1240/1240/1240
f 1240/1240/1240 2877/2877/2877 1901/1901/1901
f 1240/1240/1240 1905/1905/1905 2877/2877/2877
f 1244/1244/1244 1902/1902/1902 1905/1905/1905
f 1244/1244/1244 1255/1255/1255 1902/1902/1902
f 1255/1255/1255 1904/1904/1904 1902/1902/1902
f 1241/1241/1241 1904/1904/1904 1255/1255/1255
f 1906/1906/1906 1904/1904/1904 1241/1241/1241
f 1241/1241/1241 1229/1229/1229 1906/1906/1906
f 1229/1229/1229 1907/1907/1907 1906/1906/1906
f 2878/2878/2878 1923/1923/1923 2877/2877/2877
f 2877/2877/2877 1252/1252/1252 2878/2878/2878
f 1902/1902/1902 1923/1923/1923 2878/2878/2878
f 2882/2882/2882 2879/2879/2879 1874/1874/1874
f 2879/2879/2879 2882/2882/2882 2408/2408/2408
f 1877/1877/1877 2880/2880/2880 1878/1878/1878
f 1880/1880/1880 1304/1304/1304 1305/1305/1305
f 1280/1280/1280 1932/1932/1932 1305/1305/1305
f 2333/2333/2333 2882/2882/2882 2881/2881/2881
f 1932/1932/1932 1280/1280/1280 1933/1933/1933
f 2883/2883/2883 2944/2944/2944 2897/2897/2897
f 2455/2455/2455 2453/2453/2453 1883/1883/1883
f 2884/2884/2884 1885/1885/1885 2879/2879/2879
f 2014/2014/2014 2811/2811/2811 2015/2015/2015
f 1210/1210/1210 2015/2015/2015 2811/2811/2811
f 2885/2885/2885 1934/1934/1934 2015/2015/2015
f 1086/1086/1086 2015/2015/2015 1210/1210/1210
f 1086/1086/1086 2885/2885/2885 2015/2015/2015
f 2887/2887/2887 1937/1937/1937 2886/2886/2886
f 2021/2021/2021 2886/2886/2886 1937/1937/1937
f 2887/2887/2887 1863/1863/1863 1938/1938/1938
f 2887/2887/2887 1938/1938/1938 1937/1937/1937
f 1864/1864/1864 1938/1938/1938 1863/1863/1863
f 1864/1864/1864 1939/1939/1939 1938/1938/1938
f 1734/1734/1734 1941/1941/1941 1866/1866/1866
f 2016/2016/2016 1734/1734/1734 1733/1733/1733
f 1866/1866/1866 1941/1941/1941 1942/1942/1942
f 1946/1946/1946 1947/1947/1947 2896/2896/2896
f 2896/2896/2896 1895/1895/1895 1946/1946/1946
f 1895/1895/1895 1898/1898/1898 1946/1946/1946
f 1942/1942/1942 2889/2889/2889 1867/1867/1867
f 1867/1867/1867 2889/2889/2889 2871/2871/2871
f 2870/2870/2870 1867/1867/1867 2871/2871/2871
f 1939/1939/1939 1864/1864/1864 1868/1868/1868
f 1939/1939/1939 1868/1868/1868 2870/2870/2870
f 1867/1867/1867 2870/2870/2870 1868/1868/1868
f 2888/2888/2888 1909/1909/1909 1954/1954/1954
f 1951/1951/1951 1909/1909/1909 2888/2888/2888
f 1890/1890/1890 1891/1891/1891 1958/1958/1958
f 1891/1891/1891 2875/2875/2875 1958/1958/1958
f 2027/2027/2027 2875/2875/2875 1913/1913/1913
f 2875/2875/2875 2027/2027/2027 1958/1958/1958
f 1691/1691/1691 2890/2890/2890 1726/1726/1726
f 2890/2890/2890 2006/2006/2006 1726/1726/1726
f 1726/1726/1726 2006/2006/2006 2013/2013/2013
f 2003/2003/2003 2814/2814/2814 2000/2000/2000
f 2814/2814/2814 1996/1996/1996 2000/2000/2000
f 2003/2003/2003 2891/2891/2891 2814/2814/2814
f 2892/2892/2892 2814/2814/2814 2891/2891/2891
f 2892/2892/2892 2815/2815/2815 2814/2814/2814
f 2814/2814/2814 2004/2004/2004 1996/1996/1996
f 2004/2004/2004 2893/2893/2893 2005/2005/2005
f 2893/2893/2893 2811/2811/2811 2005/2005/2005
f 2005/2005/2005 2811/2811/2811 2014/2014/2014
f 2894/2894/2894 2890/2890/2890 2863/2863/2863
f 2007/2007/2007 2890/2890/2890 2894/2894/2894
f 2013/2013/2013 2011/2011/2011 1726/1726/1726
f 1726/1726/1726 2020/2020/2020 1727/1727/1727
f 1726/1726/1726 2011/2011/2011 2020/2020/2020
f 1727/1727/1727 2020/2020/2020 2017/2017/2017
f 1632/1632/1632 1727/1727/1727 1714/1714/1714
f 1727/1727/1727 2017/2017/2017 1714/1714/1714
f 2018/2018/2018 1714/1714/1714 2017/2017/2017
f 1714/1714/1714 2018/2018/2018 1731/1731/1731
f 1731/1731/1731 2018/2018/2018 1728/1728/1728
f 2018/2018/2018 2019/2019/2019 1728/1728/1728
f 1728/1728/1728 2019/2019/2019 1733/1733/1733
f 1934/1934/1934 2895/2895/2895 1936/1936/1936
f 1892/1892/1892 2896/2896/2896 1947/1947/1947
f 2023/2023/2023 2886/2886/2886 2021/2021/2021
f 2886/2886/2886 2023/2023/2023 1869/1869/1869
f 2025/2025/2025 2942/2942/2942 2024/2024/2024
f 2883/2883/2883 2898/2898/2898 2027/2027/2027
f 2027/2027/2027 2943/2943/2943 2026/2026/2026
f 2943/2943/2943 2027/2027/2027 2897/2897/2897
f 2898/2898/2898 2897/2897/2897 2027/2027/2027
f 2027/2027/2027 1913/1913/1913 2883/2883/2883
f 2649/2649/2649 2648/2648/2648 2151/2151/2151
f 547/547/547 2900/2900/2900 2029/2029/2029
f 2030/2030/2030 585/585/585 2029/2029/2029
f 2900/2900/2900 547/547/547 2782/2782/2782
f 2899/2899/2899 2035/2035/2035 2043/2043/2043
f 2899/2899/2899 2043/2043/2043 2779/2779/2779
f 2773/2773/2773 2043/2043/2043 2124/2124/2124
f 2103/2103/2103 2052/2052/2052 2781/2781/2781
f 2034/2034/2034 2900/2900/2900 2052/2052/2052
f 2900/2900/2900 2782/2782/2782 2052/2052/2052
f 491/491/491 2781/2781/2781 2052/2052/2052
f 2056/2056/2056 2903/2903/2903 2901/2901/2901
f 2901/2901/2901 2903/2903/2903 2902/2902/2902
f 2904/2904/2904 2902/2902/2902 2903/2903/2903
f 2904/2904/2904 2903/2903/2903 2905/2905/2905
f 2905/2905/2905 2903/2903/2903 2061/2061/2061
f 2903/2903/2903 2062/2062/2062 2061/2061/2061
f 2138/2138/2138 617/617/617 592/592/592
f 2306/2306/2306 2139/2139/2139 2914/2914/2914
f 2306/2306/2306 2321/2321/2321 2139/2139/2139
f 2136/2136/2136 624/624/624 2137/2137/2137
f 2136/2136/2136 592/592/592 624/624/624
f 592/592/592 2136/2136/2136 2138/2138/2138
f 2140/2140/2140 2251/2251/2251 2649/2649/2649
f 2140/2140/2140 2632/2632/2632 2631/2631/2631
f 2906/2906/2906 2644/2644/2644 2907/2907/2907
f 2907/2907/2907 2644/2644/2644 2150/2150/2150
f 2644/2644/2644 2151/2151/2151 2150/2150/2150
f 2251/2251/2251 2151/2151/2151 2648/2648/2648
f 2297/2297/2297 2909/2909/2909 2323/2323/2323
f 2321/2321/2321 2306/2306/2306 2329/2329/2329
f 585/585/585 2030/2030/2030 2912/2912/2912
f 2912/2912/2912 2030/2030/2030 2137/2137/2137
f 2307/2307/2307 617/617/617 2913/2913/2913
f 2307/2307/2307 2915/2915/2915 620/620/620
f 617/617/617 2308/2308/2308 2913/2913/2913
f 617/617/617 2138/2138/2138 2308/2308/2308
f 2309/2309/2309 2354/2354/2354 2915/2915/2915
f 2394/2394/2394 1889/1889/1889 2880/2880/2880
f 2939/2939/2939 2938/2938/2938 2312/2312/2312
f 2939/2939/2939 2313/2313/2313 2938/2938/2938
f 2322/2322/2322 2311/2311/2311 2314/2314/2314
f 2140/2140/2140 2919/2919/2919 2662/2662/2662
f 2294/2294/2294 2140/2140/2140 2662/2662/2662
f 2920/2920/2920 2908/2908/2908 2294/2294/2294
f 2952/2952/2952 2920/2920/2920 2294/2294/2294
f 2909/2909/2909 2920/2920/2920 2324/2324/2324
f 2920/2920/2920 2909/2909/2909 2908/2908/2908
f 2676/2676/2676 2922/2922/2922 2923/2923/2923
f 2921/2921/2921 2345/2345/2345 2922/2922/2922
f 2324/2324/2324 2665/2665/2665 2671/2671/2671
f 2324/2324/2324 2918/2918/2918 2665/2665/2665
f 2909/2909/2909 2324/2324/2324 2323/2323/2323
f 2326/2326/2326 2321/2321/2321 2329/2329/2329
f 2323/2323/2323 2911/2911/2911 2297/2297/2297
f 2323/2323/2323 2328/2328/2328 2911/2911/2911
f 1306/1306/1306 2348/2348/2348 2336/2336/2336
f 2348/2348/2348 2330/2330/2330 2336/2336/2336
f 2348/2348/2348 2845/2845/2845 2349/2349/2349
f 2931/2931/2931 604/604/604 2350/2350/2350
f 604/604/604 2331/2331/2331 2350/2350/2350
f 2925/2925/2925 2332/2332/2332 2926/2926/2926
f 2927/2927/2927 2334/2334/2334 2332/2332/2332
f 2941/2941/2941 2928/2928/2928 2341/2341/2341
f 2410/2410/2410 2882/2882/2882 2333/2333/2333
f 2410/2410/2410 2333/2333/2333 2928/2928/2928
f 2925/2925/2925 2926/2926/2926 2334/2334/2334
f 2337/2337/2337 2340/2340/2340 2336/2336/2336
f 2336/2336/2336 2340/2340/2340 1295/1295/1295
f 2340/2340/2340 1297/1297/1297 1295/1295/1295
f 2340/2340/2340 2924/2924/2924 1297/1297/1297
f 1932/1932/1932 2881/2881/2881 2882/2882/2882
f 1932/1932/1932 2338/2338/2338 2881/2881/2881
f 1932/1932/1932 1933/1933/1933 2338/2338/2338
f 2337/2337/2337 1933/1933/1933 1298/1298/1298
f 2924/2924/2924 2340/2340/2340 2337/2337/2337
f 2917/2917/2917 2343/2343/2343 2929/2929/2929
f 2845/2845/2845 2930/2930/2930 2349/2349/2349
f 2845/2845/2845 2350/2350/2350 2930/2930/2930
f 2352/2352/2352 2331/2331/2331 618/618/618
f 2351/2351/2351 2354/2354/2354 2914/2914/2914
f 2351/2351/2351 2787/2787/2787 2354/2354/2354
f 2787/2787/2787 2351/2351/2351 2914/2914/2914
f 2787/2787/2787 2914/2914/2914 2352/2352/2352
f 2352/2352/2352 2914/2914/2914 2139/2139/2139
f 2787/2787/2787 619/619/619 2354/2354/2354
f 619/619/619 2915/2915/2915 2354/2354/2354
f 2865/2865/2865 1825/1825/1825 2932/2932/2932
f 2355/2355/2355 2932/2932/2932 1825/1825/1825
f 2355/2355/2355 1825/1825/1825 2362/2362/2362
f 2369/2369/2369 1828/1828/1828 2413/2413/2413
f 1828/1828/1828 1869/1869/1869 2413/2413/2413
f 2412/2412/2412 2413/2413/2413 1869/1869/1869
f 1825/1825/1825 2933/2933/2933 2362/2362/2362
f 1744/1744/1744 2866/2866/2866 2933/2933/2933
f 1744/1744/1744 1832/1832/1832 2866/2866/2866
f 2369/2369/2369 2866/2866/2866 1832/1832/1832
f 2381/2381/2381 2382/2382/2382 2384/2384/2384
f 2385/2385/2385 2449/2449/2449 2451/2451/2451
f 1883/1883/1883 2936/2936/2936 2935/2935/2935
f 2386/2386/2386 2872/2872/2872 2936/2936/2936
f 2387/2387/2387 2936/2936/2936 2872/2872/2872
f 2387/2387/2387 2872/2872/2872 2390/2390/2390
f 2386/2386/2386 2395/2395/2395 2872/2872/2872
f 2390/2390/2390 2872/2872/2872 2395/2395/2395
f 2391/2391/2391 1885/1885/1885 2396/2396/2396
f 2391/2391/2391 2879/2879/2879 1885/1885/1885
f 1885/1885/1885 2392/2392/2392 2396/2396/2396
f 2873/2873/2873 2872/2872/2872 1886/1886/1886
f 2392/2392/2392 1888/1888/1888 2393/2393/2393
f 2394/2394/2394 2393/2393/2393 1889/1889/1889
f 2393/2393/2393 2874/2874/2874 1889/1889/1889
f 2399/2399/2399 2401/2401/2401 2498/2498/2498
f 2498/2498/2498 2404/2404/2404 2399/2399/2399
f 2399/2399/2399 2937/2937/2937 2737/2737/2737
f 2399/2399/2399 2950/2950/2950 2937/2937/2937
f 2411/2411/2411 2313/2313/2313 2939/2939/2939
f 2411/2411/2411 2917/2917/2917 2313/2313/2313
f 2411/2411/2411 2939/2939/2939 2403/2403/2403
f 2391/2391/2391 1874/1874/1874 2879/2879/2879
f 2391/2391/2391 2940/2940/2940 1874/1874/1874
f 2407/2407/2407 2408/2408/2408 2882/2882/2882
f 1877/1877/1877 1874/1874/1874 2880/2880/2880
f 1874/1874/1874 2334/2334/2334 2880/2880/2880
f 2394/2394/2394 2880/2880/2880 2334/2334/2334
f 1874/1874/1874 2925/2925/2925 2334/2334/2334
f 2927/2927/2927 2332/2332/2332 2940/2940/2940
f 2394/2394/2394 2334/2334/2334 2927/2927/2927
f 1874/1874/1874 2940/2940/2940 2925/2925/2925
f 2925/2925/2925 2940/2940/2940 2332/2332/2332
f 2407/2407/2407 2882/2882/2882 2410/2410/2410
f 2407/2407/2407 2928/2928/2928 2941/2941/2941
f 2410/2410/2410 2928/2928/2928 2407/2407/2407
f 2411/2411/2411 2341/2341/2341 2917/2917/2917
f 2023/2023/2023 2412/2412/2412 1869/1869/1869
f 2412/2412/2412 2023/2023/2023 2414/2414/2414
f 2942/2942/2942 2414/2414/2414 2022/2022/2022
f 2942/2942/2942 2415/2415/2415 2414/2414/2414
f 2897/2897/2897 2419/2419/2419 2025/2025/2025
f 2025/2025/2025 2419/2419/2419 2418/2418/2418
f 2418/2418/2418 2415/2415/2415 2942/2942/2942
f 2025/2025/2025 2418/2418/2418 2942/2942/2942
f 2026/2026/2026 2897/2897/2897 2025/2025/2025
f 2943/2943/2943 2897/2897/2897 2026/2026/2026
f 2898/2898/2898 2883/2883/2883 2897/2897/2897
f 2897/2897/2897 2944/2944/2944 2420/2420/2420
f 2420/2420/2420 2944/2944/2944 2455/2455/2455
f 2453/2453/2453 2455/2455/2455 2944/2944/2944
f 2422/2422/2422 2380/2380/2380 2688/2688/2688
f 2954/2954/2954 2422/2422/2422 2688/2688/2688
f 2436/2436/2436 2437/2437/2437 2945/2945/2945
f 2437/2437/2437 2946/2946/2946 2945/2945/2945
f 2384/2384/2384 2710/2710/2710 2495/2495/2495
f 2947/2947/2947 2727/2727/2727 2450/2450/2450
f 2720/2720/2720 2451/2451/2451 2724/2724/2724
f 2452/2452/2452 2451/2451/2451 2449/2449/2449
f 2721/2721/2721 2451/2451/2451 2452/2452/2452
f 2935/2935/2935 2455/2455/2455 1883/1883/1883
f 1883/1883/1883 2949/2949/2949 2936/2936/2936
f 2949/2949/2949 2884/2884/2884 2936/2936/2936
f 2936/2936/2936 2884/2884/2884 2454/2454/2454
f 2949/2949/2949 1883/1883/1883 2884/2884/2884
f 2879/2879/2879 2457/2457/2457 2884/2884/2884
f 2399/2399/2399 2404/2404/2404 2958/2958/2958
f 2739/2739/2739 2950/2950/2950 2399/2399/2399
f 2383/2383/2383 2482/2482/2482 2688/2688/2688
f 2381/2381/2381 2934/2934/2934 2383/2383/2383
f 2495/2495/2495 2934/2934/2934 2381/2381/2381
f 2381/2381/2381 2384/2384/2384 2495/2495/2495
f 2937/2937/2937 2496/2496/2496 2737/2737/2737
f 2497/2497/2497 2937/2937/2937 2400/2400/2400
f 2497/2497/2497 2496/2496/2496 2937/2937/2937
f 2404/2404/2404 2498/2498/2498 2499/2499/2499
f 2406/2406/2406 2499/2499/2499 2498/2498/2498
f 2406/2406/2406 2939/2939/2939 2499/2499/2499
f 2403/2403/2403 2939/2939/2939 2406/2406/2406
f 2739/2739/2739 2497/2497/2497 2950/2950/2950
f 2951/2951/2951 2496/2496/2496 2497/2497/2497
f 2673/2673/2673 2951/2951/2951 2916/2916/2916
f 2951/2951/2951 2673/2673/2673 2496/2496/2496
f 2951/2951/2951 2322/2322/2322 2916/2916/2916
f 2939/2939/2939 2501/2501/2501 2499/2499/2499
f 2497/2497/2497 2939/2939/2939 2951/2951/2951
f 2497/2497/2497 2501/2501/2501 2939/2939/2939
f 2314/2314/2314 2313/2313/2313 2500/2500/2500
f 2500/2500/2500 2917/2917/2917 2502/2502/2502
f 2313/2313/2313 2917/2917/2917 2500/2500/2500
f 2500/2500/2500 2744/2744/2744 2314/2314/2314
f 2314/2314/2314 2744/2744/2744 2657/2657/2657
f 2577/2577/2577 2571/2571/2571 2572/2572/2572
f 2649/2649/2649 2151/2151/2151 2644/2644/2644
f 2649/2649/2649 2251/2251/2251 2648/2648/2648
f 2663/2663/2663 2294/2294/2294 2662/2662/2662
f 2666/2666/2666 2920/2920/2920 2952/2952/2952
f 2666/2666/2666 2324/2324/2324 2920/2920/2920
f 2666/2666/2666 2918/2918/2918 2324/2324/2324
f 2919/2919/2919 2140/2140/2140 2662/2662/2662
f 2631/2631/2631 2662/2662/2662 2140/2140/2140
f 2953/2953/2953 2647/2647/2647 2644/2644/2644
f 2953/2953/2953 2644/2644/2644 2906/2906/2906
f 2663/2663/2663 2952/2952/2952 2294/2294/2294
f 2658/2658/2658 2322/2322/2322 2657/2657/2657
f 2657/2657/2657 2322/2322/2322 2314/2314/2314
f 2671/2671/2671 2676/2676/2676 2923/2923/2923
f 2676/2676/2676 2921/2921/2921 2922/2922/2922
f 2677/2677/2677 2345/2345/2345 2921/2921/2921
f 2324/2324/2324 2671/2671/2671 2923/2923/2923
f 2929/2929/2929 2502/2502/2502 2917/2917/2917
f 2929/2929/2929 2345/2345/2345 2678/2678/2678
f 2502/2502/2502 2929/2929/2929 2678/2678/2678
f 2688/2688/2688 2697/2697/2697 2954/2954/2954
f 2946/2946/2946 2437/2437/2437 2955/2955/2955
f 2956/2956/2956 2437/2437/2437 2680/2680/2680
f 2955/2955/2955 2437/2437/2437 2956/2956/2956
f 2437/2437/2437 2954/2954/2954 2697/2697/2697
f 2432/2432/2432 2709/2709/2709 2710/2710/2710
f 2432/2432/2432 2440/2440/2440 2709/2709/2709
f 2440/2440/2440 2443/2443/2443 2709/2709/2709
f 2709/2709/2709 2443/2443/2443 2710/2710/2710
f 2727/2727/2727 2443/2443/2443 2450/2450/2450
f 2947/2947/2947 2719/2719/2719 2727/2727/2727
f 2947/2947/2947 2450/2450/2450 2719/2719/2719
f 2445/2445/2445 2719/2719/2719 2450/2450/2450
f 2445/2445/2445 2723/2723/2723 2719/2719/2719
f 2445/2445/2445 2948/2948/2948 2723/2723/2723
f 2957/2957/2957 2948/2948/2948 2445/2445/2445
f 2721/2721/2721 2724/2724/2724 2451/2451/2451
f 2720/2720/2720 2460/2460/2460 2721/2721/2721
f 2452/2452/2452 2720/2720/2720 2721/2721/2721
f 2399/2399/2399 2721/2721/2721 2460/2460/2460
f 2737/2737/2737 2721/2721/2721 2399/2399/2399
f 2399/2399/2399 2958/2958/2958 2739/2739/2739
f 2737/2737/2737 2628/2628/2628 2721/2721/2721
f 2958/2958/2958 2404/2404/2404 2738/2738/2738
f 2404/2404/2404 2741/2741/2741 2738/2738/2738
